	// 1116.5.0
	 #pragma once
const uint32_t fh1_native_resolve_memory_color_ms_cs[] = {
	0x07230203,0x00010000,0x0008000b,0x00001648,0x00000000,0x00020011,0x00000001,0x0006000b,
	0x00000001,0x4c534c47,0x6474732e,0x3035342e,0x00000000,0x0003000e,0x00000000,0x00000001,
	0x0006000f,0x00000005,0x00000004,0x6e69616d,0x00000000,0x000005c2,0x00060010,0x00000004,
	0x00000011,0x00000008,0x00000008,0x00000001,0x00030003,0x00000005,0x000001f4,0x00040005,
	0x00000004,0x6e69616d,0x00000000,0x00070005,0x00000342,0x5f316866,0x72756f73,0x635f6563,
	0x726f6c6f,0x00000000,0x00050005,0x00000421,0x5f316866,0x6f6d656d,0x00007972,0x00050006,
	0x00000421,0x00000000,0x74616440,0x00000061,0x00050005,0x00000423,0x5f316866,0x6f6d656d,
	0x00007972,0x000a0005,0x0000042a,0x4e316846,0x76697461,0x73655265,0x65766c6f,0x6f6d654d,
	0x6f437972,0x6174736e,0x0073746e,0x00070006,0x0000042a,0x00000000,0x5f316866,0x74636572,
	0x69726f5f,0x006e6967,0x00070006,0x0000042a,0x00000001,0x5f316866,0x74636572,0x7a69735f,
	0x00000065,0x00080006,0x0000042a,0x00000002,0x5f316866,0x6f736572,0x5f65766c,0x6f79616c,
	0x00007475,0x00080006,0x0000042a,0x00000003,0x5f316866,0x656e776f,0x616c5f72,0x74756f79,
	0x00000000,0x00080006,0x0000042a,0x00000004,0x5f316866,0x706d6173,0x735f656c,0x63656c65,
	0x00000074,0x00070006,0x0000042a,0x00000005,0x5f316866,0x74736564,0x666e695f,0x0000006f,
	0x00070006,0x0000042a,0x00000006,0x5f316866,0x74736564,0x7361625f,0x00000065,0x00070006,
	0x0000042a,0x00000007,0x5f316866,0x74736564,0x7469705f,0x00006863,0x00030005,0x0000042c,
	0x00000000,0x00040005,0x000005c2,0x65726874,0x00006461,0x00040047,0x00000342,0x00000021,
	0x00000010,0x00040047,0x00000342,0x00000022,0x00000000,0x00040047,0x00000420,0x00000006,
	0x00000004,0x00030047,0x00000421,0x00000003,0x00050048,0x00000421,0x00000000,0x00000023,
	0x00000000,0x00040047,0x00000423,0x00000021,0x00000020,0x00040047,0x00000423,0x00000022,
	0x00000000,0x00030047,0x0000042a,0x00000002,0x00050048,0x0000042a,0x00000000,0x00000023,
	0x00000000,0x00050048,0x0000042a,0x00000001,0x00000023,0x00000004,0x00050048,0x0000042a,
	0x00000002,0x00000023,0x00000008,0x00050048,0x0000042a,0x00000003,0x00000023,0x0000000c,
	0x00050048,0x0000042a,0x00000004,0x00000023,0x00000010,0x00050048,0x0000042a,0x00000005,
	0x00000023,0x00000014,0x00050048,0x0000042a,0x00000006,0x00000023,0x00000018,0x00050048,
	0x0000042a,0x00000007,0x00000023,0x0000001c,0x00040047,0x000005c2,0x0000000b,0x0000001c,
	0x00020013,0x00000002,0x00030021,0x00000003,0x00000002,0x00040015,0x00000006,0x00000020,
	0x00000000,0x00040017,0x00000007,0x00000006,0x00000002,0x00040020,0x00000008,0x00000007,
	0x00000007,0x00040020,0x00000009,0x00000007,0x00000006,0x00030016,0x00000025,0x00000020,
	0x00040020,0x00000026,0x00000007,0x00000025,0x00040017,0x0000003b,0x00000025,0x00000004,
	0x00040020,0x0000003c,0x00000007,0x0000003b,0x00040015,0x0000005b,0x00000020,0x00000001,
	0x00040017,0x00000083,0x00000006,0x00000003,0x0004002b,0x00000025,0x0000008b,0x42000000,
	0x0004002b,0x00000006,0x0000008e,0x00000001,0x0004002b,0x00000006,0x00000090,0x00000000,
	0x0005002c,0x00000007,0x00000093,0x00000090,0x00000090,0x0004002b,0x00000006,0x0000009e,
	0x000007ff,0x0004002b,0x00000006,0x000000a3,0x0000000b,0x0004002b,0x00000006,0x000000a5,
	0x000000ff,0x0004002b,0x00000006,0x000000aa,0x00000013,0x0004002b,0x00000006,0x000000ac,
	0x00000003,0x0004002b,0x00000006,0x000000b1,0x00000015,0x0004002b,0x00000006,0x000000b7,
	0x00000016,0x0004002b,0x00000006,0x000000bd,0x00000017,0x0004002b,0x00000006,0x000000bf,
	0x0000000f,0x0004002b,0x00000006,0x000000c4,0x0000001b,0x0004002b,0x00000006,0x000000c6,
	0x00000007,0x0004002b,0x00000025,0x000000cc,0x00000000,0x0004002b,0x00000025,0x000000cd,
	0x41ff0000,0x0004002b,0x00000006,0x000000d2,0x3e800000,0x00020014,0x000000d3,0x0004002b,
	0x00000006,0x000000d5,0x00800000,0x0004002b,0x00000006,0x000000d7,0x007fffff,0x0004002b,
	0x00000006,0x000000da,0x0000007d,0x0004002b,0x00000006,0x000000de,0x00000018,0x0004002b,
	0x00000006,0x000000e2,0xc2000000,0x0004002b,0x00000006,0x000000e6,0x00007fff,0x0004002b,
	0x00000006,0x000000e9,0x00000010,0x0004002b,0x00000006,0x000000ee,0x000003ff,0x0004002b,
	0x00000006,0x000000f6,0x0000007f,0x0004002b,0x00000006,0x00000103,0x0000001f,0x0004002b,
	0x0000005b,0x00000108,0x00000001,0x0004002b,0x00000006,0x00000114,0x0000007c,0x0004002b,
	0x00000025,0x0000011f,0x3f800000,0x0004002b,0x00000025,0x00000122,0x3e002008,0x0004002b,
	0x00000025,0x00000127,0x3f002008,0x0004002b,0x00000025,0x0000012c,0x42ffc000,0x0004002b,
	0x00000025,0x0000012e,0x3f008081,0x0004002b,0x00000025,0x00000130,0x437fc000,0x0004002b,
	0x00000025,0x00000131,0x3e808081,0x0004002b,0x00000025,0x00000134,0x3d802008,0x0004002b,
	0x00000025,0x00000138,0x43ffc000,0x0004002b,0x00000025,0x00000139,0x3e008081,0x0004002b,
	0x00000025,0x0000013b,0x447fc000,0x0004002b,0x00000025,0x00000140,0x3b808081,0x0004002b,
	0x0000005b,0x00000149,0x00000010,0x0004002b,0x00000025,0x0000014c,0x38000100,0x0004002b,
	0x00000025,0x0000014e,0xbf800000,0x0004002b,0x00000025,0x00000158,0x3f000000,0x0004002b,
	0x00000025,0x00000164,0x437f0000,0x0004002b,0x00000006,0x0000016f,0x00000008,0x0004002b,
	0x00000006,0x00000173,0x00000002,0x0004002b,0x00000006,0x0000018c,0x0000000a,0x0004002b,
	0x00000006,0x00000194,0x00000014,0x0004002b,0x00000025,0x00000197,0x40400000,0x0004002b,
	0x00000006,0x0000019d,0x0000001e,0x00040017,0x000001e5,0x00000025,0x00000003,0x0004002b,
	0x00000025,0x000001e7,0x3a802008,0x0004002b,0x00000025,0x000001ec,0x3eaaaaab,0x00040017,
	0x00000212,0x00000025,0x00000002,0x0007002c,0x0000003b,0x0000021b,0x000000cc,0x000000cc,
	0x000000cc,0x000000cc,0x0004002b,0x00000006,0x00000277,0x00000004,0x0004002b,0x00000006,
	0x000002b5,0x00000050,0x0004002b,0x00000006,0x000002f2,0x00000028,0x00040017,0x00000316,
	0x0000005b,0x00000002,0x00090019,0x00000340,0x00000025,0x00000001,0x00000000,0x00000000,
	0x00000001,0x00000001,0x00000000,0x00040020,0x00000341,0x00000000,0x00000340,0x0004003b,
	0x00000341,0x00000342,0x00000000,0x0004002b,0x00000006,0x00000370,0xffffffe0,0x0004002b,
	0x0000005b,0x00000374,0x00000005,0x0004002b,0x0000005b,0x00000382,0x00000007,0x0004002b,
	0x0000005b,0x00000385,0x0000000e,0x0004002b,0x0000005b,0x00000387,0x00000002,0x0004002b,
	0x0000005b,0x0000038f,0xfffffff0,0x0004002b,0x0000005b,0x00000394,0x0000000f,0x0004002b,
	0x0000005b,0x00000399,0x00000004,0x0004002b,0x0000005b,0x0000039d,0xfffffe00,0x0004002b,
	0x0000005b,0x0000039f,0x00000003,0x0004002b,0x0000005b,0x000003a6,0x000001c0,0x0004002b,
	0x0000005b,0x000003ab,0x00000008,0x0004002b,0x0000005b,0x000003b2,0x00000006,0x0004002b,
	0x0000005b,0x000003b6,0x0000003f,0x0004002b,0x00000006,0x000003dc,0xfffffff0,0x0004002b,
	0x00000006,0x000003f7,0x00ff00ff,0x0004002b,0x00000006,0x000003fb,0xff00ff00,0x0003001d,
	0x00000420,0x00000006,0x0003001e,0x00000421,0x00000420,0x00040020,0x00000422,0x00000002,
	0x00000421,0x0004003b,0x00000422,0x00000423,0x00000002,0x0004002b,0x0000005b,0x00000424,
	0x00000000,0x00040020,0x00000427,0x00000002,0x00000006,0x000a001e,0x0000042a,0x00000006,
	0x00000006,0x00000006,0x00000006,0x00000006,0x00000006,0x00000006,0x00000006,0x00040020,
	0x0000042b,0x00000009,0x0000042a,0x0004003b,0x0000042b,0x0000042c,0x00000009,0x00040020,
	0x0000042d,0x00000009,0x00000006,0x0004002b,0x00000006,0x00000436,0x00000012,0x0004002b,
	0x00000006,0x00000474,0x0000ffff,0x00040017,0x0000047d,0x000000d3,0x00000002,0x0004002b,
	0x0000005b,0x0000053a,0x00000018,0x0004002b,0x0000005b,0x0000053c,0x0000007f,0x0004002b,
	0x00000006,0x00000546,0x00000006,0x00040020,0x000005c1,0x00000001,0x00000083,0x0004003b,
	0x000005c1,0x000005c2,0x00000001,0x00050036,0x00000002,0x00000004,0x00000000,0x00000003,
	0x000200f8,0x00000005,0x0004003b,0x0000003c,0x00000e08,0x00000007,0x0004003b,0x0000003c,
	0x00000e0e,0x00000007,0x0004003b,0x00000008,0x00000dc3,0x00000007,0x0004003b,0x0000003c,
	0x00000b44,0x00000007,0x0004003b,0x0000003c,0x00000b4a,0x00000007,0x0004003b,0x00000008,
	0x00000aff,0x00000007,0x0004003b,0x00000008,0x00000ae2,0x00000007,0x0004003b,0x0000003c,
	0x0000082c,0x00000007,0x0004003b,0x0000003c,0x00000832,0x00000007,0x0004003b,0x00000008,
	0x000007e7,0x00000007,0x0004003b,0x00000008,0x000005e3,0x00000007,0x0004003b,0x00000008,
	0x000005ed,0x00000007,0x0004003b,0x00000008,0x000005ee,0x00000007,0x0004003b,0x0000003c,
	0x00000601,0x00000007,0x0004003b,0x0000003c,0x00000609,0x00000007,0x0004003b,0x0000003c,
	0x00000610,0x00000007,0x0004003b,0x00000008,0x0000061c,0x00000007,0x0004003d,0x00000083,
	0x000005c3,0x000005c2,0x000300f7,0x00000726,0x00000000,0x000300fb,0x00000090,0x00000627,
	0x000200f8,0x00000627,0x00050041,0x0000042d,0x00000628,0x0000042c,0x00000108,0x0004003d,
	0x00000006,0x00000629,0x00000628,0x000500c7,0x00000006,0x0000062a,0x00000629,0x00000474,
	0x00050041,0x0000042d,0x0000062b,0x0000042c,0x00000108,0x0004003d,0x00000006,0x0000062c,
	0x0000062b,0x000500c2,0x00000006,0x0000062d,0x0000062c,0x000000e9,0x00050050,0x00000007,
	0x0000062e,0x0000062a,0x0000062d,0x0007004f,0x00000007,0x00000630,0x000005c3,0x000005c3,
	0x00000000,0x00000001,0x000500ae,0x0000047d,0x00000632,0x00000630,0x0000062e,0x0004009a,
	0x000000d3,0x00000633,0x00000632,0x000300f7,0x00000635,0x00000000,0x000400fa,0x00000633,
	0x00000634,0x00000635,0x000200f8,0x00000634,0x000200f9,0x00000726,0x000200f8,0x00000635,
	0x00050041,0x0000042d,0x00000636,0x0000042c,0x00000424,0x0004003d,0x00000006,0x00000637,
	0x00000636,0x000500c7,0x00000006,0x00000638,0x00000637,0x00000474,0x00050041,0x0000042d,
	0x00000639,0x0000042c,0x00000424,0x0004003d,0x00000006,0x0000063a,0x00000639,0x000500c2,
	0x00000006,0x0000063b,0x0000063a,0x000000e9,0x00050050,0x00000007,0x0000063c,0x00000638,
	0x0000063b,0x0007004f,0x00000007,0x0000063e,0x000005c3,0x000005c3,0x00000000,0x00000001,
	0x00050080,0x00000007,0x0000063f,0x0000063c,0x0000063e,0x0003003e,0x000005e3,0x0000063f,
	0x00050041,0x0000042d,0x00000641,0x0000042c,0x00000374,0x0004003d,0x00000006,0x00000642,
	0x00000641,0x000500c2,0x00000006,0x00000643,0x00000642,0x000000aa,0x000500c7,0x00000006,
	0x00000644,0x00000643,0x0000008e,0x000500ab,0x000000d3,0x00000645,0x00000644,0x00000090,
	0x000600a9,0x00000025,0x00000646,0x00000645,0x0000008b,0x0000011f,0x00050041,0x0000042d,
	0x00000647,0x0000042c,0x00000374,0x0004003d,0x00000006,0x00000648,0x00000647,0x000500c2,
	0x00000006,0x00000649,0x00000648,0x00000194,0x000500c7,0x00000006,0x0000064a,0x00000649,
	0x000000ac,0x00050080,0x00000006,0x0000064b,0x0000064a,0x0000008e,0x00050041,0x0000042d,
	0x0000064c,0x0000042c,0x00000374,0x0004003d,0x00000006,0x0000064d,0x0000064c,0x000500c2,
	0x00000006,0x0000064e,0x0000064d,0x000000b7,0x000500c7,0x00000006,0x0000064f,0x0000064e,
	0x0000008e,0x000500ab,0x000000d3,0x00000650,0x0000064f,0x00000090,0x000300f7,0x00000659,
	0x00000000,0x000400fa,0x00000650,0x00000652,0x00000654,0x000200f8,0x00000654,0x0004003d,
	0x00000007,0x00000655,0x000005e3,0x00050050,0x00000007,0x0000072b,0x0000064b,0x0000064b,
	0x00050089,0x00000007,0x0000072c,0x00000655,0x0000072b,0x00050050,0x00000007,0x0000072f,
	0x0000064b,0x0000064b,0x00050086,0x00000007,0x00000730,0x00000655,0x0000072f,0x0003003e,
	0x000005e3,0x00000730,0x000200f9,0x00000659,0x000200f8,0x00000652,0x000200f9,0x00000659,
	0x000200f8,0x00000659,0x000700f5,0x00000007,0x000014f8,0x00000093,0x00000652,0x0000072c,
	0x00000654,0x00050041,0x0000042d,0x0000065a,0x0000042c,0x00000374,0x0004003d,0x00000006,
	0x0000065b,0x0000065a,0x000500c7,0x00000006,0x0000065c,0x0000065b,0x000000c6,0x00050041,
	0x0000042d,0x0000065d,0x0000042c,0x00000374,0x0004003d,0x00000006,0x0000065e,0x0000065d,
	0x000500c2,0x00000006,0x0000065f,0x0000065e,0x000000ac,0x000500c7,0x00000006,0x00000660,
	0x0000065f,0x000000c6,0x00050041,0x0000042d,0x00000661,0x0000042c,0x00000374,0x0004003d,
	0x00000006,0x00000662,0x00000661,0x000500c2,0x00000006,0x00000663,0x00000662,0x000000e9,
	0x000500c7,0x00000006,0x00000664,0x00000663,0x000000ac,0x000500ac,0x000000d3,0x00000666,
	0x0000064b,0x0000008e,0x000400a8,0x000000d3,0x00000668,0x00000650,0x000500a7,0x000000d3,
	0x00000669,0x00000666,0x00000668,0x000300f7,0x00000688,0x00000002,0x000400fa,0x00000669,
	0x0000066a,0x00000679,0x000200f8,0x00000679,0x00050041,0x0000042d,0x0000067a,0x0000042c,
	0x000003b2,0x0004003d,0x00000006,0x0000067b,0x0000067a,0x00050041,0x00000009,0x0000067c,
	0x000005e3,0x00000090,0x0004003d,0x00000006,0x0000067d,0x0000067c,0x0004007c,0x0000005b,
	0x0000067e,0x0000067d,0x00050041,0x00000009,0x0000067f,0x000005e3,0x0000008e,0x0004003d,
	0x00000006,0x00000680,0x0000067f,0x0004007c,0x0000005b,0x00000681,0x00000680,0x00050041,
	0x0000042d,0x00000682,0x0000042c,0x00000382,0x0004003d,0x00000006,0x00000683,0x00000682,
	0x00050080,0x00000006,0x000007ac,0x00000683,0x00000103,0x000500c7,0x00000006,0x000007ad,
	0x000007ac,0x00000370,0x000500c3,0x0000005b,0x000007af,0x0000067e,0x00000374,0x000500c3,
	0x0000005b,0x000007b1,0x00000681,0x00000374,0x000500c2,0x00000006,0x000007b3,0x000007ad,
	0x00000374,0x0004007c,0x0000005b,0x000007b4,0x000007b3,0x00050084,0x0000005b,0x000007b5,
	0x000007b1,0x000007b4,0x00050080,0x0000005b,0x000007b6,0x000007af,0x000007b5,0x00050080,
	0x00000006,0x000007b8,0x00000664,0x000000c6,0x000500c4,0x0000005b,0x000007b9,0x000007b6,
	0x000007b8,0x000500c7,0x0000005b,0x000007bb,0x0000067e,0x00000382,0x000500c7,0x0000005b,
	0x000007bd,0x00000681,0x00000385,0x000500c4,0x0000005b,0x000007be,0x000007bd,0x00000387,
	0x00050080,0x0000005b,0x000007bf,0x000007bb,0x000007be,0x000500c4,0x0000005b,0x000007c1,
	0x000007bf,0x00000664,0x000500c7,0x0000005b,0x000007c4,0x000007c1,0x0000038f,0x000500c4,
	0x0000005b,0x000007c5,0x000007c4,0x00000108,0x00050080,0x0000005b,0x000007c6,0x000007b9,
	0x000007c5,0x000500c7,0x0000005b,0x000007c8,0x000007c1,0x00000394,0x00050080,0x0000005b,
	0x000007c9,0x000007c6,0x000007c8,0x000500c7,0x0000005b,0x000007cb,0x00000681,0x00000108,
	0x000500c4,0x0000005b,0x000007cc,0x000007cb,0x00000399,0x00050080,0x0000005b,0x000007cd,
	0x000007c9,0x000007cc,0x000500c7,0x0000005b,0x000007cf,0x000007cd,0x0000039d,0x000500c4,
	0x0000005b,0x000007d0,0x000007cf,0x0000039f,0x000500c7,0x0000005b,0x000007d2,0x00000681,
	0x00000149,0x000500c4,0x0000005b,0x000007d3,0x000007d2,0x00000382,0x00050080,0x0000005b,
	0x000007d4,0x000007d0,0x000007d3,0x000500c7,0x0000005b,0x000007d6,0x000007cd,0x000003a6,
	0x000500c4,0x0000005b,0x000007d7,0x000007d6,0x00000387,0x00050080,0x0000005b,0x000007d8,
	0x000007d4,0x000007d7,0x000500c7,0x0000005b,0x000007da,0x00000681,0x000003ab,0x000500c3,
	0x0000005b,0x000007db,0x000007da,0x00000387,0x000500c3,0x0000005b,0x000007dd,0x0000067e,
	0x0000039f,0x00050080,0x0000005b,0x000007de,0x000007db,0x000007dd,0x000500c7,0x0000005b,
	0x000007df,0x000007de,0x0000039f,0x000500c4,0x0000005b,0x000007e0,0x000007df,0x000003b2,
	0x00050080,0x0000005b,0x000007e1,0x000007d8,0x000007e0,0x000500c7,0x0000005b,0x000007e3,
	0x000007cd,0x000003b6,0x00050080,0x0000005b,0x000007e4,0x000007e1,0x000007e3,0x0004007c,
	0x00000006,0x00000686,0x000007e4,0x00050080,0x00000006,0x00000687,0x0000067b,0x00000686,
	0x000200f9,0x00000688,0x000200f8,0x0000066a,0x00050041,0x0000042d,0x0000066b,0x0000042c,
	0x000003b2,0x0004003d,0x00000006,0x0000066c,0x0000066b,0x00050084,0x00000006,0x0000066e,
	0x0000066c,0x0000064b,0x00050084,0x00000006,0x00000670,0x0000066e,0x0000064b,0x0004003d,
	0x00000007,0x00000671,0x000005e3,0x0003003e,0x000005ed,0x00000671,0x0003003e,0x000005ee,
	0x000014f8,0x00050041,0x0000042d,0x00000673,0x0000042c,0x00000382,0x0004003d,0x00000006,
	0x00000674,0x00000673,0x00050041,0x00000009,0x0000073b,0x000005ed,0x00000090,0x0004003d,
	0x00000006,0x0000073c,0x0000073b,0x0004007c,0x0000005b,0x0000073d,0x0000073c,0x00050041,
	0x00000009,0x0000073e,0x000005ed,0x0000008e,0x0004003d,0x00000006,0x0000073f,0x0000073e,
	0x0004007c,0x0000005b,0x00000740,0x0000073f,0x00050080,0x00000006,0x0000076d,0x00000674,
	0x00000103,0x000500c7,0x00000006,0x0000076e,0x0000076d,0x00000370,0x000500c3,0x0000005b,
	0x00000770,0x0000073d,0x00000374,0x000500c3,0x0000005b,0x00000772,0x00000740,0x00000374,
	0x000500c2,0x00000006,0x00000774,0x0000076e,0x00000374,0x0004007c,0x0000005b,0x00000775,
	0x00000774,0x00050084,0x0000005b,0x00000776,0x00000772,0x00000775,0x00050080,0x0000005b,
	0x00000777,0x00000770,0x00000776,0x00050080,0x00000006,0x00000779,0x00000664,0x000000c6,
	0x000500c4,0x0000005b,0x0000077a,0x00000777,0x00000779,0x000500c7,0x0000005b,0x0000077c,
	0x0000073d,0x00000382,0x000500c7,0x0000005b,0x0000077e,0x00000740,0x00000385,0x000500c4,
	0x0000005b,0x0000077f,0x0000077e,0x00000387,0x00050080,0x0000005b,0x00000780,0x0000077c,
	0x0000077f,0x000500c4,0x0000005b,0x00000782,0x00000780,0x00000664,0x000500c7,0x0000005b,
	0x00000785,0x00000782,0x0000038f,0x000500c4,0x0000005b,0x00000786,0x00000785,0x00000108,
	0x00050080,0x0000005b,0x00000787,0x0000077a,0x00000786,0x000500c7,0x0000005b,0x00000789,
	0x00000782,0x00000394,0x00050080,0x0000005b,0x0000078a,0x00000787,0x00000789,0x000500c7,
	0x0000005b,0x0000078c,0x00000740,0x00000108,0x000500c4,0x0000005b,0x0000078d,0x0000078c,
	0x00000399,0x00050080,0x0000005b,0x0000078e,0x0000078a,0x0000078d,0x000500c7,0x0000005b,
	0x00000790,0x0000078e,0x0000039d,0x000500c4,0x0000005b,0x00000791,0x00000790,0x0000039f,
	0x000500c7,0x0000005b,0x00000793,0x00000740,0x00000149,0x000500c4,0x0000005b,0x00000794,
	0x00000793,0x00000382,0x00050080,0x0000005b,0x00000795,0x00000791,0x00000794,0x000500c7,
	0x0000005b,0x00000797,0x0000078e,0x000003a6,0x000500c4,0x0000005b,0x00000798,0x00000797,
	0x00000387,0x00050080,0x0000005b,0x00000799,0x00000795,0x00000798,0x000500c7,0x0000005b,
	0x0000079b,0x00000740,0x000003ab,0x000500c3,0x0000005b,0x0000079c,0x0000079b,0x00000387,
	0x000500c3,0x0000005b,0x0000079e,0x0000073d,0x0000039f,0x00050080,0x0000005b,0x0000079f,
	0x0000079c,0x0000079e,0x000500c7,0x0000005b,0x000007a0,0x0000079f,0x0000039f,0x000500c4,
	0x0000005b,0x000007a1,0x000007a0,0x000003b2,0x00050080,0x0000005b,0x000007a2,0x00000799,
	0x000007a1,0x000500c7,0x0000005b,0x000007a4,0x0000078e,0x000003b6,0x00050080,0x0000005b,
	0x000007a5,0x000007a2,0x000007a4,0x0004007c,0x00000006,0x00000744,0x000007a5,0x000500c2,
	0x00000006,0x00000746,0x000000e9,0x00000664,0x000500c7,0x00000006,0x00000748,0x00000744,
	0x000000bf,0x000500c2,0x00000006,0x0000074a,0x00000748,0x00000664,0x00050084,0x00000006,
	0x0000074c,0x0000074a,0x0000064b,0x00050041,0x00000009,0x0000074d,0x000005ee,0x00000090,
	0x0004003d,0x00000006,0x0000074e,0x0000074d,0x00050080,0x00000006,0x0000074f,0x0000074c,
	0x0000074e,0x00050086,0x00000006,0x00000752,0x0000074f,0x00000746,0x000500c7,0x00000006,
	0x00000754,0x00000744,0x000003dc,0x00050084,0x00000006,0x00000756,0x00000754,0x0000064b,
	0x00050084,0x00000006,0x00000758,0x00000756,0x0000064b,0x00050084,0x00000006,0x0000075b,
	0x00000752,0x0000064b,0x00050041,0x00000009,0x0000075c,0x000005ee,0x0000008e,0x0004003d,
	0x00000006,0x0000075d,0x0000075c,0x00050080,0x00000006,0x0000075e,0x0000075b,0x0000075d,
	0x000500c4,0x00000006,0x0000075f,0x0000075e,0x00000277,0x00050080,0x00000006,0x00000760,
	0x00000758,0x0000075f,0x00050089,0x00000006,0x00000763,0x0000074f,0x00000746,0x000500c4,
	0x00000006,0x00000765,0x00000763,0x00000664,0x00050080,0x00000006,0x00000766,0x00000760,
	0x00000765,0x00050080,0x00000006,0x00000678,0x00000670,0x00000766,0x000200f9,0x00000688,
	0x000200f8,0x00000688,0x000700f5,0x00000006,0x000014ff,0x00000678,0x0000066a,0x00000687,
	0x00000679,0x00050041,0x0000042d,0x00000689,0x0000042c,0x00000399,0x0004003d,0x00000006,
	0x0000068a,0x00000689,0x000500c2,0x00000006,0x0000068b,0x0000068a,0x000000e9,0x00050041,
	0x0000042d,0x0000068c,0x0000042c,0x00000399,0x0004003d,0x00000006,0x0000068d,0x0000068c,
	0x000500c7,0x00000006,0x0000068e,0x0000068d,0x00000474,0x000300f7,0x00000695,0x00000000,
	0x000900fb,0x0000068e,0x00000690,0x00000004,0x00000692,0x00000005,0x00000693,0x00000006,
	0x00000694,0x000200f8,0x00000694,0x000200f9,0x00000695,0x000200f8,0x00000693,0x000200f9,
	0x00000695,0x000200f8,0x00000692,0x000200f9,0x00000695,0x000200f8,0x00000690,0x000200f9,
	0x00000695,0x000200f8,0x00000695,0x000b00f5,0x00000006,0x0000152f,0x0000068e,0x00000690,
	0x00000090,0x00000692,0x00000173,0x00000693,0x00000090,0x00000694,0x000b00f5,0x00000006,
	0x000014fb,0x0000008e,0x00000690,0x00000173,0x00000692,0x00000173,0x00000693,0x00000277,
	0x00000694,0x000500aa,0x000000d3,0x00000697,0x0000065c,0x00000277,0x000300f7,0x000006a1,
	0x00000000,0x000400fa,0x00000697,0x00000698,0x000006a1,0x000200f8,0x00000698,0x0004003d,
	0x00000007,0x00000699,0x000005e3,0x00050041,0x0000042d,0x000007ee,0x0000042c,0x00000374,
	0x0004003d,0x00000006,0x000007ef,0x000007ee,0x000500c2,0x00000006,0x000007f0,0x000007ef,
	0x000000c6,0x000500c7,0x00000006,0x000007f1,0x000007f0,0x0000008e,0x000500ab,0x000000d3,
	0x000007f2,0x000007f1,0x00000090,0x000600a9,0x00000006,0x000007f3,0x000007f2,0x0000008e,
	0x00000090,0x00050041,0x0000042d,0x000007f4,0x0000042c,0x00000374,0x0004003d,0x00000006,
	0x000007f5,0x000007f4,0x000500c2,0x00000006,0x000007f6,0x000007f5,0x00000436,0x000500c7,
	0x00000006,0x000007f7,0x000007f6,0x0000008e,0x000500ab,0x000000d3,0x000007f8,0x000007f7,
	0x00000090,0x000600a9,0x00000006,0x000007f9,0x000007f8,0x00000173,0x00000090,0x000500c5,
	0x00000006,0x000007fa,0x000007f3,0x000007f9,0x00050041,0x0000042d,0x000007fb,0x0000042c,
	0x00000387,0x0004003d,0x00000006,0x000007fc,0x000007fb,0x0003003e,0x000007e7,0x00000699,
	0x00050041,0x0000042d,0x00000800,0x0000042c,0x0000039f,0x0004003d,0x00000006,0x00000801,
	0x00000800,0x000500c2,0x00000006,0x000008ec,0x000007fc,0x000000aa,0x000500c7,0x00000006,
	0x000008ed,0x000008ec,0x000000ac,0x000500ae,0x000000d3,0x00000839,0x000008ed,0x00000173,
	0x000600a9,0x00000006,0x0000083a,0x00000839,0x0000008e,0x00000090,0x000500ae,0x000000d3,
	0x0000083c,0x000008ed,0x0000008e,0x000600a9,0x00000006,0x0000083d,0x0000083c,0x0000008e,
	0x00000090,0x00050041,0x00000009,0x0000083e,0x000007e7,0x00000090,0x0004003d,0x00000006,
	0x0000083f,0x0000083e,0x000500c4,0x00000006,0x00000841,0x0000083f,0x0000083a,0x000500ae,
	0x000000d3,0x00000843,0x000008ed,0x00000173,0x000500c7,0x00000006,0x00000845,0x0000152f,
	0x0000008e,0x000600a9,0x00000006,0x00000846,0x00000843,0x00000845,0x00000090,0x00050080,
	0x00000006,0x00000847,0x00000841,0x00000846,0x00050041,0x00000009,0x00000848,0x000007e7,
	0x0000008e,0x0004003d,0x00000006,0x00000849,0x00000848,0x000500c4,0x00000006,0x0000084b,
	0x00000849,0x0000083d,0x000500ae,0x000000d3,0x0000084d,0x000008ed,0x00000173,0x000500c2,
	0x00000006,0x0000084f,0x0000152f,0x0000008e,0x000500aa,0x000000d3,0x00000851,0x000008ed,
	0x0000008e,0x000600a9,0x00000006,0x00000853,0x00000851,0x0000152f,0x00000090,0x000600a9,
	0x00000006,0x00000854,0x0000084d,0x0000084f,0x00000853,0x00050080,0x00000006,0x00000855,
	0x0000084b,0x00000854,0x000500c2,0x00000006,0x000008f1,0x000007fc,0x000000b1,0x000500c7,
	0x00000006,0x000008f2,0x000008f1,0x0000008e,0x000500ab,0x000000d3,0x00000858,0x000008f2,
	0x00000090,0x00050084,0x00000006,0x0000085a,0x00000847,0x00000173,0x000600a9,0x00000006,
	0x0000085e,0x00000858,0x0000085a,0x00000847,0x00050086,0x00000006,0x00000860,0x0000085e,
	0x000002b5,0x00050089,0x00000006,0x00000862,0x0000085e,0x000002b5,0x000500c2,0x00000006,
	0x00000864,0x00000855,0x00000277,0x000500c7,0x00000006,0x00000866,0x00000855,0x000000bf,
	0x000500c7,0x00000006,0x000008f6,0x000007fc,0x0000009e,0x000500c2,0x00000006,0x000008fa,
	0x000007fc,0x000000a3,0x000500c7,0x00000006,0x000008fb,0x000008fa,0x000000a5,0x000500c2,
	0x00000006,0x000008ff,0x000007fc,0x000000b1,0x000500c7,0x00000006,0x00000900,0x000008ff,
	0x0000008e,0x000500c4,0x00000006,0x0000086e,0x000008fb,0x00000900,0x00050084,0x00000006,
	0x0000086f,0x00000864,0x0000086e,0x00050080,0x00000006,0x00000870,0x000008f6,0x0000086f,
	0x00050080,0x00000006,0x00000872,0x00000870,0x00000860,0x000500c7,0x00000006,0x00000873,
	0x00000872,0x0000009e,0x000500c7,0x00000006,0x00000904,0x00000801,0x0000009e,0x00050082,
	0x00000006,0x00000877,0x00000873,0x00000904,0x000500c7,0x00000006,0x00000878,0x00000877,
	0x0000009e,0x000500c2,0x00000006,0x00000908,0x00000801,0x000000a3,0x000500c7,0x00000006,
	0x00000909,0x00000908,0x000000a5,0x000500c2,0x00000006,0x0000090d,0x00000801,0x000000b1,
	0x000500c7,0x00000006,0x0000090e,0x0000090d,0x0000008e,0x000500c4,0x00000006,0x0000087d,
	0x00000909,0x0000090e,0x00050089,0x00000006,0x00000880,0x00000878,0x0000087d,0x00050086,
	0x00000006,0x00000883,0x00000878,0x0000087d,0x000500c2,0x00000006,0x00000912,0x00000801,
	0x000000b7,0x000500c7,0x00000006,0x00000913,0x00000912,0x0000008e,0x000500c2,0x00000006,
	0x00000917,0x000007fc,0x000000b7,0x000500c7,0x00000006,0x00000918,0x00000917,0x0000008e,
	0x000500ab,0x000000d3,0x00000888,0x00000913,0x00000918,0x000300f7,0x0000088d,0x00000000,
	0x000400fa,0x00000888,0x00000889,0x0000088d,0x000200f8,0x00000889,0x00050080,0x00000006,
	0x0000088b,0x00000862,0x000002f2,0x00050089,0x00000006,0x0000088c,0x0000088b,0x000002b5,
	0x000200f9,0x0000088d,0x000200f8,0x0000088d,0x000700f5,0x00000006,0x00001624,0x00000862,
	0x00000698,0x0000088c,0x00000889,0x000500c2,0x00000006,0x0000091c,0x00000801,0x000000aa,
	0x000500c7,0x00000006,0x0000091d,0x0000091c,0x000000ac,0x00050084,0x00000006,0x00000891,
	0x00000880,0x000002b5,0x00050080,0x00000006,0x00000893,0x00000891,0x00001624,0x000500c2,
	0x00000006,0x00000921,0x00000801,0x000000b1,0x000500c7,0x00000006,0x00000922,0x00000921,
	0x0000008e,0x000500ab,0x000000d3,0x00000896,0x00000922,0x00000090,0x000300f7,0x0000089c,
	0x00000000,0x000400fa,0x00000896,0x00000897,0x0000089c,0x000200f8,0x00000897,0x000500c2,
	0x00000006,0x0000089b,0x00000893,0x0000008e,0x000200f9,0x0000089c,0x000200f8,0x0000089c,
	0x000700f5,0x00000006,0x00001625,0x00000893,0x0000088d,0x0000089b,0x00000897,0x00050084,
	0x00000006,0x0000089e,0x00000883,0x000000e9,0x00050080,0x00000006,0x000008a0,0x0000089e,
	0x00000866,0x000500ae,0x000000d3,0x000008a2,0x0000091d,0x00000173,0x000600a9,0x00000006,
	0x000008a3,0x000008a2,0x0000008e,0x00000090,0x000500ae,0x000000d3,0x000008a5,0x0000091d,
	0x0000008e,0x000600a9,0x00000006,0x000008a6,0x000008a5,0x0000008e,0x00000090,0x000500c2,
	0x00000006,0x000008a9,0x00001625,0x000008a3,0x0004007c,0x0000005b,0x000008aa,0x000008a9,
	0x000500c2,0x00000006,0x000008ad,0x000008a0,0x000008a6,0x00050080,0x00000006,0x000008af,
	0x000008ad,0x0000068b,0x0004007c,0x0000005b,0x000008b0,0x000008af,0x00050050,0x00000316,
	0x000008b1,0x000008aa,0x000008b0,0x0004007c,0x0000005b,0x000008b3,0x0000064b,0x00050050,
	0x00000316,0x000008b4,0x000008b3,0x000008b3,0x00050084,0x00000316,0x000008b5,0x000008b1,
	0x000008b4,0x0004007c,0x00000316,0x000008b7,0x000014f8,0x00050080,0x00000316,0x000008b8,
	0x000008b5,0x000008b7,0x000500c7,0x00000006,0x000008bb,0x00001625,0x000008a3,0x000500c7,
	0x00000006,0x000008be,0x000008a0,0x000008a6,0x000500c4,0x00000006,0x000008c0,0x000008be,
	0x000008a3,0x000500c5,0x00000006,0x000008c1,0x000008bb,0x000008c0,0x000500c2,0x00000006,
	0x00000926,0x00000801,0x000000c4,0x000500c7,0x00000006,0x00000927,0x00000926,0x000000c6,
	0x000500aa,0x000000d3,0x0000092d,0x00000927,0x000000ac,0x000300f7,0x0000094f,0x00000000,
	0x000400fa,0x0000092d,0x0000092e,0x0000092f,0x000200f8,0x0000092f,0x000500aa,0x000000d3,
	0x00000931,0x0000091d,0x0000008e,0x000500aa,0x000000d3,0x00000933,0x00000927,0x0000008e,
	0x000500a7,0x000000d3,0x00000934,0x00000931,0x00000933,0x000300f7,0x0000094e,0x00000000,
	0x000400fa,0x00000934,0x00000935,0x00000938,0x000200f8,0x00000938,0x000500aa,0x000000d3,
	0x0000093a,0x0000091d,0x0000008e,0x000500aa,0x000000d3,0x0000093c,0x00000927,0x00000173,
	0x000500a7,0x000000d3,0x0000093d,0x0000093a,0x0000093c,0x000300f7,0x0000094d,0x00000000,
	0x000400fa,0x0000093d,0x0000093e,0x00000942,0x000200f8,0x00000942,0x000500aa,0x000000d3,
	0x00000944,0x0000091d,0x00000173,0x000500aa,0x000000d3,0x00000946,0x00000927,0x00000277,
	0x000500a7,0x000000d3,0x00000947,0x00000944,0x00000946,0x000300f7,0x0000094c,0x00000000,
	0x000400fa,0x00000947,0x00000948,0x0000094c,0x000200f8,0x00000948,0x000500c2,0x00000006,
	0x0000094a,0x000008c1,0x0000008e,0x000500c6,0x00000006,0x0000094b,0x0000094a,0x0000008e,
	0x000200f9,0x0000094c,0x000200f8,0x0000094c,0x000700f5,0x00000006,0x0000162f,0x000008c1,
	0x00000942,0x0000094b,0x00000948,0x000200f9,0x0000094d,0x000200f8,0x0000093e,0x000500ab,
	0x000000d3,0x00000940,0x000008c1,0x00000090,0x000600a9,0x00000006,0x00000941,0x00000940,
	0x000000ac,0x00000090,0x000200f9,0x0000094d,0x000200f8,0x0000094d,0x000700f5,0x00000006,
	0x0000162e,0x00000941,0x0000093e,0x0000162f,0x0000094c,0x000200f9,0x0000094e,0x000200f8,
	0x00000935,0x000500c6,0x00000006,0x00000937,0x000008c1,0x0000008e,0x000200f9,0x0000094e,
	0x000200f8,0x0000094e,0x000700f5,0x00000006,0x0000162d,0x00000937,0x00000935,0x0000162e,
	0x0000094d,0x000200f9,0x0000094f,0x000200f8,0x0000092e,0x000200f9,0x0000094f,0x000200f8,
	0x0000094f,0x000700f5,0x00000006,0x0000162c,0x00000090,0x0000092e,0x0000162d,0x0000094e,
	0x0004003d,0x00000340,0x000008c7,0x00000342,0x0004007c,0x0000005b,0x000008ca,0x0000162c,
	0x0007005f,0x0000003b,0x000008cb,0x000008c7,0x000008b8,0x00000040,0x000008ca,0x0003003e,
	0x0000082c,0x000008cb,0x000500c2,0x00000006,0x00000954,0x00000801,0x000000bd,0x000500c7,
	0x00000006,0x00000955,0x00000954,0x000000bf,0x000500aa,0x000000d3,0x000008cf,0x00000955,
	0x0000008e,0x000500c7,0x00000006,0x000008d1,0x000007fa,0x00000173,0x000500ab,0x000000d3,
	0x000008d2,0x000008d1,0x00000090,0x000500a7,0x000000d3,0x000008d3,0x000008cf,0x000008d2,
	0x000300f7,0x000008e5,0x00000000,0x000400fa,0x000008d3,0x000008d4,0x000008e5,0x000200f8,
	0x000008d4,0x00050041,0x00000026,0x000008d5,0x0000082c,0x00000090,0x0004003d,0x00000025,
	0x000008d6,0x000008d5,0x0008000c,0x00000025,0x0000095b,0x00000001,0x0000002b,0x000008d6,
	0x000000cc,0x0000011f,0x000500be,0x000000d3,0x0000095d,0x0000095b,0x00000122,0x000300f7,
	0x0000096a,0x00000000,0x000400fa,0x0000095d,0x0000095e,0x00000964,0x000200f8,0x00000964,
	0x000500be,0x000000d3,0x00000966,0x0000095b,0x00000134,0x000300f7,0x00000969,0x00000000,
	0x000400fa,0x00000966,0x00000967,0x00000968,0x000200f8,0x00000968,0x000200f9,0x00000969,
	0x000200f8,0x00000967,0x000200f9,0x00000969,0x000200f8,0x00000969,0x000700f5,0x00000025,
	0x00001635,0x00000139,0x00000967,0x000000cc,0x00000968,0x000700f5,0x00000025,0x00001632,
	0x00000138,0x00000967,0x0000013b,0x00000968,0x000200f9,0x0000096a,0x000200f8,0x0000095e,
	0x000500be,0x000000d3,0x00000960,0x0000095b,0x00000127,0x000300f7,0x00000963,0x00000000,
	0x000400fa,0x00000960,0x00000961,0x00000962,0x000200f8,0x00000962,0x000200f9,0x00000963,
	0x000200f8,0x00000961,0x000200f9,0x00000963,0x000200f8,0x00000963,0x000700f5,0x00000025,
	0x00001634,0x0000012e,0x00000961,0x00000131,0x00000962,0x000700f5,0x00000025,0x00001631,
	0x0000012c,0x00000961,0x00000130,0x00000962,0x000200f9,0x0000096a,0x000200f8,0x0000096a,
	0x000700f5,0x00000025,0x00001633,0x00001634,0x00000963,0x00001635,0x00000969,0x000700f5,
	0x00000025,0x00001630,0x00001631,0x00000963,0x00001632,0x00000969,0x00050085,0x00000025,
	0x0000096d,0x0000095b,0x00001630,0x0006000c,0x00000025,0x0000096e,0x00000001,0x00000003,
	0x0000096d,0x00050085,0x00000025,0x0000096f,0x0000096e,0x00000140,0x00050081,0x00000025,
	0x00000971,0x0000096f,0x00001633,0x00050041,0x00000026,0x000008d8,0x0000082c,0x0000008e,
	0x0004003d,0x00000025,0x000008d9,0x000008d8,0x0008000c,0x00000025,0x00000977,0x00000001,
	0x0000002b,0x000008d9,0x000000cc,0x0000011f,0x000500be,0x000000d3,0x00000979,0x00000977,
	0x00000122,0x000300f7,0x00000986,0x00000000,0x000400fa,0x00000979,0x0000097a,0x00000980,
	0x000200f8,0x00000980,0x000500be,0x000000d3,0x00000982,0x00000977,0x00000134,0x000300f7,
	0x00000985,0x00000000,0x000400fa,0x00000982,0x00000983,0x00000984,0x000200f8,0x00000984,
	0x000200f9,0x00000985,0x000200f8,0x00000983,0x000200f9,0x00000985,0x000200f8,0x00000985,
	0x000700f5,0x00000025,0x0000163b,0x00000139,0x00000983,0x000000cc,0x00000984,0x000700f5,
	0x00000025,0x00001638,0x00000138,0x00000983,0x0000013b,0x00000984,0x000200f9,0x00000986,
	0x000200f8,0x0000097a,0x000500be,0x000000d3,0x0000097c,0x00000977,0x00000127,0x000300f7,
	0x0000097f,0x00000000,0x000400fa,0x0000097c,0x0000097d,0x0000097e,0x000200f8,0x0000097e,
	0x000200f9,0x0000097f,0x000200f8,0x0000097d,0x000200f9,0x0000097f,0x000200f8,0x0000097f,
	0x000700f5,0x00000025,0x0000163a,0x0000012e,0x0000097d,0x00000131,0x0000097e,0x000700f5,
	0x00000025,0x00001637,0x0000012c,0x0000097d,0x00000130,0x0000097e,0x000200f9,0x00000986,
	0x000200f8,0x00000986,0x000700f5,0x00000025,0x00001639,0x0000163a,0x0000097f,0x0000163b,
	0x00000985,0x000700f5,0x00000025,0x00001636,0x00001637,0x0000097f,0x00001638,0x00000985,
	0x00050085,0x00000025,0x00000989,0x00000977,0x00001636,0x0006000c,0x00000025,0x0000098a,
	0x00000001,0x00000003,0x00000989,0x00050085,0x00000025,0x0000098b,0x0000098a,0x00000140,
	0x00050081,0x00000025,0x0000098d,0x0000098b,0x00001639,0x00050041,0x00000026,0x000008db,
	0x0000082c,0x00000173,0x0004003d,0x00000025,0x000008dc,0x000008db,0x0008000c,0x00000025,
	0x00000993,0x00000001,0x0000002b,0x000008dc,0x000000cc,0x0000011f,0x000500be,0x000000d3,
	0x00000995,0x00000993,0x00000122,0x000300f7,0x000009a2,0x00000000,0x000400fa,0x00000995,
	0x00000996,0x0000099c,0x000200f8,0x0000099c,0x000500be,0x000000d3,0x0000099e,0x00000993,
	0x00000134,0x000300f7,0x000009a1,0x00000000,0x000400fa,0x0000099e,0x0000099f,0x000009a0,
	0x000200f8,0x000009a0,0x000200f9,0x000009a1,0x000200f8,0x0000099f,0x000200f9,0x000009a1,
	0x000200f8,0x000009a1,0x000700f5,0x00000025,0x00001641,0x00000139,0x0000099f,0x000000cc,
	0x000009a0,0x000700f5,0x00000025,0x0000163e,0x00000138,0x0000099f,0x0000013b,0x000009a0,
	0x000200f9,0x000009a2,0x000200f8,0x00000996,0x000500be,0x000000d3,0x00000998,0x00000993,
	0x00000127,0x000300f7,0x0000099b,0x00000000,0x000400fa,0x00000998,0x00000999,0x0000099a,
	0x000200f8,0x0000099a,0x000200f9,0x0000099b,0x000200f8,0x00000999,0x000200f9,0x0000099b,
	0x000200f8,0x0000099b,0x000700f5,0x00000025,0x00001640,0x0000012e,0x00000999,0x00000131,
	0x0000099a,0x000700f5,0x00000025,0x0000163d,0x0000012c,0x00000999,0x00000130,0x0000099a,
	0x000200f9,0x000009a2,0x000200f8,0x000009a2,0x000700f5,0x00000025,0x0000163f,0x00001640,
	0x0000099b,0x00001641,0x000009a1,0x000700f5,0x00000025,0x0000163c,0x0000163d,0x0000099b,
	0x0000163e,0x000009a1,0x00050085,0x00000025,0x000009a5,0x00000993,0x0000163c,0x0006000c,
	0x00000025,0x000009a6,0x00000001,0x00000003,0x000009a5,0x00050085,0x00000025,0x000009a7,
	0x000009a6,0x00000140,0x00050081,0x00000025,0x000009a9,0x000009a7,0x0000163f,0x00050041,
	0x00000026,0x000008df,0x0000082c,0x00000090,0x0003003e,0x000008df,0x00000971,0x00050041,
	0x00000026,0x000008e1,0x0000082c,0x0000008e,0x0003003e,0x000008e1,0x0000098d,0x00050041,
	0x00000026,0x000008e3,0x0000082c,0x00000173,0x0003003e,0x000008e3,0x000009a9,0x000200f9,
	0x000008e5,0x000200f8,0x000008e5,0x0004003d,0x0000003b,0x000008e6,0x0000082c,0x0003003e,
	0x00000832,0x000008e6,0x000200f9,0x000009c3,0x000200f8,0x000009c3,0x000300f7,0x00000a03,
	0x00000000,0x001100fb,0x00000955,0x000009c5,0x00000000,0x000009c6,0x00000001,0x000009c6,
	0x00000002,0x000009d9,0x0000000a,0x000009d9,0x00000003,0x000009ec,0x0000000c,0x000009ec,
	0x0000000e,0x000009ff,0x000200f8,0x000009ff,0x00050041,0x00000026,0x00000a00,0x00000832,
	0x00000090,0x0004003d,0x00000025,0x00000a01,0x00000a00,0x0004007c,0x00000006,0x00000a02,
	0x00000a01,0x000200f9,0x00000a03,0x000200f8,0x000009ec,0x00050041,0x00000026,0x000009ed,
	0x00000832,0x00000090,0x0004003d,0x00000025,0x000009ee,0x000009ed,0x0008000c,0x00000025,
	0x00000a4d,0x00000001,0x0000002b,0x000009ee,0x000000cc,0x000000cd,0x0004007c,0x00000006,
	0x00000a4e,0x00000a4d,0x000500b0,0x000000d3,0x00000a50,0x00000a4e,0x000000d2,0x000500c7,
	0x00000006,0x00000a52,0x00000a4e,0x000000d7,0x000500c5,0x00000006,0x00000a53,0x000000d5,
	0x00000a52,0x000500c2,0x00000006,0x00000a55,0x00000a4e,0x000000bd,0x00050082,0x00000006,
	0x00000a56,0x000000da,0x00000a55,0x0007000c,0x00000006,0x00000a57,0x00000001,0x00000026,
	0x00000a56,0x000000de,0x000500c2,0x00000006,0x00000a58,0x00000a53,0x00000a57,0x00050080,
	0x00000006,0x00000a5a,0x00000a4e,0x000000e2,0x000600a9,0x00000006,0x00000a5b,0x00000a50,
	0x00000a58,0x00000a5a,0x00050080,0x00000006,0x00000a5d,0x00000a5b,0x000000e6,0x000500c2,
	0x00000006,0x00000a5f,0x00000a5b,0x000000e9,0x000500c7,0x00000006,0x00000a60,0x00000a5f,
	0x0000008e,0x00050080,0x00000006,0x00000a61,0x00000a5d,0x00000a60,0x000500c2,0x00000006,
	0x00000a62,0x00000a61,0x000000e9,0x000500c7,0x00000006,0x00000a63,0x00000a62,0x000000ee,
	0x00050041,0x00000026,0x000009f0,0x00000832,0x0000008e,0x0004003d,0x00000025,0x000009f1,
	0x000009f0,0x0008000c,0x00000025,0x00000a69,0x00000001,0x0000002b,0x000009f1,0x000000cc,
	0x000000cd,0x0004007c,0x00000006,0x00000a6a,0x00000a69,0x000500b0,0x000000d3,0x00000a6c,
	0x00000a6a,0x000000d2,0x000500c7,0x00000006,0x00000a6e,0x00000a6a,0x000000d7,0x000500c5,
	0x00000006,0x00000a6f,0x000000d5,0x00000a6e,0x000500c2,0x00000006,0x00000a71,0x00000a6a,
	0x000000bd,0x00050082,0x00000006,0x00000a72,0x000000da,0x00000a71,0x0007000c,0x00000006,
	0x00000a73,0x00000001,0x00000026,0x00000a72,0x000000de,0x000500c2,0x00000006,0x00000a74,
	0x00000a6f,0x00000a73,0x00050080,0x00000006,0x00000a76,0x00000a6a,0x000000e2,0x000600a9,
	0x00000006,0x00000a77,0x00000a6c,0x00000a74,0x00000a76,0x00050080,0x00000006,0x00000a79,
	0x00000a77,0x000000e6,0x000500c2,0x00000006,0x00000a7b,0x00000a77,0x000000e9,0x000500c7,
	0x00000006,0x00000a7c,0x00000a7b,0x0000008e,0x00050080,0x00000006,0x00000a7d,0x00000a79,
	0x00000a7c,0x000500c2,0x00000006,0x00000a7e,0x00000a7d,0x000000e9,0x000500c7,0x00000006,
	0x00000a7f,0x00000a7e,0x000000ee,0x000500c4,0x00000006,0x000009f3,0x00000a7f,0x0000018c,
	0x000500c5,0x00000006,0x000009f4,0x00000a63,0x000009f3,0x00050041,0x00000026,0x000009f5,
	0x00000832,0x00000173,0x0004003d,0x00000025,0x000009f6,0x000009f5,0x0008000c,0x00000025,
	0x00000a85,0x00000001,0x0000002b,0x000009f6,0x000000cc,0x000000cd,0x0004007c,0x00000006,
	0x00000a86,0x00000a85,0x000500b0,0x000000d3,0x00000a88,0x00000a86,0x000000d2,0x000500c7,
	0x00000006,0x00000a8a,0x00000a86,0x000000d7,0x000500c5,0x00000006,0x00000a8b,0x000000d5,
	0x00000a8a,0x000500c2,0x00000006,0x00000a8d,0x00000a86,0x000000bd,0x00050082,0x00000006,
	0x00000a8e,0x000000da,0x00000a8d,0x0007000c,0x00000006,0x00000a8f,0x00000001,0x00000026,
	0x00000a8e,0x000000de,0x000500c2,0x00000006,0x00000a90,0x00000a8b,0x00000a8f,0x00050080,
	0x00000006,0x00000a92,0x00000a86,0x000000e2,0x000600a9,0x00000006,0x00000a93,0x00000a88,
	0x00000a90,0x00000a92,0x00050080,0x00000006,0x00000a95,0x00000a93,0x000000e6,0x000500c2,
	0x00000006,0x00000a97,0x00000a93,0x000000e9,0x000500c7,0x00000006,0x00000a98,0x00000a97,
	0x0000008e,0x00050080,0x00000006,0x00000a99,0x00000a95,0x00000a98,0x000500c2,0x00000006,
	0x00000a9a,0x00000a99,0x000000e9,0x000500c7,0x00000006,0x00000a9b,0x00000a9a,0x000000ee,
	0x000500c4,0x00000006,0x000009f8,0x00000a9b,0x00000194,0x000500c5,0x00000006,0x000009f9,
	0x000009f4,0x000009f8,0x00050041,0x00000026,0x000009fa,0x00000832,0x000000ac,0x0004003d,
	0x00000025,0x000009fb,0x000009fa,0x0008000c,0x00000025,0x00000a9f,0x00000001,0x0000002b,
	0x000009fb,0x000000cc,0x0000011f,0x00050085,0x00000025,0x00000aa1,0x00000a9f,0x00000197,
	0x00050081,0x00000025,0x00000aa2,0x00000aa1,0x00000158,0x0004006d,0x00000006,0x00000aa3,
	0x00000aa2,0x000500c4,0x00000006,0x000009fd,0x00000aa3,0x0000019d,0x000500c5,0x00000006,
	0x000009fe,0x000009f9,0x000009fd,0x000200f9,0x00000a03,0x000200f8,0x000009d9,0x00050041,
	0x00000026,0x000009da,0x00000832,0x00000090,0x0004003d,0x00000025,0x000009db,0x000009da,
	0x0008000c,0x00000025,0x00000a2b,0x00000001,0x0000002b,0x000009db,0x000000cc,0x0000011f,
	0x00050085,0x00000025,0x00000a2d,0x00000a2b,0x0000013b,0x00050081,0x00000025,0x00000a2e,
	0x00000a2d,0x00000158,0x0004006d,0x00000006,0x00000a2f,0x00000a2e,0x00050041,0x00000026,
	0x000009dd,0x00000832,0x0000008e,0x0004003d,0x00000025,0x000009de,0x000009dd,0x0008000c,
	0x00000025,0x00000a33,0x00000001,0x0000002b,0x000009de,0x000000cc,0x0000011f,0x00050085,
	0x00000025,0x00000a35,0x00000a33,0x0000013b,0x00050081,0x00000025,0x00000a36,0x00000a35,
	0x00000158,0x0004006d,0x00000006,0x00000a37,0x00000a36,0x000500c4,0x00000006,0x000009e0,
	0x00000a37,0x0000018c,0x000500c5,0x00000006,0x000009e1,0x00000a2f,0x000009e0,0x00050041,
	0x00000026,0x000009e2,0x00000832,0x00000173,0x0004003d,0x00000025,0x000009e3,0x000009e2,
	0x0008000c,0x00000025,0x00000a3b,0x00000001,0x0000002b,0x000009e3,0x000000cc,0x0000011f,
	0x00050085,0x00000025,0x00000a3d,0x00000a3b,0x0000013b,0x00050081,0x00000025,0x00000a3e,
	0x00000a3d,0x00000158,0x0004006d,0x00000006,0x00000a3f,0x00000a3e,0x000500c4,0x00000006,
	0x000009e5,0x00000a3f,0x00000194,0x000500c5,0x00000006,0x000009e6,0x000009e1,0x000009e5,
	0x00050041,0x00000026,0x000009e7,0x00000832,0x000000ac,0x0004003d,0x00000025,0x000009e8,
	0x000009e7,0x0008000c,0x00000025,0x00000a43,0x00000001,0x0000002b,0x000009e8,0x000000cc,
	0x0000011f,0x00050085,0x00000025,0x00000a45,0x00000a43,0x00000197,0x00050081,0x00000025,
	0x00000a46,0x00000a45,0x00000158,0x0004006d,0x00000006,0x00000a47,0x00000a46,0x000500c4,
	0x00000006,0x000009ea,0x00000a47,0x0000019d,0x000500c5,0x00000006,0x000009eb,0x000009e6,
	0x000009ea,0x000200f9,0x00000a03,0x000200f8,0x000009c6,0x00050041,0x00000026,0x000009c7,
	0x00000832,0x00000090,0x0004003d,0x00000025,0x000009c8,0x000009c7,0x0008000c,0x00000025,
	0x00000a0b,0x00000001,0x0000002b,0x000009c8,0x000000cc,0x0000011f,0x00050085,0x00000025,
	0x00000a0d,0x00000a0b,0x00000164,0x00050081,0x00000025,0x00000a0e,0x00000a0d,0x00000158,
	0x0004006d,0x00000006,0x00000a0f,0x00000a0e,0x00050041,0x00000026,0x000009ca,0x00000832,
	0x0000008e,0x0004003d,0x00000025,0x000009cb,0x000009ca,0x0008000c,0x00000025,0x00000a13,
	0x00000001,0x0000002b,0x000009cb,0x000000cc,0x0000011f,0x00050085,0x00000025,0x00000a15,
	0x00000a13,0x00000164,0x00050081,0x00000025,0x00000a16,0x00000a15,0x00000158,0x0004006d,
	0x00000006,0x00000a17,0x00000a16,0x000500c4,0x00000006,0x000009cd,0x00000a17,0x0000016f,
	0x000500c5,0x00000006,0x000009ce,0x00000a0f,0x000009cd,0x00050041,0x00000026,0x000009cf,
	0x00000832,0x00000173,0x0004003d,0x00000025,0x000009d0,0x000009cf,0x0008000c,0x00000025,
	0x00000a1b,0x00000001,0x0000002b,0x000009d0,0x000000cc,0x0000011f,0x00050085,0x00000025,
	0x00000a1d,0x00000a1b,0x00000164,0x00050081,0x00000025,0x00000a1e,0x00000a1d,0x00000158,
	0x0004006d,0x00000006,0x00000a1f,0x00000a1e,0x000500c4,0x00000006,0x000009d2,0x00000a1f,
	0x000000e9,0x000500c5,0x00000006,0x000009d3,0x000009ce,0x000009d2,0x00050041,0x00000026,
	0x000009d4,0x00000832,0x000000ac,0x0004003d,0x00000025,0x000009d5,0x000009d4,0x0008000c,
	0x00000025,0x00000a23,0x00000001,0x0000002b,0x000009d5,0x000000cc,0x0000011f,0x00050085,
	0x00000025,0x00000a25,0x00000a23,0x00000164,0x00050081,0x00000025,0x00000a26,0x00000a25,
	0x00000158,0x0004006d,0x00000006,0x00000a27,0x00000a26,0x000500c4,0x00000006,0x000009d7,
	0x00000a27,0x000000de,0x000500c5,0x00000006,0x000009d8,0x000009d3,0x000009d7,0x000200f9,
	0x00000a03,0x000200f8,0x000009c5,0x000200f9,0x00000a03,0x000200f8,0x00000a03,0x000d00f5,
	0x00000006,0x00001644,0x00000090,0x000009c5,0x000009d8,0x000009c6,0x000009eb,0x000009d9,
	0x000009fe,0x000009ec,0x00000a02,0x000009ff,0x000200f9,0x00000a06,0x000200f8,0x00000a06,
	0x000500aa,0x000000d3,0x00000aa7,0x00000660,0x0000008e,0x000300f7,0x00000acb,0x00000000,
	0x000400fa,0x00000aa7,0x00000aa8,0x00000ab0,0x000200f8,0x00000ab0,0x000500aa,0x000000d3,
	0x00000ab2,0x00000660,0x00000173,0x000300f7,0x00000aca,0x00000000,0x000400fa,0x00000ab2,
	0x00000ab3,0x00000ac0,0x000200f8,0x00000ac0,0x000500aa,0x000000d3,0x00000ac2,0x00000660,
	0x000000ac,0x000300f7,0x00000ac9,0x00000000,0x000400fa,0x00000ac2,0x00000ac3,0x00000ac9,
	0x000200f8,0x00000ac3,0x000500c4,0x00000006,0x00000ac5,0x00001644,0x000000e9,0x000500c2,
	0x00000006,0x00000ac7,0x00001644,0x000000e9,0x000500c5,0x00000006,0x00000ac8,0x00000ac5,
	0x00000ac7,0x000200f9,0x00000ac9,0x000200f8,0x00000ac9,0x000700f5,0x00000006,0x00001647,
	0x00001644,0x00000ac0,0x00000ac8,0x00000ac3,0x000200f9,0x00000aca,0x000200f8,0x00000ab3,
	0x000500c7,0x00000006,0x00000ab5,0x00001644,0x000003f7,0x000500c4,0x00000006,0x00000ab6,
	0x00000ab5,0x0000016f,0x000500c7,0x00000006,0x00000ab8,0x00001644,0x000003fb,0x000500c2,
	0x00000006,0x00000ab9,0x00000ab8,0x0000016f,0x000500c5,0x00000006,0x00000aba,0x00000ab6,
	0x00000ab9,0x000500c4,0x00000006,0x00000abc,0x00000aba,0x000000e9,0x000500c2,0x00000006,
	0x00000abe,0x00000aba,0x000000e9,0x000500c5,0x00000006,0x00000abf,0x00000abc,0x00000abe,
	0x000200f9,0x00000aca,0x000200f8,0x00000aca,0x000700f5,0x00000006,0x00001646,0x00000abf,
	0x00000ab3,0x00001647,0x00000ac9,0x000200f9,0x00000acb,0x000200f8,0x00000aa8,0x000500c7,
	0x00000006,0x00000aaa,0x00001644,0x000003f7,0x000500c4,0x00000006,0x00000aab,0x00000aaa,
	0x0000016f,0x000500c7,0x00000006,0x00000aad,0x00001644,0x000003fb,0x000500c2,0x00000006,
	0x00000aae,0x00000aad,0x0000016f,0x000500c5,0x00000006,0x00000aaf,0x00000aab,0x00000aae,
	0x000200f9,0x00000acb,0x000200f8,0x00000acb,0x000700f5,0x00000006,0x00001645,0x00000aaf,
	0x00000aa8,0x00001646,0x00000aca,0x000500c2,0x0000005b,0x00000ad0,0x000014ff,0x00000387,
	0x00060041,0x00000427,0x00000ad3,0x00000423,0x00000424,0x00000ad0,0x0003003e,0x00000ad3,
	0x00001645,0x000200f9,0x00000726,0x000200f8,0x000006a1,0x0003003e,0x00000601,0x0000021b,
	0x00050041,0x0000042d,0x000006a2,0x0000042c,0x00000387,0x0004003d,0x00000006,0x000006a3,
	0x000006a2,0x000500c2,0x00000006,0x00000ad7,0x000006a3,0x000000bd,0x000500c7,0x00000006,
	0x00000ad8,0x00000ad7,0x000000bf,0x000200f9,0x000006a5,0x000200f8,0x000006a5,0x000700f5,
	0x00000006,0x000014f9,0x00000090,0x000006a1,0x000006b5,0x000006b3,0x000400f6,0x000006b6,
	0x000006b3,0x00000000,0x000200f9,0x000006a6,0x000200f8,0x000006a6,0x000500b0,0x000000d3,
	0x000006a9,0x000014f9,0x000014fb,0x000400fa,0x000006a9,0x000006aa,0x000006b6,0x000200f8,
	0x000006aa,0x00050080,0x00000006,0x000006ad,0x0000152f,0x000014f9,0x0004003d,0x00000007,
	0x000006ae,0x000005e3,0x00050041,0x0000042d,0x00000b06,0x0000042c,0x00000374,0x0004003d,
	0x00000006,0x00000b07,0x00000b06,0x000500c2,0x00000006,0x00000b08,0x00000b07,0x000000c6,
	0x000500c7,0x00000006,0x00000b09,0x00000b08,0x0000008e,0x000500ab,0x000000d3,0x00000b0a,
	0x00000b09,0x00000090,0x000600a9,0x00000006,0x00000b0b,0x00000b0a,0x0000008e,0x00000090,
	0x00050041,0x0000042d,0x00000b0c,0x0000042c,0x00000374,0x0004003d,0x00000006,0x00000b0d,
	0x00000b0c,0x000500c2,0x00000006,0x00000b0e,0x00000b0d,0x00000436,0x000500c7,0x00000006,
	0x00000b0f,0x00000b0e,0x0000008e,0x000500ab,0x000000d3,0x00000b10,0x00000b0f,0x00000090,
	0x000600a9,0x00000006,0x00000b11,0x00000b10,0x00000173,0x00000090,0x000500c5,0x00000006,
	0x00000b12,0x00000b0b,0x00000b11,0x00050041,0x0000042d,0x00000b13,0x0000042c,0x00000387,
	0x0004003d,0x00000006,0x00000b14,0x00000b13,0x0003003e,0x00000aff,0x000006ae,0x00050041,
	0x0000042d,0x00000b18,0x0000042c,0x0000039f,0x0004003d,0x00000006,0x00000b19,0x00000b18,
	0x000500c2,0x00000006,0x00000c04,0x00000b14,0x000000aa,0x000500c7,0x00000006,0x00000c05,
	0x00000c04,0x000000ac,0x000500ae,0x000000d3,0x00000b51,0x00000c05,0x00000173,0x000600a9,
	0x00000006,0x00000b52,0x00000b51,0x0000008e,0x00000090,0x000500ae,0x000000d3,0x00000b54,
	0x00000c05,0x0000008e,0x000600a9,0x00000006,0x00000b55,0x00000b54,0x0000008e,0x00000090,
	0x00050041,0x00000009,0x00000b56,0x00000aff,0x00000090,0x0004003d,0x00000006,0x00000b57,
	0x00000b56,0x000500c4,0x00000006,0x00000b59,0x00000b57,0x00000b52,0x000500ae,0x000000d3,
	0x00000b5b,0x00000c05,0x00000173,0x000500c7,0x00000006,0x00000b5d,0x000006ad,0x0000008e,
	0x000600a9,0x00000006,0x00000b5e,0x00000b5b,0x00000b5d,0x00000090,0x00050080,0x00000006,
	0x00000b5f,0x00000b59,0x00000b5e,0x00050041,0x00000009,0x00000b60,0x00000aff,0x0000008e,
	0x0004003d,0x00000006,0x00000b61,0x00000b60,0x000500c4,0x00000006,0x00000b63,0x00000b61,
	0x00000b55,0x000500ae,0x000000d3,0x00000b65,0x00000c05,0x00000173,0x000500c2,0x00000006,
	0x00000b67,0x000006ad,0x0000008e,0x000500aa,0x000000d3,0x00000b69,0x00000c05,0x0000008e,
	0x000600a9,0x00000006,0x00000b6b,0x00000b69,0x000006ad,0x00000090,0x000600a9,0x00000006,
	0x00000b6c,0x00000b65,0x00000b67,0x00000b6b,0x00050080,0x00000006,0x00000b6d,0x00000b63,
	0x00000b6c,0x000500c2,0x00000006,0x00000c09,0x00000b14,0x000000b1,0x000500c7,0x00000006,
	0x00000c0a,0x00000c09,0x0000008e,0x000500ab,0x000000d3,0x00000b70,0x00000c0a,0x00000090,
	0x00050084,0x00000006,0x00000b72,0x00000b5f,0x00000173,0x000600a9,0x00000006,0x00000b76,
	0x00000b70,0x00000b72,0x00000b5f,0x00050086,0x00000006,0x00000b78,0x00000b76,0x000002b5,
	0x00050089,0x00000006,0x00000b7a,0x00000b76,0x000002b5,0x000500c2,0x00000006,0x00000b7c,
	0x00000b6d,0x00000277,0x000500c7,0x00000006,0x00000b7e,0x00000b6d,0x000000bf,0x000500c7,
	0x00000006,0x00000c0e,0x00000b14,0x0000009e,0x000500c2,0x00000006,0x00000c12,0x00000b14,
	0x000000a3,0x000500c7,0x00000006,0x00000c13,0x00000c12,0x000000a5,0x000500c2,0x00000006,
	0x00000c17,0x00000b14,0x000000b1,0x000500c7,0x00000006,0x00000c18,0x00000c17,0x0000008e,
	0x000500c4,0x00000006,0x00000b86,0x00000c13,0x00000c18,0x00050084,0x00000006,0x00000b87,
	0x00000b7c,0x00000b86,0x00050080,0x00000006,0x00000b88,0x00000c0e,0x00000b87,0x00050080,
	0x00000006,0x00000b8a,0x00000b88,0x00000b78,0x000500c7,0x00000006,0x00000b8b,0x00000b8a,
	0x0000009e,0x000500c7,0x00000006,0x00000c1c,0x00000b19,0x0000009e,0x00050082,0x00000006,
	0x00000b8f,0x00000b8b,0x00000c1c,0x000500c7,0x00000006,0x00000b90,0x00000b8f,0x0000009e,
	0x000500c2,0x00000006,0x00000c20,0x00000b19,0x000000a3,0x000500c7,0x00000006,0x00000c21,
	0x00000c20,0x000000a5,0x000500c2,0x00000006,0x00000c25,0x00000b19,0x000000b1,0x000500c7,
	0x00000006,0x00000c26,0x00000c25,0x0000008e,0x000500c4,0x00000006,0x00000b95,0x00000c21,
	0x00000c26,0x00050089,0x00000006,0x00000b98,0x00000b90,0x00000b95,0x00050086,0x00000006,
	0x00000b9b,0x00000b90,0x00000b95,0x000500c2,0x00000006,0x00000c2a,0x00000b19,0x000000b7,
	0x000500c7,0x00000006,0x00000c2b,0x00000c2a,0x0000008e,0x000500c2,0x00000006,0x00000c2f,
	0x00000b14,0x000000b7,0x000500c7,0x00000006,0x00000c30,0x00000c2f,0x0000008e,0x000500ab,
	0x000000d3,0x00000ba0,0x00000c2b,0x00000c30,0x000300f7,0x00000ba5,0x00000000,0x000400fa,
	0x00000ba0,0x00000ba1,0x00000ba5,0x000200f8,0x00000ba1,0x00050080,0x00000006,0x00000ba3,
	0x00000b7a,0x000002f2,0x00050089,0x00000006,0x00000ba4,0x00000ba3,0x000002b5,0x000200f9,
	0x00000ba5,0x000200f8,0x00000ba5,0x000700f5,0x00000006,0x00001530,0x00000b7a,0x000006aa,
	0x00000ba4,0x00000ba1,0x000500c2,0x00000006,0x00000c34,0x00000b19,0x000000aa,0x000500c7,
	0x00000006,0x00000c35,0x00000c34,0x000000ac,0x00050084,0x00000006,0x00000ba9,0x00000b98,
	0x000002b5,0x00050080,0x00000006,0x00000bab,0x00000ba9,0x00001530,0x000500c2,0x00000006,
	0x00000c39,0x00000b19,0x000000b1,0x000500c7,0x00000006,0x00000c3a,0x00000c39,0x0000008e,
	0x000500ab,0x000000d3,0x00000bae,0x00000c3a,0x00000090,0x000300f7,0x00000bb4,0x00000000,
	0x000400fa,0x00000bae,0x00000baf,0x00000bb4,0x000200f8,0x00000baf,0x000500c2,0x00000006,
	0x00000bb3,0x00000bab,0x0000008e,0x000200f9,0x00000bb4,0x000200f8,0x00000bb4,0x000700f5,
	0x00000006,0x00001531,0x00000bab,0x00000ba5,0x00000bb3,0x00000baf,0x00050084,0x00000006,
	0x00000bb6,0x00000b9b,0x000000e9,0x00050080,0x00000006,0x00000bb8,0x00000bb6,0x00000b7e,
	0x000500ae,0x000000d3,0x00000bba,0x00000c35,0x00000173,0x000600a9,0x00000006,0x00000bbb,
	0x00000bba,0x0000008e,0x00000090,0x000500ae,0x000000d3,0x00000bbd,0x00000c35,0x0000008e,
	0x000600a9,0x00000006,0x00000bbe,0x00000bbd,0x0000008e,0x00000090,0x000500c2,0x00000006,
	0x00000bc1,0x00001531,0x00000bbb,0x0004007c,0x0000005b,0x00000bc2,0x00000bc1,0x000500c2,
	0x00000006,0x00000bc5,0x00000bb8,0x00000bbe,0x00050080,0x00000006,0x00000bc7,0x00000bc5,
	0x0000068b,0x0004007c,0x0000005b,0x00000bc8,0x00000bc7,0x00050050,0x00000316,0x00000bc9,
	0x00000bc2,0x00000bc8,0x0004007c,0x0000005b,0x00000bcb,0x0000064b,0x00050050,0x00000316,
	0x00000bcc,0x00000bcb,0x00000bcb,0x00050084,0x00000316,0x00000bcd,0x00000bc9,0x00000bcc,
	0x0004007c,0x00000316,0x00000bcf,0x000014f8,0x00050080,0x00000316,0x00000bd0,0x00000bcd,
	0x00000bcf,0x000500c7,0x00000006,0x00000bd3,0x00001531,0x00000bbb,0x000500c7,0x00000006,
	0x00000bd6,0x00000bb8,0x00000bbe,0x000500c4,0x00000006,0x00000bd8,0x00000bd6,0x00000bbb,
	0x000500c5,0x00000006,0x00000bd9,0x00000bd3,0x00000bd8,0x000500c2,0x00000006,0x00000c3e,
	0x00000b19,0x000000c4,0x000500c7,0x00000006,0x00000c3f,0x00000c3e,0x000000c6,0x000500aa,
	0x000000d3,0x00000c45,0x00000c3f,0x000000ac,0x000300f7,0x00000c67,0x00000000,0x000400fa,
	0x00000c45,0x00000c46,0x00000c47,0x000200f8,0x00000c47,0x000500aa,0x000000d3,0x00000c49,
	0x00000c35,0x0000008e,0x000500aa,0x000000d3,0x00000c4b,0x00000c3f,0x0000008e,0x000500a7,
	0x000000d3,0x00000c4c,0x00000c49,0x00000c4b,0x000300f7,0x00000c66,0x00000000,0x000400fa,
	0x00000c4c,0x00000c4d,0x00000c50,0x000200f8,0x00000c50,0x000500aa,0x000000d3,0x00000c52,
	0x00000c35,0x0000008e,0x000500aa,0x000000d3,0x00000c54,0x00000c3f,0x00000173,0x000500a7,
	0x000000d3,0x00000c55,0x00000c52,0x00000c54,0x000300f7,0x00000c65,0x00000000,0x000400fa,
	0x00000c55,0x00000c56,0x00000c5a,0x000200f8,0x00000c5a,0x000500aa,0x000000d3,0x00000c5c,
	0x00000c35,0x00000173,0x000500aa,0x000000d3,0x00000c5e,0x00000c3f,0x00000277,0x000500a7,
	0x000000d3,0x00000c5f,0x00000c5c,0x00000c5e,0x000300f7,0x00000c64,0x00000000,0x000400fa,
	0x00000c5f,0x00000c60,0x00000c64,0x000200f8,0x00000c60,0x000500c2,0x00000006,0x00000c62,
	0x00000bd9,0x0000008e,0x000500c6,0x00000006,0x00000c63,0x00000c62,0x0000008e,0x000200f9,
	0x00000c64,0x000200f8,0x00000c64,0x000700f5,0x00000006,0x00001544,0x00000bd9,0x00000c5a,
	0x00000c63,0x00000c60,0x000200f9,0x00000c65,0x000200f8,0x00000c56,0x000500ab,0x000000d3,
	0x00000c58,0x00000bd9,0x00000090,0x000600a9,0x00000006,0x00000c59,0x00000c58,0x000000ac,
	0x00000090,0x000200f9,0x00000c65,0x000200f8,0x00000c65,0x000700f5,0x00000006,0x00001543,
	0x00000c59,0x00000c56,0x00001544,0x00000c64,0x000200f9,0x00000c66,0x000200f8,0x00000c4d,
	0x000500c6,0x00000006,0x00000c4f,0x00000bd9,0x0000008e,0x000200f9,0x00000c66,0x000200f8,
	0x00000c66,0x000700f5,0x00000006,0x00001542,0x00000c4f,0x00000c4d,0x00001543,0x00000c65,
	0x000200f9,0x00000c67,0x000200f8,0x00000c46,0x000200f9,0x00000c67,0x000200f8,0x00000c67,
	0x000700f5,0x00000006,0x00001541,0x00000090,0x00000c46,0x00001542,0x00000c66,0x0004003d,
	0x00000340,0x00000bdf,0x00000342,0x0004007c,0x0000005b,0x00000be2,0x00001541,0x0007005f,
	0x0000003b,0x00000be3,0x00000bdf,0x00000bd0,0x00000040,0x00000be2,0x0003003e,0x00000b44,
	0x00000be3,0x000500c2,0x00000006,0x00000c6c,0x00000b19,0x000000bd,0x000500c7,0x00000006,
	0x00000c6d,0x00000c6c,0x000000bf,0x000500aa,0x000000d3,0x00000be7,0x00000c6d,0x0000008e,
	0x000500c7,0x00000006,0x00000be9,0x00000b12,0x00000173,0x000500ab,0x000000d3,0x00000bea,
	0x00000be9,0x00000090,0x000500a7,0x000000d3,0x00000beb,0x00000be7,0x00000bea,0x000300f7,
	0x00000bfd,0x00000000,0x000400fa,0x00000beb,0x00000bec,0x00000bfd,0x000200f8,0x00000bec,
	0x00050041,0x00000026,0x00000bed,0x00000b44,0x00000090,0x0004003d,0x00000025,0x00000bee,
	0x00000bed,0x0008000c,0x00000025,0x00000c73,0x00000001,0x0000002b,0x00000bee,0x000000cc,
	0x0000011f,0x000500be,0x000000d3,0x00000c75,0x00000c73,0x00000122,0x000300f7,0x00000c82,
	0x00000000,0x000400fa,0x00000c75,0x00000c76,0x00000c7c,0x000200f8,0x00000c7c,0x000500be,
	0x000000d3,0x00000c7e,0x00000c73,0x00000134,0x000300f7,0x00000c81,0x00000000,0x000400fa,
	0x00000c7e,0x00000c7f,0x00000c80,0x000200f8,0x00000c80,0x000200f9,0x00000c81,0x000200f8,
	0x00000c7f,0x000200f9,0x00000c81,0x000200f8,0x00000c81,0x000700f5,0x00000025,0x0000154a,
	0x00000139,0x00000c7f,0x000000cc,0x00000c80,0x000700f5,0x00000025,0x00001547,0x00000138,
	0x00000c7f,0x0000013b,0x00000c80,0x000200f9,0x00000c82,0x000200f8,0x00000c76,0x000500be,
	0x000000d3,0x00000c78,0x00000c73,0x00000127,0x000300f7,0x00000c7b,0x00000000,0x000400fa,
	0x00000c78,0x00000c79,0x00000c7a,0x000200f8,0x00000c7a,0x000200f9,0x00000c7b,0x000200f8,
	0x00000c79,0x000200f9,0x00000c7b,0x000200f8,0x00000c7b,0x000700f5,0x00000025,0x00001549,
	0x0000012e,0x00000c79,0x00000131,0x00000c7a,0x000700f5,0x00000025,0x00001546,0x0000012c,
	0x00000c79,0x00000130,0x00000c7a,0x000200f9,0x00000c82,0x000200f8,0x00000c82,0x000700f5,
	0x00000025,0x00001548,0x00001549,0x00000c7b,0x0000154a,0x00000c81,0x000700f5,0x00000025,
	0x00001545,0x00001546,0x00000c7b,0x00001547,0x00000c81,0x00050085,0x00000025,0x00000c85,
	0x00000c73,0x00001545,0x0006000c,0x00000025,0x00000c86,0x00000001,0x00000003,0x00000c85,
	0x00050085,0x00000025,0x00000c87,0x00000c86,0x00000140,0x00050081,0x00000025,0x00000c89,
	0x00000c87,0x00001548,0x00050041,0x00000026,0x00000bf0,0x00000b44,0x0000008e,0x0004003d,
	0x00000025,0x00000bf1,0x00000bf0,0x0008000c,0x00000025,0x00000c8f,0x00000001,0x0000002b,
	0x00000bf1,0x000000cc,0x0000011f,0x000500be,0x000000d3,0x00000c91,0x00000c8f,0x00000122,
	0x000300f7,0x00000c9e,0x00000000,0x000400fa,0x00000c91,0x00000c92,0x00000c98,0x000200f8,
	0x00000c98,0x000500be,0x000000d3,0x00000c9a,0x00000c8f,0x00000134,0x000300f7,0x00000c9d,
	0x00000000,0x000400fa,0x00000c9a,0x00000c9b,0x00000c9c,0x000200f8,0x00000c9c,0x000200f9,
	0x00000c9d,0x000200f8,0x00000c9b,0x000200f9,0x00000c9d,0x000200f8,0x00000c9d,0x000700f5,
	0x00000025,0x00001550,0x00000139,0x00000c9b,0x000000cc,0x00000c9c,0x000700f5,0x00000025,
	0x0000154d,0x00000138,0x00000c9b,0x0000013b,0x00000c9c,0x000200f9,0x00000c9e,0x000200f8,
	0x00000c92,0x000500be,0x000000d3,0x00000c94,0x00000c8f,0x00000127,0x000300f7,0x00000c97,
	0x00000000,0x000400fa,0x00000c94,0x00000c95,0x00000c96,0x000200f8,0x00000c96,0x000200f9,
	0x00000c97,0x000200f8,0x00000c95,0x000200f9,0x00000c97,0x000200f8,0x00000c97,0x000700f5,
	0x00000025,0x0000154f,0x0000012e,0x00000c95,0x00000131,0x00000c96,0x000700f5,0x00000025,
	0x0000154c,0x0000012c,0x00000c95,0x00000130,0x00000c96,0x000200f9,0x00000c9e,0x000200f8,
	0x00000c9e,0x000700f5,0x00000025,0x0000154e,0x0000154f,0x00000c97,0x00001550,0x00000c9d,
	0x000700f5,0x00000025,0x0000154b,0x0000154c,0x00000c97,0x0000154d,0x00000c9d,0x00050085,
	0x00000025,0x00000ca1,0x00000c8f,0x0000154b,0x0006000c,0x00000025,0x00000ca2,0x00000001,
	0x00000003,0x00000ca1,0x00050085,0x00000025,0x00000ca3,0x00000ca2,0x00000140,0x00050081,
	0x00000025,0x00000ca5,0x00000ca3,0x0000154e,0x00050041,0x00000026,0x00000bf3,0x00000b44,
	0x00000173,0x0004003d,0x00000025,0x00000bf4,0x00000bf3,0x0008000c,0x00000025,0x00000cab,
	0x00000001,0x0000002b,0x00000bf4,0x000000cc,0x0000011f,0x000500be,0x000000d3,0x00000cad,
	0x00000cab,0x00000122,0x000300f7,0x00000cba,0x00000000,0x000400fa,0x00000cad,0x00000cae,
	0x00000cb4,0x000200f8,0x00000cb4,0x000500be,0x000000d3,0x00000cb6,0x00000cab,0x00000134,
	0x000300f7,0x00000cb9,0x00000000,0x000400fa,0x00000cb6,0x00000cb7,0x00000cb8,0x000200f8,
	0x00000cb8,0x000200f9,0x00000cb9,0x000200f8,0x00000cb7,0x000200f9,0x00000cb9,0x000200f8,
	0x00000cb9,0x000700f5,0x00000025,0x00001556,0x00000139,0x00000cb7,0x000000cc,0x00000cb8,
	0x000700f5,0x00000025,0x00001553,0x00000138,0x00000cb7,0x0000013b,0x00000cb8,0x000200f9,
	0x00000cba,0x000200f8,0x00000cae,0x000500be,0x000000d3,0x00000cb0,0x00000cab,0x00000127,
	0x000300f7,0x00000cb3,0x00000000,0x000400fa,0x00000cb0,0x00000cb1,0x00000cb2,0x000200f8,
	0x00000cb2,0x000200f9,0x00000cb3,0x000200f8,0x00000cb1,0x000200f9,0x00000cb3,0x000200f8,
	0x00000cb3,0x000700f5,0x00000025,0x00001555,0x0000012e,0x00000cb1,0x00000131,0x00000cb2,
	0x000700f5,0x00000025,0x00001552,0x0000012c,0x00000cb1,0x00000130,0x00000cb2,0x000200f9,
	0x00000cba,0x000200f8,0x00000cba,0x000700f5,0x00000025,0x00001554,0x00001555,0x00000cb3,
	0x00001556,0x00000cb9,0x000700f5,0x00000025,0x00001551,0x00001552,0x00000cb3,0x00001553,
	0x00000cb9,0x00050085,0x00000025,0x00000cbd,0x00000cab,0x00001551,0x0006000c,0x00000025,
	0x00000cbe,0x00000001,0x00000003,0x00000cbd,0x00050085,0x00000025,0x00000cbf,0x00000cbe,
	0x00000140,0x00050081,0x00000025,0x00000cc1,0x00000cbf,0x00001554,0x00050041,0x00000026,
	0x00000bf7,0x00000b44,0x00000090,0x0003003e,0x00000bf7,0x00000c89,0x00050041,0x00000026,
	0x00000bf9,0x00000b44,0x0000008e,0x0003003e,0x00000bf9,0x00000ca5,0x00050041,0x00000026,
	0x00000bfb,0x00000b44,0x00000173,0x0003003e,0x00000bfb,0x00000cc1,0x000200f9,0x00000bfd,
	0x000200f8,0x00000bfd,0x0004003d,0x0000003b,0x00000bfe,0x00000b44,0x0003003e,0x00000b4a,
	0x00000bfe,0x000200f9,0x00000cdb,0x000200f8,0x00000cdb,0x000300f7,0x00000d1b,0x00000000,
	0x001100fb,0x00000c6d,0x00000cdd,0x00000000,0x00000cde,0x00000001,0x00000cde,0x00000002,
	0x00000cf1,0x0000000a,0x00000cf1,0x00000003,0x00000d04,0x0000000c,0x00000d04,0x0000000e,
	0x00000d17,0x000200f8,0x00000d17,0x00050041,0x00000026,0x00000d18,0x00000b4a,0x00000090,
	0x0004003d,0x00000025,0x00000d19,0x00000d18,0x0004007c,0x00000006,0x00000d1a,0x00000d19,
	0x000200f9,0x00000d1b,0x000200f8,0x00000d04,0x00050041,0x00000026,0x00000d05,0x00000b4a,
	0x00000090,0x0004003d,0x00000025,0x00000d06,0x00000d05,0x0008000c,0x00000025,0x00000d65,
	0x00000001,0x0000002b,0x00000d06,0x000000cc,0x000000cd,0x0004007c,0x00000006,0x00000d66,
	0x00000d65,0x000500b0,0x000000d3,0x00000d68,0x00000d66,0x000000d2,0x000500c7,0x00000006,
	0x00000d6a,0x00000d66,0x000000d7,0x000500c5,0x00000006,0x00000d6b,0x000000d5,0x00000d6a,
	0x000500c2,0x00000006,0x00000d6d,0x00000d66,0x000000bd,0x00050082,0x00000006,0x00000d6e,
	0x000000da,0x00000d6d,0x0007000c,0x00000006,0x00000d6f,0x00000001,0x00000026,0x00000d6e,
	0x000000de,0x000500c2,0x00000006,0x00000d70,0x00000d6b,0x00000d6f,0x00050080,0x00000006,
	0x00000d72,0x00000d66,0x000000e2,0x000600a9,0x00000006,0x00000d73,0x00000d68,0x00000d70,
	0x00000d72,0x00050080,0x00000006,0x00000d75,0x00000d73,0x000000e6,0x000500c2,0x00000006,
	0x00000d77,0x00000d73,0x000000e9,0x000500c7,0x00000006,0x00000d78,0x00000d77,0x0000008e,
	0x00050080,0x00000006,0x00000d79,0x00000d75,0x00000d78,0x000500c2,0x00000006,0x00000d7a,
	0x00000d79,0x000000e9,0x000500c7,0x00000006,0x00000d7b,0x00000d7a,0x000000ee,0x00050041,
	0x00000026,0x00000d08,0x00000b4a,0x0000008e,0x0004003d,0x00000025,0x00000d09,0x00000d08,
	0x0008000c,0x00000025,0x00000d81,0x00000001,0x0000002b,0x00000d09,0x000000cc,0x000000cd,
	0x0004007c,0x00000006,0x00000d82,0x00000d81,0x000500b0,0x000000d3,0x00000d84,0x00000d82,
	0x000000d2,0x000500c7,0x00000006,0x00000d86,0x00000d82,0x000000d7,0x000500c5,0x00000006,
	0x00000d87,0x000000d5,0x00000d86,0x000500c2,0x00000006,0x00000d89,0x00000d82,0x000000bd,
	0x00050082,0x00000006,0x00000d8a,0x000000da,0x00000d89,0x0007000c,0x00000006,0x00000d8b,
	0x00000001,0x00000026,0x00000d8a,0x000000de,0x000500c2,0x00000006,0x00000d8c,0x00000d87,
	0x00000d8b,0x00050080,0x00000006,0x00000d8e,0x00000d82,0x000000e2,0x000600a9,0x00000006,
	0x00000d8f,0x00000d84,0x00000d8c,0x00000d8e,0x00050080,0x00000006,0x00000d91,0x00000d8f,
	0x000000e6,0x000500c2,0x00000006,0x00000d93,0x00000d8f,0x000000e9,0x000500c7,0x00000006,
	0x00000d94,0x00000d93,0x0000008e,0x00050080,0x00000006,0x00000d95,0x00000d91,0x00000d94,
	0x000500c2,0x00000006,0x00000d96,0x00000d95,0x000000e9,0x000500c7,0x00000006,0x00000d97,
	0x00000d96,0x000000ee,0x000500c4,0x00000006,0x00000d0b,0x00000d97,0x0000018c,0x000500c5,
	0x00000006,0x00000d0c,0x00000d7b,0x00000d0b,0x00050041,0x00000026,0x00000d0d,0x00000b4a,
	0x00000173,0x0004003d,0x00000025,0x00000d0e,0x00000d0d,0x0008000c,0x00000025,0x00000d9d,
	0x00000001,0x0000002b,0x00000d0e,0x000000cc,0x000000cd,0x0004007c,0x00000006,0x00000d9e,
	0x00000d9d,0x000500b0,0x000000d3,0x00000da0,0x00000d9e,0x000000d2,0x000500c7,0x00000006,
	0x00000da2,0x00000d9e,0x000000d7,0x000500c5,0x00000006,0x00000da3,0x000000d5,0x00000da2,
	0x000500c2,0x00000006,0x00000da5,0x00000d9e,0x000000bd,0x00050082,0x00000006,0x00000da6,
	0x000000da,0x00000da5,0x0007000c,0x00000006,0x00000da7,0x00000001,0x00000026,0x00000da6,
	0x000000de,0x000500c2,0x00000006,0x00000da8,0x00000da3,0x00000da7,0x00050080,0x00000006,
	0x00000daa,0x00000d9e,0x000000e2,0x000600a9,0x00000006,0x00000dab,0x00000da0,0x00000da8,
	0x00000daa,0x00050080,0x00000006,0x00000dad,0x00000dab,0x000000e6,0x000500c2,0x00000006,
	0x00000daf,0x00000dab,0x000000e9,0x000500c7,0x00000006,0x00000db0,0x00000daf,0x0000008e,
	0x00050080,0x00000006,0x00000db1,0x00000dad,0x00000db0,0x000500c2,0x00000006,0x00000db2,
	0x00000db1,0x000000e9,0x000500c7,0x00000006,0x00000db3,0x00000db2,0x000000ee,0x000500c4,
	0x00000006,0x00000d10,0x00000db3,0x00000194,0x000500c5,0x00000006,0x00000d11,0x00000d0c,
	0x00000d10,0x00050041,0x00000026,0x00000d12,0x00000b4a,0x000000ac,0x0004003d,0x00000025,
	0x00000d13,0x00000d12,0x0008000c,0x00000025,0x00000db7,0x00000001,0x0000002b,0x00000d13,
	0x000000cc,0x0000011f,0x00050085,0x00000025,0x00000db9,0x00000db7,0x00000197,0x00050081,
	0x00000025,0x00000dba,0x00000db9,0x00000158,0x0004006d,0x00000006,0x00000dbb,0x00000dba,
	0x000500c4,0x00000006,0x00000d15,0x00000dbb,0x0000019d,0x000500c5,0x00000006,0x00000d16,
	0x00000d11,0x00000d15,0x000200f9,0x00000d1b,0x000200f8,0x00000cf1,0x00050041,0x00000026,
	0x00000cf2,0x00000b4a,0x00000090,0x0004003d,0x00000025,0x00000cf3,0x00000cf2,0x0008000c,
	0x00000025,0x00000d43,0x00000001,0x0000002b,0x00000cf3,0x000000cc,0x0000011f,0x00050085,
	0x00000025,0x00000d45,0x00000d43,0x0000013b,0x00050081,0x00000025,0x00000d46,0x00000d45,
	0x00000158,0x0004006d,0x00000006,0x00000d47,0x00000d46,0x00050041,0x00000026,0x00000cf5,
	0x00000b4a,0x0000008e,0x0004003d,0x00000025,0x00000cf6,0x00000cf5,0x0008000c,0x00000025,
	0x00000d4b,0x00000001,0x0000002b,0x00000cf6,0x000000cc,0x0000011f,0x00050085,0x00000025,
	0x00000d4d,0x00000d4b,0x0000013b,0x00050081,0x00000025,0x00000d4e,0x00000d4d,0x00000158,
	0x0004006d,0x00000006,0x00000d4f,0x00000d4e,0x000500c4,0x00000006,0x00000cf8,0x00000d4f,
	0x0000018c,0x000500c5,0x00000006,0x00000cf9,0x00000d47,0x00000cf8,0x00050041,0x00000026,
	0x00000cfa,0x00000b4a,0x00000173,0x0004003d,0x00000025,0x00000cfb,0x00000cfa,0x0008000c,
	0x00000025,0x00000d53,0x00000001,0x0000002b,0x00000cfb,0x000000cc,0x0000011f,0x00050085,
	0x00000025,0x00000d55,0x00000d53,0x0000013b,0x00050081,0x00000025,0x00000d56,0x00000d55,
	0x00000158,0x0004006d,0x00000006,0x00000d57,0x00000d56,0x000500c4,0x00000006,0x00000cfd,
	0x00000d57,0x00000194,0x000500c5,0x00000006,0x00000cfe,0x00000cf9,0x00000cfd,0x00050041,
	0x00000026,0x00000cff,0x00000b4a,0x000000ac,0x0004003d,0x00000025,0x00000d00,0x00000cff,
	0x0008000c,0x00000025,0x00000d5b,0x00000001,0x0000002b,0x00000d00,0x000000cc,0x0000011f,
	0x00050085,0x00000025,0x00000d5d,0x00000d5b,0x00000197,0x00050081,0x00000025,0x00000d5e,
	0x00000d5d,0x00000158,0x0004006d,0x00000006,0x00000d5f,0x00000d5e,0x000500c4,0x00000006,
	0x00000d02,0x00000d5f,0x0000019d,0x000500c5,0x00000006,0x00000d03,0x00000cfe,0x00000d02,
	0x000200f9,0x00000d1b,0x000200f8,0x00000cde,0x00050041,0x00000026,0x00000cdf,0x00000b4a,
	0x00000090,0x0004003d,0x00000025,0x00000ce0,0x00000cdf,0x0008000c,0x00000025,0x00000d23,
	0x00000001,0x0000002b,0x00000ce0,0x000000cc,0x0000011f,0x00050085,0x00000025,0x00000d25,
	0x00000d23,0x00000164,0x00050081,0x00000025,0x00000d26,0x00000d25,0x00000158,0x0004006d,
	0x00000006,0x00000d27,0x00000d26,0x00050041,0x00000026,0x00000ce2,0x00000b4a,0x0000008e,
	0x0004003d,0x00000025,0x00000ce3,0x00000ce2,0x0008000c,0x00000025,0x00000d2b,0x00000001,
	0x0000002b,0x00000ce3,0x000000cc,0x0000011f,0x00050085,0x00000025,0x00000d2d,0x00000d2b,
	0x00000164,0x00050081,0x00000025,0x00000d2e,0x00000d2d,0x00000158,0x0004006d,0x00000006,
	0x00000d2f,0x00000d2e,0x000500c4,0x00000006,0x00000ce5,0x00000d2f,0x0000016f,0x000500c5,
	0x00000006,0x00000ce6,0x00000d27,0x00000ce5,0x00050041,0x00000026,0x00000ce7,0x00000b4a,
	0x00000173,0x0004003d,0x00000025,0x00000ce8,0x00000ce7,0x0008000c,0x00000025,0x00000d33,
	0x00000001,0x0000002b,0x00000ce8,0x000000cc,0x0000011f,0x00050085,0x00000025,0x00000d35,
	0x00000d33,0x00000164,0x00050081,0x00000025,0x00000d36,0x00000d35,0x00000158,0x0004006d,
	0x00000006,0x00000d37,0x00000d36,0x000500c4,0x00000006,0x00000cea,0x00000d37,0x000000e9,
	0x000500c5,0x00000006,0x00000ceb,0x00000ce6,0x00000cea,0x00050041,0x00000026,0x00000cec,
	0x00000b4a,0x000000ac,0x0004003d,0x00000025,0x00000ced,0x00000cec,0x0008000c,0x00000025,
	0x00000d3b,0x00000001,0x0000002b,0x00000ced,0x000000cc,0x0000011f,0x00050085,0x00000025,
	0x00000d3d,0x00000d3b,0x00000164,0x00050081,0x00000025,0x00000d3e,0x00000d3d,0x00000158,
	0x0004006d,0x00000006,0x00000d3f,0x00000d3e,0x000500c4,0x00000006,0x00000cef,0x00000d3f,
	0x000000de,0x000500c5,0x00000006,0x00000cf0,0x00000ceb,0x00000cef,0x000200f9,0x00000d1b,
	0x000200f8,0x00000cdd,0x000200f9,0x00000d1b,0x000200f8,0x00000d1b,0x000d00f5,0x00000006,
	0x00001559,0x00000090,0x00000cdd,0x00000cf0,0x00000cde,0x00000d03,0x00000cf1,0x00000d16,
	0x00000d04,0x00000d1a,0x00000d17,0x000200f9,0x00000d1e,0x000200f8,0x00000d1e,0x00050041,
	0x0000042d,0x00000aeb,0x0000042c,0x00000387,0x0004003d,0x00000006,0x00000aec,0x00000aeb,
	0x000500c2,0x00000006,0x00000dbf,0x00000aec,0x000000b1,0x000500c7,0x00000006,0x00000dc0,
	0x00000dbf,0x0000008e,0x000500ab,0x000000d3,0x00000aee,0x00000dc0,0x00000090,0x000300f7,
	0x00000afb,0x00000002,0x000400fa,0x00000aee,0x00000aef,0x00000af7,0x000200f8,0x00000af7,
	0x000200f9,0x000010f1,0x000200f8,0x000010f1,0x000300f7,0x0000113d,0x00000000,0x001500fb,
	0x00000ad8,0x000010f3,0x00000000,0x000010f4,0x00000001,0x000010f4,0x00000002,0x00001105,
	0x0000000a,0x00001105,0x00000003,0x0000111b,0x0000000c,0x0000111b,0x0000000e,0x00001129,
	0x00000004,0x0000112d,0x00000006,0x00001134,0x000200f8,0x00001134,0x0006000c,0x00000212,
	0x00001136,0x00000001,0x0000003e,0x00001559,0x00050051,0x00000025,0x00001137,0x00001136,
	0x00000000,0x000500c2,0x00000006,0x00001139,0x00001559,0x000000e9,0x0006000c,0x00000212,
	0x0000113a,0x00000001,0x0000003e,0x00001139,0x00050051,0x00000025,0x0000113b,0x0000113a,
	0x00000000,0x00070050,0x0000003b,0x0000113c,0x00001137,0x0000113b,0x000000cc,0x000000cc,
	0x000200f9,0x0000113d,0x000200f8,0x0000112d,0x000500c4,0x00000006,0x000011bd,0x00001559,
	0x000000e9,0x0004007c,0x0000005b,0x000011be,0x000011bd,0x000500c3,0x0000005b,0x000011bf,
	0x000011be,0x00000149,0x0004006f,0x00000025,0x000011c0,0x000011bf,0x00050085,0x00000025,
	0x000011c1,0x000011c0,0x0000014c,0x0007000c,0x00000025,0x000011c2,0x00000001,0x00000028,
	0x000011c1,0x0000014e,0x00050085,0x00000025,0x000011c4,0x000011c2,0x00000646,0x000500c2,
	0x00000006,0x00001131,0x00001559,0x000000e9,0x000500c4,0x00000006,0x000011c8,0x00001131,
	0x000000e9,0x0004007c,0x0000005b,0x000011c9,0x000011c8,0x000500c3,0x0000005b,0x000011ca,
	0x000011c9,0x00000149,0x0004006f,0x00000025,0x000011cb,0x000011ca,0x00050085,0x00000025,
	0x000011cc,0x000011cb,0x0000014c,0x0007000c,0x00000025,0x000011cd,0x00000001,0x00000028,
	0x000011cc,0x0000014e,0x00050085,0x00000025,0x000011cf,0x000011cd,0x00000646,0x00070050,
	0x0000003b,0x00001133,0x000011c4,0x000011cf,0x000000cc,0x000000cc,0x000200f9,0x0000113d,
	0x000200f8,0x00001129,0x0004007c,0x00000025,0x0000112b,0x00001559,0x00070050,0x0000003b,
	0x0000112c,0x0000112b,0x000000cc,0x000000cc,0x000000cc,0x000200f9,0x0000113d,0x000200f8,
	0x0000111b,0x000500c7,0x00000006,0x00001148,0x00001559,0x000000ee,0x000500c7,0x00000006,
	0x0000114a,0x00001559,0x000000f6,0x000500c2,0x00000006,0x0000114c,0x00001148,0x000000c6,
	0x000500aa,0x000000d3,0x0000114e,0x0000114c,0x00000090,0x000500ab,0x000000d3,0x00001150,
	0x0000114a,0x00000090,0x000500a7,0x000000d3,0x00001151,0x0000114e,0x00001150,0x000300f7,
	0x0000115f,0x00000000,0x000400fa,0x00001151,0x00001152,0x0000115f,0x000200f8,0x00001152,
	0x0006000c,0x00000006,0x00001154,0x00000001,0x0000004b,0x0000114a,0x00050082,0x00000006,
	0x00001156,0x000000c6,0x00001154,0x0004007c,0x0000005b,0x00001158,0x00001156,0x00050082,
	0x0000005b,0x00001159,0x00000108,0x00001158,0x0004007c,0x00000006,0x0000115a,0x00001159,
	0x000500c4,0x00000006,0x0000115d,0x0000114a,0x00001156,0x000500c7,0x00000006,0x0000115e,
	0x0000115d,0x000000f6,0x000200f9,0x0000115f,0x000200f8,0x0000115f,0x000700f5,0x00000006,
	0x00001574,0x0000114a,0x0000111b,0x0000115e,0x00001152,0x000700f5,0x00000006,0x00001573,
	0x0000114c,0x0000111b,0x0000115a,0x00001152,0x000500ab,0x000000d3,0x00001161,0x00001148,
	0x00000090,0x00050080,0x00000006,0x00001163,0x00001573,0x00000114,0x000500c4,0x00000006,
	0x00001164,0x00001163,0x000000bd,0x000500c4,0x00000006,0x00001166,0x00001574,0x000000e9,
	0x000500c5,0x00000006,0x00001167,0x00001164,0x00001166,0x0004007c,0x00000025,0x00001168,
	0x00001167,0x000600a9,0x00000025,0x00001169,0x00001161,0x00001168,0x000000cc,0x000500c2,
	0x00000006,0x0000111f,0x00001559,0x0000018c,0x000500c7,0x00000006,0x00001170,0x0000111f,
	0x000000ee,0x000500c7,0x00000006,0x00001172,0x0000111f,0x000000f6,0x000500c2,0x00000006,
	0x00001174,0x00001170,0x000000c6,0x000500aa,0x000000d3,0x00001176,0x00001174,0x00000090,
	0x000500ab,0x000000d3,0x00001178,0x00001172,0x00000090,0x000500a7,0x000000d3,0x00001179,
	0x00001176,0x00001178,0x000300f7,0x00001187,0x00000000,0x000400fa,0x00001179,0x0000117a,
	0x00001187,0x000200f8,0x0000117a,0x0006000c,0x00000006,0x0000117c,0x00000001,0x0000004b,
	0x00001172,0x00050082,0x00000006,0x0000117e,0x000000c6,0x0000117c,0x0004007c,0x0000005b,
	0x00001180,0x0000117e,0x00050082,0x0000005b,0x00001181,0x00000108,0x00001180,0x0004007c,
	0x00000006,0x00001182,0x00001181,0x000500c4,0x00000006,0x00001185,0x00001172,0x0000117e,
	0x000500c7,0x00000006,0x00001186,0x00001185,0x000000f6,0x000200f9,0x00001187,0x000200f8,
	0x00001187,0x000700f5,0x00000006,0x00001576,0x00001172,0x0000115f,0x00001186,0x0000117a,
	0x000700f5,0x00000006,0x00001575,0x00001174,0x0000115f,0x00001182,0x0000117a,0x000500ab,
	0x000000d3,0x00001189,0x00001170,0x00000090,0x00050080,0x00000006,0x0000118b,0x00001575,
	0x00000114,0x000500c4,0x00000006,0x0000118c,0x0000118b,0x000000bd,0x000500c4,0x00000006,
	0x0000118e,0x00001576,0x000000e9,0x000500c5,0x00000006,0x0000118f,0x0000118c,0x0000118e,
	0x0004007c,0x00000025,0x00001190,0x0000118f,0x000600a9,0x00000025,0x00001191,0x00001189,
	0x00001190,0x000000cc,0x000500c2,0x00000006,0x00001122,0x00001559,0x00000194,0x000500c7,
	0x00000006,0x00001198,0x00001122,0x000000ee,0x000500c7,0x00000006,0x0000119a,0x00001122,
	0x000000f6,0x000500c2,0x00000006,0x0000119c,0x00001198,0x000000c6,0x000500aa,0x000000d3,
	0x0000119e,0x0000119c,0x00000090,0x000500ab,0x000000d3,0x000011a0,0x0000119a,0x00000090,
	0x000500a7,0x000000d3,0x000011a1,0x0000119e,0x000011a0,0x000300f7,0x000011af,0x00000000,
	0x000400fa,0x000011a1,0x000011a2,0x000011af,0x000200f8,0x000011a2,0x0006000c,0x00000006,
	0x000011a4,0x00000001,0x0000004b,0x0000119a,0x00050082,0x00000006,0x000011a6,0x000000c6,
	0x000011a4,0x0004007c,0x0000005b,0x000011a8,0x000011a6,0x00050082,0x0000005b,0x000011a9,
	0x00000108,0x000011a8,0x0004007c,0x00000006,0x000011aa,0x000011a9,0x000500c4,0x00000006,
	0x000011ad,0x0000119a,0x000011a6,0x000500c7,0x00000006,0x000011ae,0x000011ad,0x000000f6,
	0x000200f9,0x000011af,0x000200f8,0x000011af,0x000700f5,0x00000006,0x00001578,0x0000119a,
	0x00001187,0x000011ae,0x000011a2,0x000700f5,0x00000006,0x00001577,0x0000119c,0x00001187,
	0x000011aa,0x000011a2,0x000500ab,0x000000d3,0x000011b1,0x00001198,0x00000090,0x00050080,
	0x00000006,0x000011b3,0x00001577,0x00000114,0x000500c4,0x00000006,0x000011b4,0x000011b3,
	0x000000bd,0x000500c4,0x00000006,0x000011b6,0x00001578,0x000000e9,0x000500c5,0x00000006,
	0x000011b7,0x000011b4,0x000011b6,0x0004007c,0x00000025,0x000011b8,0x000011b7,0x000600a9,
	0x00000025,0x000011b9,0x000011b1,0x000011b8,0x000000cc,0x000500c2,0x00000006,0x00001125,
	0x00001559,0x0000019d,0x00040070,0x00000025,0x00001126,0x00001125,0x00050085,0x00000025,
	0x00001127,0x00001126,0x000001ec,0x00070050,0x0000003b,0x00001128,0x00001169,0x00001191,
	0x000011b9,0x00001127,0x000200f9,0x0000113d,0x000200f8,0x00001105,0x000500c7,0x00000006,
	0x00001107,0x00001559,0x000000ee,0x00040070,0x00000025,0x00001108,0x00001107,0x000500c2,
	0x00000006,0x0000110a,0x00001559,0x0000018c,0x000500c7,0x00000006,0x0000110b,0x0000110a,
	0x000000ee,0x00040070,0x00000025,0x0000110c,0x0000110b,0x000500c2,0x00000006,0x0000110e,
	0x00001559,0x00000194,0x000500c7,0x00000006,0x0000110f,0x0000110e,0x000000ee,0x00040070,
	0x00000025,0x00001110,0x0000110f,0x00060050,0x000001e5,0x00001111,0x00001108,0x0000110c,
	0x00001110,0x0005008e,0x000001e5,0x00001112,0x00001111,0x000001e7,0x000500c2,0x00000006,
	0x00001114,0x00001559,0x0000019d,0x00040070,0x00000025,0x00001115,0x00001114,0x00050085,
	0x00000025,0x00001116,0x00001115,0x000001ec,0x00050051,0x00000025,0x00001117,0x00001112,
	0x00000000,0x00050051,0x00000025,0x00001118,0x00001112,0x00000001,0x00050051,0x00000025,
	0x00001119,0x00001112,0x00000002,0x00070050,0x0000003b,0x0000111a,0x00001117,0x00001118,
	0x00001119,0x00001116,0x000200f9,0x0000113d,0x000200f8,0x000010f4,0x000500c7,0x00000006,
	0x000010f6,0x00001559,0x000000a5,0x00040070,0x00000025,0x000010f7,0x000010f6,0x000500c2,
	0x00000006,0x000010f9,0x00001559,0x0000016f,0x000500c7,0x00000006,0x000010fa,0x000010f9,
	0x000000a5,0x00040070,0x00000025,0x000010fb,0x000010fa,0x000500c2,0x00000006,0x000010fd,
	0x00001559,0x000000e9,0x000500c7,0x00000006,0x000010fe,0x000010fd,0x000000a5,0x00040070,
	0x00000025,0x000010ff,0x000010fe,0x000500c2,0x00000006,0x00001101,0x00001559,0x000000de,
	0x00040070,0x00000025,0x00001102,0x00001101,0x00070050,0x0000003b,0x00001103,0x000010f7,
	0x000010fb,0x000010ff,0x00001102,0x0005008e,0x0000003b,0x00001104,0x00001103,0x00000140,
	0x000200f9,0x0000113d,0x000200f8,0x000010f3,0x000200f9,0x0000113d,0x000200f8,0x0000113d,
	0x001100f5,0x0000003b,0x0000157b,0x0000021b,0x000010f3,0x00001104,0x000010f4,0x0000111a,
	0x00001105,0x00001128,0x000011af,0x0000112c,0x00001129,0x00001133,0x0000112d,0x0000113c,
	0x00001134,0x000200f9,0x00001140,0x000200f8,0x00001140,0x000200f9,0x00000afb,0x000200f8,
	0x00000aef,0x00050041,0x0000042d,0x00000dca,0x0000042c,0x00000374,0x0004003d,0x00000006,
	0x00000dcb,0x00000dca,0x000500c2,0x00000006,0x00000dcc,0x00000dcb,0x000000c6,0x000500c7,
	0x00000006,0x00000dcd,0x00000dcc,0x0000008e,0x000500ab,0x000000d3,0x00000dce,0x00000dcd,
	0x00000090,0x000600a9,0x00000006,0x00000dcf,0x00000dce,0x0000008e,0x00000090,0x00050041,
	0x0000042d,0x00000dd0,0x0000042c,0x00000374,0x0004003d,0x00000006,0x00000dd1,0x00000dd0,
	0x000500c2,0x00000006,0x00000dd2,0x00000dd1,0x00000436,0x000500c7,0x00000006,0x00000dd3,
	0x00000dd2,0x0000008e,0x000500ab,0x000000d3,0x00000dd4,0x00000dd3,0x00000090,0x000600a9,
	0x00000006,0x00000dd5,0x00000dd4,0x00000173,0x00000090,0x000500c5,0x00000006,0x00000dd6,
	0x00000dcf,0x00000dd5,0x00050041,0x0000042d,0x00000dd7,0x0000042c,0x00000387,0x0004003d,
	0x00000006,0x00000dd8,0x00000dd7,0x0003003e,0x00000dc3,0x000006ae,0x00050041,0x0000042d,
	0x00000ddc,0x0000042c,0x0000039f,0x0004003d,0x00000006,0x00000ddd,0x00000ddc,0x000500c2,
	0x00000006,0x00000ec8,0x00000dd8,0x000000aa,0x000500c7,0x00000006,0x00000ec9,0x00000ec8,
	0x000000ac,0x000500ae,0x000000d3,0x00000e15,0x00000ec9,0x00000173,0x000600a9,0x00000006,
	0x00000e16,0x00000e15,0x0000008e,0x00000090,0x000500ae,0x000000d3,0x00000e18,0x00000ec9,
	0x0000008e,0x000600a9,0x00000006,0x00000e19,0x00000e18,0x0000008e,0x00000090,0x00050041,
	0x00000009,0x00000e1a,0x00000dc3,0x00000090,0x0004003d,0x00000006,0x00000e1b,0x00000e1a,
	0x000500c4,0x00000006,0x00000e1d,0x00000e1b,0x00000e16,0x000500ae,0x000000d3,0x00000e1f,
	0x00000ec9,0x00000173,0x000500c7,0x00000006,0x00000e21,0x000006ad,0x0000008e,0x000600a9,
	0x00000006,0x00000e22,0x00000e1f,0x00000e21,0x00000090,0x00050080,0x00000006,0x00000e23,
	0x00000e1d,0x00000e22,0x00050041,0x00000009,0x00000e24,0x00000dc3,0x0000008e,0x0004003d,
	0x00000006,0x00000e25,0x00000e24,0x000500c4,0x00000006,0x00000e27,0x00000e25,0x00000e19,
	0x000500ae,0x000000d3,0x00000e29,0x00000ec9,0x00000173,0x000500c2,0x00000006,0x00000e2b,
	0x000006ad,0x0000008e,0x000500aa,0x000000d3,0x00000e2d,0x00000ec9,0x0000008e,0x000600a9,
	0x00000006,0x00000e2f,0x00000e2d,0x000006ad,0x00000090,0x000600a9,0x00000006,0x00000e30,
	0x00000e29,0x00000e2b,0x00000e2f,0x00050080,0x00000006,0x00000e31,0x00000e27,0x00000e30,
	0x000500c2,0x00000006,0x00000ecd,0x00000dd8,0x000000b1,0x000500c7,0x00000006,0x00000ece,
	0x00000ecd,0x0000008e,0x000500ab,0x000000d3,0x00000e34,0x00000ece,0x00000090,0x00050084,
	0x00000006,0x00000e36,0x00000e23,0x00000173,0x00050080,0x00000006,0x00000e38,0x00000e36,
	0x0000008e,0x000600a9,0x00000006,0x00000e3a,0x00000e34,0x00000e38,0x00000e23,0x00050086,
	0x00000006,0x00000e3c,0x00000e3a,0x000002b5,0x00050089,0x00000006,0x00000e3e,0x00000e3a,
	0x000002b5,0x000500c2,0x00000006,0x00000e40,0x00000e31,0x00000277,0x000500c7,0x00000006,
	0x00000e42,0x00000e31,0x000000bf,0x000500c7,0x00000006,0x00000ed2,0x00000dd8,0x0000009e,
	0x000500c2,0x00000006,0x00000ed6,0x00000dd8,0x000000a3,0x000500c7,0x00000006,0x00000ed7,
	0x00000ed6,0x000000a5,0x000500c2,0x00000006,0x00000edb,0x00000dd8,0x000000b1,0x000500c7,
	0x00000006,0x00000edc,0x00000edb,0x0000008e,0x000500c4,0x00000006,0x00000e4a,0x00000ed7,
	0x00000edc,0x00050084,0x00000006,0x00000e4b,0x00000e40,0x00000e4a,0x00050080,0x00000006,
	0x00000e4c,0x00000ed2,0x00000e4b,0x00050080,0x00000006,0x00000e4e,0x00000e4c,0x00000e3c,
	0x000500c7,0x00000006,0x00000e4f,0x00000e4e,0x0000009e,0x000500c7,0x00000006,0x00000ee0,
	0x00000ddd,0x0000009e,0x00050082,0x00000006,0x00000e53,0x00000e4f,0x00000ee0,0x000500c7,
	0x00000006,0x00000e54,0x00000e53,0x0000009e,0x000500c2,0x00000006,0x00000ee4,0x00000ddd,
	0x000000a3,0x000500c7,0x00000006,0x00000ee5,0x00000ee4,0x000000a5,0x000500c2,0x00000006,
	0x00000ee9,0x00000ddd,0x000000b1,0x000500c7,0x00000006,0x00000eea,0x00000ee9,0x0000008e,
	0x000500c4,0x00000006,0x00000e59,0x00000ee5,0x00000eea,0x00050089,0x00000006,0x00000e5c,
	0x00000e54,0x00000e59,0x00050086,0x00000006,0x00000e5f,0x00000e54,0x00000e59,0x000500c2,
	0x00000006,0x00000eee,0x00000ddd,0x000000b7,0x000500c7,0x00000006,0x00000eef,0x00000eee,
	0x0000008e,0x000500c2,0x00000006,0x00000ef3,0x00000dd8,0x000000b7,0x000500c7,0x00000006,
	0x00000ef4,0x00000ef3,0x0000008e,0x000500ab,0x000000d3,0x00000e64,0x00000eef,0x00000ef4,
	0x000300f7,0x00000e69,0x00000000,0x000400fa,0x00000e64,0x00000e65,0x00000e69,0x000200f8,
	0x00000e65,0x00050080,0x00000006,0x00000e67,0x00000e3e,0x000002f2,0x00050089,0x00000006,
	0x00000e68,0x00000e67,0x000002b5,0x000200f9,0x00000e69,0x000200f8,0x00000e69,0x000700f5,
	0x00000006,0x0000157c,0x00000e3e,0x00000aef,0x00000e68,0x00000e65,0x000500c2,0x00000006,
	0x00000ef8,0x00000ddd,0x000000aa,0x000500c7,0x00000006,0x00000ef9,0x00000ef8,0x000000ac,
	0x00050084,0x00000006,0x00000e6d,0x00000e5c,0x000002b5,0x00050080,0x00000006,0x00000e6f,
	0x00000e6d,0x0000157c,0x000500c2,0x00000006,0x00000efd,0x00000ddd,0x000000b1,0x000500c7,
	0x00000006,0x00000efe,0x00000efd,0x0000008e,0x000500ab,0x000000d3,0x00000e72,0x00000efe,
	0x00000090,0x000300f7,0x00000e78,0x00000000,0x000400fa,0x00000e72,0x00000e73,0x00000e78,
	0x000200f8,0x00000e73,0x000500c2,0x00000006,0x00000e77,0x00000e6f,0x0000008e,0x000200f9,
	0x00000e78,0x000200f8,0x00000e78,0x000700f5,0x00000006,0x0000157d,0x00000e6f,0x00000e69,
	0x00000e77,0x00000e73,0x00050084,0x00000006,0x00000e7a,0x00000e5f,0x000000e9,0x00050080,
	0x00000006,0x00000e7c,0x00000e7a,0x00000e42,0x000500ae,0x000000d3,0x00000e7e,0x00000ef9,
	0x00000173,0x000600a9,0x00000006,0x00000e7f,0x00000e7e,0x0000008e,0x00000090,0x000500ae,
	0x000000d3,0x00000e81,0x00000ef9,0x0000008e,0x000600a9,0x00000006,0x00000e82,0x00000e81,
	0x0000008e,0x00000090,0x000500c2,0x00000006,0x00000e85,0x0000157d,0x00000e7f,0x0004007c,
	0x0000005b,0x00000e86,0x00000e85,0x000500c2,0x00000006,0x00000e89,0x00000e7c,0x00000e82,
	0x00050080,0x00000006,0x00000e8b,0x00000e89,0x0000068b,0x0004007c,0x0000005b,0x00000e8c,
	0x00000e8b,0x00050050,0x00000316,0x00000e8d,0x00000e86,0x00000e8c,0x0004007c,0x0000005b,
	0x00000e8f,0x0000064b,0x00050050,0x00000316,0x00000e90,0x00000e8f,0x00000e8f,0x00050084,
	0x00000316,0x00000e91,0x00000e8d,0x00000e90,0x0004007c,0x00000316,0x00000e93,0x000014f8,
	0x00050080,0x00000316,0x00000e94,0x00000e91,0x00000e93,0x000500c7,0x00000006,0x00000e97,
	0x0000157d,0x00000e7f,0x000500c7,0x00000006,0x00000e9a,0x00000e7c,0x00000e82,0x000500c4,
	0x00000006,0x00000e9c,0x00000e9a,0x00000e7f,0x000500c5,0x00000006,0x00000e9d,0x00000e97,
	0x00000e9c,0x000500c2,0x00000006,0x00000f02,0x00000ddd,0x000000c4,0x000500c7,0x00000006,
	0x00000f03,0x00000f02,0x000000c6,0x000500aa,0x000000d3,0x00000f09,0x00000f03,0x000000ac,
	0x000300f7,0x00000f2b,0x00000000,0x000400fa,0x00000f09,0x00000f0a,0x00000f0b,0x000200f8,
	0x00000f0b,0x000500aa,0x000000d3,0x00000f0d,0x00000ef9,0x0000008e,0x000500aa,0x000000d3,
	0x00000f0f,0x00000f03,0x0000008e,0x000500a7,0x000000d3,0x00000f10,0x00000f0d,0x00000f0f,
	0x000300f7,0x00000f2a,0x00000000,0x000400fa,0x00000f10,0x00000f11,0x00000f14,0x000200f8,
	0x00000f14,0x000500aa,0x000000d3,0x00000f16,0x00000ef9,0x0000008e,0x000500aa,0x000000d3,
	0x00000f18,0x00000f03,0x00000173,0x000500a7,0x000000d3,0x00000f19,0x00000f16,0x00000f18,
	0x000300f7,0x00000f29,0x00000000,0x000400fa,0x00000f19,0x00000f1a,0x00000f1e,0x000200f8,
	0x00000f1e,0x000500aa,0x000000d3,0x00000f20,0x00000ef9,0x00000173,0x000500aa,0x000000d3,
	0x00000f22,0x00000f03,0x00000277,0x000500a7,0x000000d3,0x00000f23,0x00000f20,0x00000f22,
	0x000300f7,0x00000f28,0x00000000,0x000400fa,0x00000f23,0x00000f24,0x00000f28,0x000200f8,
	0x00000f24,0x000500c2,0x00000006,0x00000f26,0x00000e9d,0x0000008e,0x000500c6,0x00000006,
	0x00000f27,0x00000f26,0x0000008e,0x000200f9,0x00000f28,0x000200f8,0x00000f28,0x000700f5,
	0x00000006,0x000015c0,0x00000e9d,0x00000f1e,0x00000f27,0x00000f24,0x000200f9,0x00000f29,
	0x000200f8,0x00000f1a,0x000500ab,0x000000d3,0x00000f1c,0x00000e9d,0x00000090,0x000600a9,
	0x00000006,0x00000f1d,0x00000f1c,0x000000ac,0x00000090,0x000200f9,0x00000f29,0x000200f8,
	0x00000f29,0x000700f5,0x00000006,0x000015bf,0x00000f1d,0x00000f1a,0x000015c0,0x00000f28,
	0x000200f9,0x00000f2a,0x000200f8,0x00000f11,0x000500c6,0x00000006,0x00000f13,0x00000e9d,
	0x0000008e,0x000200f9,0x00000f2a,0x000200f8,0x00000f2a,0x000700f5,0x00000006,0x000015be,
	0x00000f13,0x00000f11,0x000015bf,0x00000f29,0x000200f9,0x00000f2b,0x000200f8,0x00000f0a,
	0x000200f9,0x00000f2b,0x000200f8,0x00000f2b,0x000700f5,0x00000006,0x000015bd,0x00000090,
	0x00000f0a,0x000015be,0x00000f2a,0x0004003d,0x00000340,0x00000ea3,0x00000342,0x0004007c,
	0x0000005b,0x00000ea6,0x000015bd,0x0007005f,0x0000003b,0x00000ea7,0x00000ea3,0x00000e94,
	0x00000040,0x00000ea6,0x0003003e,0x00000e08,0x00000ea7,0x000500c2,0x00000006,0x00000f30,
	0x00000ddd,0x000000bd,0x000500c7,0x00000006,0x00000f31,0x00000f30,0x000000bf,0x000500aa,
	0x000000d3,0x00000eab,0x00000f31,0x0000008e,0x000500c7,0x00000006,0x00000ead,0x00000dd6,
	0x00000173,0x000500ab,0x000000d3,0x00000eae,0x00000ead,0x00000090,0x000500a7,0x000000d3,
	0x00000eaf,0x00000eab,0x00000eae,0x000300f7,0x00000ec1,0x00000000,0x000400fa,0x00000eaf,
	0x00000eb0,0x00000ec1,0x000200f8,0x00000eb0,0x00050041,0x00000026,0x00000eb1,0x00000e08,
	0x00000090,0x0004003d,0x00000025,0x00000eb2,0x00000eb1,0x0008000c,0x00000025,0x00000f37,
	0x00000001,0x0000002b,0x00000eb2,0x000000cc,0x0000011f,0x000500be,0x000000d3,0x00000f39,
	0x00000f37,0x00000122,0x000300f7,0x00000f46,0x00000000,0x000400fa,0x00000f39,0x00000f3a,
	0x00000f40,0x000200f8,0x00000f40,0x000500be,0x000000d3,0x00000f42,0x00000f37,0x00000134,
	0x000300f7,0x00000f45,0x00000000,0x000400fa,0x00000f42,0x00000f43,0x00000f44,0x000200f8,
	0x00000f44,0x000200f9,0x00000f45,0x000200f8,0x00000f43,0x000200f9,0x00000f45,0x000200f8,
	0x00000f45,0x000700f5,0x00000025,0x000015c6,0x00000139,0x00000f43,0x000000cc,0x00000f44,
	0x000700f5,0x00000025,0x000015c3,0x00000138,0x00000f43,0x0000013b,0x00000f44,0x000200f9,
	0x00000f46,0x000200f8,0x00000f3a,0x000500be,0x000000d3,0x00000f3c,0x00000f37,0x00000127,
	0x000300f7,0x00000f3f,0x00000000,0x000400fa,0x00000f3c,0x00000f3d,0x00000f3e,0x000200f8,
	0x00000f3e,0x000200f9,0x00000f3f,0x000200f8,0x00000f3d,0x000200f9,0x00000f3f,0x000200f8,
	0x00000f3f,0x000700f5,0x00000025,0x000015c5,0x0000012e,0x00000f3d,0x00000131,0x00000f3e,
	0x000700f5,0x00000025,0x000015c2,0x0000012c,0x00000f3d,0x00000130,0x00000f3e,0x000200f9,
	0x00000f46,0x000200f8,0x00000f46,0x000700f5,0x00000025,0x000015c4,0x000015c5,0x00000f3f,
	0x000015c6,0x00000f45,0x000700f5,0x00000025,0x000015c1,0x000015c2,0x00000f3f,0x000015c3,
	0x00000f45,0x00050085,0x00000025,0x00000f49,0x00000f37,0x000015c1,0x0006000c,0x00000025,
	0x00000f4a,0x00000001,0x00000003,0x00000f49,0x00050085,0x00000025,0x00000f4b,0x00000f4a,
	0x00000140,0x00050081,0x00000025,0x00000f4d,0x00000f4b,0x000015c4,0x00050041,0x00000026,
	0x00000eb4,0x00000e08,0x0000008e,0x0004003d,0x00000025,0x00000eb5,0x00000eb4,0x0008000c,
	0x00000025,0x00000f53,0x00000001,0x0000002b,0x00000eb5,0x000000cc,0x0000011f,0x000500be,
	0x000000d3,0x00000f55,0x00000f53,0x00000122,0x000300f7,0x00000f62,0x00000000,0x000400fa,
	0x00000f55,0x00000f56,0x00000f5c,0x000200f8,0x00000f5c,0x000500be,0x000000d3,0x00000f5e,
	0x00000f53,0x00000134,0x000300f7,0x00000f61,0x00000000,0x000400fa,0x00000f5e,0x00000f5f,
	0x00000f60,0x000200f8,0x00000f60,0x000200f9,0x00000f61,0x000200f8,0x00000f5f,0x000200f9,
	0x00000f61,0x000200f8,0x00000f61,0x000700f5,0x00000025,0x000015cc,0x00000139,0x00000f5f,
	0x000000cc,0x00000f60,0x000700f5,0x00000025,0x000015c9,0x00000138,0x00000f5f,0x0000013b,
	0x00000f60,0x000200f9,0x00000f62,0x000200f8,0x00000f56,0x000500be,0x000000d3,0x00000f58,
	0x00000f53,0x00000127,0x000300f7,0x00000f5b,0x00000000,0x000400fa,0x00000f58,0x00000f59,
	0x00000f5a,0x000200f8,0x00000f5a,0x000200f9,0x00000f5b,0x000200f8,0x00000f59,0x000200f9,
	0x00000f5b,0x000200f8,0x00000f5b,0x000700f5,0x00000025,0x000015cb,0x0000012e,0x00000f59,
	0x00000131,0x00000f5a,0x000700f5,0x00000025,0x000015c8,0x0000012c,0x00000f59,0x00000130,
	0x00000f5a,0x000200f9,0x00000f62,0x000200f8,0x00000f62,0x000700f5,0x00000025,0x000015ca,
	0x000015cb,0x00000f5b,0x000015cc,0x00000f61,0x000700f5,0x00000025,0x000015c7,0x000015c8,
	0x00000f5b,0x000015c9,0x00000f61,0x00050085,0x00000025,0x00000f65,0x00000f53,0x000015c7,
	0x0006000c,0x00000025,0x00000f66,0x00000001,0x00000003,0x00000f65,0x00050085,0x00000025,
	0x00000f67,0x00000f66,0x00000140,0x00050081,0x00000025,0x00000f69,0x00000f67,0x000015ca,
	0x00050041,0x00000026,0x00000eb7,0x00000e08,0x00000173,0x0004003d,0x00000025,0x00000eb8,
	0x00000eb7,0x0008000c,0x00000025,0x00000f6f,0x00000001,0x0000002b,0x00000eb8,0x000000cc,
	0x0000011f,0x000500be,0x000000d3,0x00000f71,0x00000f6f,0x00000122,0x000300f7,0x00000f7e,
	0x00000000,0x000400fa,0x00000f71,0x00000f72,0x00000f78,0x000200f8,0x00000f78,0x000500be,
	0x000000d3,0x00000f7a,0x00000f6f,0x00000134,0x000300f7,0x00000f7d,0x00000000,0x000400fa,
	0x00000f7a,0x00000f7b,0x00000f7c,0x000200f8,0x00000f7c,0x000200f9,0x00000f7d,0x000200f8,
	0x00000f7b,0x000200f9,0x00000f7d,0x000200f8,0x00000f7d,0x000700f5,0x00000025,0x000015d2,
	0x00000139,0x00000f7b,0x000000cc,0x00000f7c,0x000700f5,0x00000025,0x000015cf,0x00000138,
	0x00000f7b,0x0000013b,0x00000f7c,0x000200f9,0x00000f7e,0x000200f8,0x00000f72,0x000500be,
	0x000000d3,0x00000f74,0x00000f6f,0x00000127,0x000300f7,0x00000f77,0x00000000,0x000400fa,
	0x00000f74,0x00000f75,0x00000f76,0x000200f8,0x00000f76,0x000200f9,0x00000f77,0x000200f8,
	0x00000f75,0x000200f9,0x00000f77,0x000200f8,0x00000f77,0x000700f5,0x00000025,0x000015d1,
	0x0000012e,0x00000f75,0x00000131,0x00000f76,0x000700f5,0x00000025,0x000015ce,0x0000012c,
	0x00000f75,0x00000130,0x00000f76,0x000200f9,0x00000f7e,0x000200f8,0x00000f7e,0x000700f5,
	0x00000025,0x000015d0,0x000015d1,0x00000f77,0x000015d2,0x00000f7d,0x000700f5,0x00000025,
	0x000015cd,0x000015ce,0x00000f77,0x000015cf,0x00000f7d,0x00050085,0x00000025,0x00000f81,
	0x00000f6f,0x000015cd,0x0006000c,0x00000025,0x00000f82,0x00000001,0x00000003,0x00000f81,
	0x00050085,0x00000025,0x00000f83,0x00000f82,0x00000140,0x00050081,0x00000025,0x00000f85,
	0x00000f83,0x000015d0,0x00050041,0x00000026,0x00000ebb,0x00000e08,0x00000090,0x0003003e,
	0x00000ebb,0x00000f4d,0x00050041,0x00000026,0x00000ebd,0x00000e08,0x0000008e,0x0003003e,
	0x00000ebd,0x00000f69,0x00050041,0x00000026,0x00000ebf,0x00000e08,0x00000173,0x0003003e,
	0x00000ebf,0x00000f85,0x000200f9,0x00000ec1,0x000200f8,0x00000ec1,0x0004003d,0x0000003b,
	0x00000ec2,0x00000e08,0x0003003e,0x00000e0e,0x00000ec2,0x000200f9,0x00000f9f,0x000200f8,
	0x00000f9f,0x000300f7,0x00000fdf,0x00000000,0x001100fb,0x00000f31,0x00000fa1,0x00000000,
	0x00000fa2,0x00000001,0x00000fa2,0x00000002,0x00000fb5,0x0000000a,0x00000fb5,0x00000003,
	0x00000fc8,0x0000000c,0x00000fc8,0x0000000e,0x00000fdb,0x000200f8,0x00000fdb,0x00050041,
	0x00000026,0x00000fdc,0x00000e0e,0x00000090,0x0004003d,0x00000025,0x00000fdd,0x00000fdc,
	0x0004007c,0x00000006,0x00000fde,0x00000fdd,0x000200f9,0x00000fdf,0x000200f8,0x00000fc8,
	0x00050041,0x00000026,0x00000fc9,0x00000e0e,0x00000090,0x0004003d,0x00000025,0x00000fca,
	0x00000fc9,0x0008000c,0x00000025,0x00001029,0x00000001,0x0000002b,0x00000fca,0x000000cc,
	0x000000cd,0x0004007c,0x00000006,0x0000102a,0x00001029,0x000500b0,0x000000d3,0x0000102c,
	0x0000102a,0x000000d2,0x000500c7,0x00000006,0x0000102e,0x0000102a,0x000000d7,0x000500c5,
	0x00000006,0x0000102f,0x000000d5,0x0000102e,0x000500c2,0x00000006,0x00001031,0x0000102a,
	0x000000bd,0x00050082,0x00000006,0x00001032,0x000000da,0x00001031,0x0007000c,0x00000006,
	0x00001033,0x00000001,0x00000026,0x00001032,0x000000de,0x000500c2,0x00000006,0x00001034,
	0x0000102f,0x00001033,0x00050080,0x00000006,0x00001036,0x0000102a,0x000000e2,0x000600a9,
	0x00000006,0x00001037,0x0000102c,0x00001034,0x00001036,0x00050080,0x00000006,0x00001039,
	0x00001037,0x000000e6,0x000500c2,0x00000006,0x0000103b,0x00001037,0x000000e9,0x000500c7,
	0x00000006,0x0000103c,0x0000103b,0x0000008e,0x00050080,0x00000006,0x0000103d,0x00001039,
	0x0000103c,0x000500c2,0x00000006,0x0000103e,0x0000103d,0x000000e9,0x000500c7,0x00000006,
	0x0000103f,0x0000103e,0x000000ee,0x00050041,0x00000026,0x00000fcc,0x00000e0e,0x0000008e,
	0x0004003d,0x00000025,0x00000fcd,0x00000fcc,0x0008000c,0x00000025,0x00001045,0x00000001,
	0x0000002b,0x00000fcd,0x000000cc,0x000000cd,0x0004007c,0x00000006,0x00001046,0x00001045,
	0x000500b0,0x000000d3,0x00001048,0x00001046,0x000000d2,0x000500c7,0x00000006,0x0000104a,
	0x00001046,0x000000d7,0x000500c5,0x00000006,0x0000104b,0x000000d5,0x0000104a,0x000500c2,
	0x00000006,0x0000104d,0x00001046,0x000000bd,0x00050082,0x00000006,0x0000104e,0x000000da,
	0x0000104d,0x0007000c,0x00000006,0x0000104f,0x00000001,0x00000026,0x0000104e,0x000000de,
	0x000500c2,0x00000006,0x00001050,0x0000104b,0x0000104f,0x00050080,0x00000006,0x00001052,
	0x00001046,0x000000e2,0x000600a9,0x00000006,0x00001053,0x00001048,0x00001050,0x00001052,
	0x00050080,0x00000006,0x00001055,0x00001053,0x000000e6,0x000500c2,0x00000006,0x00001057,
	0x00001053,0x000000e9,0x000500c7,0x00000006,0x00001058,0x00001057,0x0000008e,0x00050080,
	0x00000006,0x00001059,0x00001055,0x00001058,0x000500c2,0x00000006,0x0000105a,0x00001059,
	0x000000e9,0x000500c7,0x00000006,0x0000105b,0x0000105a,0x000000ee,0x000500c4,0x00000006,
	0x00000fcf,0x0000105b,0x0000018c,0x000500c5,0x00000006,0x00000fd0,0x0000103f,0x00000fcf,
	0x00050041,0x00000026,0x00000fd1,0x00000e0e,0x00000173,0x0004003d,0x00000025,0x00000fd2,
	0x00000fd1,0x0008000c,0x00000025,0x00001061,0x00000001,0x0000002b,0x00000fd2,0x000000cc,
	0x000000cd,0x0004007c,0x00000006,0x00001062,0x00001061,0x000500b0,0x000000d3,0x00001064,
	0x00001062,0x000000d2,0x000500c7,0x00000006,0x00001066,0x00001062,0x000000d7,0x000500c5,
	0x00000006,0x00001067,0x000000d5,0x00001066,0x000500c2,0x00000006,0x00001069,0x00001062,
	0x000000bd,0x00050082,0x00000006,0x0000106a,0x000000da,0x00001069,0x0007000c,0x00000006,
	0x0000106b,0x00000001,0x00000026,0x0000106a,0x000000de,0x000500c2,0x00000006,0x0000106c,
	0x00001067,0x0000106b,0x00050080,0x00000006,0x0000106e,0x00001062,0x000000e2,0x000600a9,
	0x00000006,0x0000106f,0x00001064,0x0000106c,0x0000106e,0x00050080,0x00000006,0x00001071,
	0x0000106f,0x000000e6,0x000500c2,0x00000006,0x00001073,0x0000106f,0x000000e9,0x000500c7,
	0x00000006,0x00001074,0x00001073,0x0000008e,0x00050080,0x00000006,0x00001075,0x00001071,
	0x00001074,0x000500c2,0x00000006,0x00001076,0x00001075,0x000000e9,0x000500c7,0x00000006,
	0x00001077,0x00001076,0x000000ee,0x000500c4,0x00000006,0x00000fd4,0x00001077,0x00000194,
	0x000500c5,0x00000006,0x00000fd5,0x00000fd0,0x00000fd4,0x00050041,0x00000026,0x00000fd6,
	0x00000e0e,0x000000ac,0x0004003d,0x00000025,0x00000fd7,0x00000fd6,0x0008000c,0x00000025,
	0x0000107b,0x00000001,0x0000002b,0x00000fd7,0x000000cc,0x0000011f,0x00050085,0x00000025,
	0x0000107d,0x0000107b,0x00000197,0x00050081,0x00000025,0x0000107e,0x0000107d,0x00000158,
	0x0004006d,0x00000006,0x0000107f,0x0000107e,0x000500c4,0x00000006,0x00000fd9,0x0000107f,
	0x0000019d,0x000500c5,0x00000006,0x00000fda,0x00000fd5,0x00000fd9,0x000200f9,0x00000fdf,
	0x000200f8,0x00000fb5,0x00050041,0x00000026,0x00000fb6,0x00000e0e,0x00000090,0x0004003d,
	0x00000025,0x00000fb7,0x00000fb6,0x0008000c,0x00000025,0x00001007,0x00000001,0x0000002b,
	0x00000fb7,0x000000cc,0x0000011f,0x00050085,0x00000025,0x00001009,0x00001007,0x0000013b,
	0x00050081,0x00000025,0x0000100a,0x00001009,0x00000158,0x0004006d,0x00000006,0x0000100b,
	0x0000100a,0x00050041,0x00000026,0x00000fb9,0x00000e0e,0x0000008e,0x0004003d,0x00000025,
	0x00000fba,0x00000fb9,0x0008000c,0x00000025,0x0000100f,0x00000001,0x0000002b,0x00000fba,
	0x000000cc,0x0000011f,0x00050085,0x00000025,0x00001011,0x0000100f,0x0000013b,0x00050081,
	0x00000025,0x00001012,0x00001011,0x00000158,0x0004006d,0x00000006,0x00001013,0x00001012,
	0x000500c4,0x00000006,0x00000fbc,0x00001013,0x0000018c,0x000500c5,0x00000006,0x00000fbd,
	0x0000100b,0x00000fbc,0x00050041,0x00000026,0x00000fbe,0x00000e0e,0x00000173,0x0004003d,
	0x00000025,0x00000fbf,0x00000fbe,0x0008000c,0x00000025,0x00001017,0x00000001,0x0000002b,
	0x00000fbf,0x000000cc,0x0000011f,0x00050085,0x00000025,0x00001019,0x00001017,0x0000013b,
	0x00050081,0x00000025,0x0000101a,0x00001019,0x00000158,0x0004006d,0x00000006,0x0000101b,
	0x0000101a,0x000500c4,0x00000006,0x00000fc1,0x0000101b,0x00000194,0x000500c5,0x00000006,
	0x00000fc2,0x00000fbd,0x00000fc1,0x00050041,0x00000026,0x00000fc3,0x00000e0e,0x000000ac,
	0x0004003d,0x00000025,0x00000fc4,0x00000fc3,0x0008000c,0x00000025,0x0000101f,0x00000001,
	0x0000002b,0x00000fc4,0x000000cc,0x0000011f,0x00050085,0x00000025,0x00001021,0x0000101f,
	0x00000197,0x00050081,0x00000025,0x00001022,0x00001021,0x00000158,0x0004006d,0x00000006,
	0x00001023,0x00001022,0x000500c4,0x00000006,0x00000fc6,0x00001023,0x0000019d,0x000500c5,
	0x00000006,0x00000fc7,0x00000fc2,0x00000fc6,0x000200f9,0x00000fdf,0x000200f8,0x00000fa2,
	0x00050041,0x00000026,0x00000fa3,0x00000e0e,0x00000090,0x0004003d,0x00000025,0x00000fa4,
	0x00000fa3,0x0008000c,0x00000025,0x00000fe7,0x00000001,0x0000002b,0x00000fa4,0x000000cc,
	0x0000011f,0x00050085,0x00000025,0x00000fe9,0x00000fe7,0x00000164,0x00050081,0x00000025,
	0x00000fea,0x00000fe9,0x00000158,0x0004006d,0x00000006,0x00000feb,0x00000fea,0x00050041,
	0x00000026,0x00000fa6,0x00000e0e,0x0000008e,0x0004003d,0x00000025,0x00000fa7,0x00000fa6,
	0x0008000c,0x00000025,0x00000fef,0x00000001,0x0000002b,0x00000fa7,0x000000cc,0x0000011f,
	0x00050085,0x00000025,0x00000ff1,0x00000fef,0x00000164,0x00050081,0x00000025,0x00000ff2,
	0x00000ff1,0x00000158,0x0004006d,0x00000006,0x00000ff3,0x00000ff2,0x000500c4,0x00000006,
	0x00000fa9,0x00000ff3,0x0000016f,0x000500c5,0x00000006,0x00000faa,0x00000feb,0x00000fa9,
	0x00050041,0x00000026,0x00000fab,0x00000e0e,0x00000173,0x0004003d,0x00000025,0x00000fac,
	0x00000fab,0x0008000c,0x00000025,0x00000ff7,0x00000001,0x0000002b,0x00000fac,0x000000cc,
	0x0000011f,0x00050085,0x00000025,0x00000ff9,0x00000ff7,0x00000164,0x00050081,0x00000025,
	0x00000ffa,0x00000ff9,0x00000158,0x0004006d,0x00000006,0x00000ffb,0x00000ffa,0x000500c4,
	0x00000006,0x00000fae,0x00000ffb,0x000000e9,0x000500c5,0x00000006,0x00000faf,0x00000faa,
	0x00000fae,0x00050041,0x00000026,0x00000fb0,0x00000e0e,0x000000ac,0x0004003d,0x00000025,
	0x00000fb1,0x00000fb0,0x0008000c,0x00000025,0x00000fff,0x00000001,0x0000002b,0x00000fb1,
	0x000000cc,0x0000011f,0x00050085,0x00000025,0x00001001,0x00000fff,0x00000164,0x00050081,
	0x00000025,0x00001002,0x00001001,0x00000158,0x0004006d,0x00000006,0x00001003,0x00001002,
	0x000500c4,0x00000006,0x00000fb3,0x00001003,0x000000de,0x000500c5,0x00000006,0x00000fb4,
	0x00000faf,0x00000fb3,0x000200f9,0x00000fdf,0x000200f8,0x00000fa1,0x000200f9,0x00000fdf,
	0x000200f8,0x00000fdf,0x000d00f5,0x00000006,0x000015d5,0x00000090,0x00000fa1,0x00000fb4,
	0x00000fa2,0x00000fc7,0x00000fb5,0x00000fda,0x00000fc8,0x00000fde,0x00000fdb,0x000200f9,
	0x00000fe2,0x000200f8,0x00000fe2,0x00050050,0x00000007,0x00000af4,0x00001559,0x000015d5,
	0x0003003e,0x00000ae2,0x00000af4,0x000200f9,0x00001088,0x000200f8,0x00001088,0x000300f7,
	0x000010b7,0x00000000,0x000900fb,0x00000ad8,0x0000108a,0x00000005,0x0000108b,0x00000007,
	0x0000109b,0x0000000f,0x000010af,0x000200f8,0x000010af,0x00050041,0x00000009,0x000010b0,
	0x00000ae2,0x00000090,0x0004003d,0x00000006,0x000010b1,0x000010b0,0x0004007c,0x00000025,
	0x000010b2,0x000010b1,0x00050041,0x00000009,0x000010b3,0x00000ae2,0x0000008e,0x0004003d,
	0x00000006,0x000010b4,0x000010b3,0x0004007c,0x00000025,0x000010b5,0x000010b4,0x00070050,
	0x0000003b,0x000010b6,0x000010b2,0x000010b5,0x000000cc,0x000000cc,0x000200f9,0x000010b7,
	0x000200f8,0x0000109b,0x00050041,0x00000009,0x0000109c,0x00000ae2,0x00000090,0x0004003d,
	0x00000006,0x0000109d,0x0000109c,0x0006000c,0x00000212,0x0000109e,0x00000001,0x0000003e,
	0x0000109d,0x00050051,0x00000025,0x0000109f,0x0000109e,0x00000000,0x00050041,0x00000009,
	0x000010a0,0x00000ae2,0x00000090,0x0004003d,0x00000006,0x000010a1,0x000010a0,0x000500c2,
	0x00000006,0x000010a2,0x000010a1,0x000000e9,0x0006000c,0x00000212,0x000010a3,0x00000001,
	0x0000003e,0x000010a2,0x00050051,0x00000025,0x000010a4,0x000010a3,0x00000000,0x00050041,
	0x00000009,0x000010a5,0x00000ae2,0x0000008e,0x0004003d,0x00000006,0x000010a6,0x000010a5,
	0x0006000c,0x00000212,0x000010a7,0x00000001,0x0000003e,0x000010a6,0x00050051,0x00000025,
	0x000010a8,0x000010a7,0x00000000,0x00050041,0x00000009,0x000010a9,0x00000ae2,0x0000008e,
	0x0004003d,0x00000006,0x000010aa,0x000010a9,0x000500c2,0x00000006,0x000010ab,0x000010aa,
	0x000000e9,0x0006000c,0x00000212,0x000010ac,0x00000001,0x0000003e,0x000010ab,0x00050051,
	0x00000025,0x000010ad,0x000010ac,0x00000000,0x00070050,0x0000003b,0x000010ae,0x0000109f,
	0x000010a4,0x000010a8,0x000010ad,0x000200f9,0x000010b7,0x000200f8,0x0000108b,0x00050041,
	0x00000009,0x0000108c,0x00000ae2,0x00000090,0x0004003d,0x00000006,0x0000108d,0x0000108c,
	0x000500c4,0x00000006,0x000010bf,0x0000108d,0x000000e9,0x0004007c,0x0000005b,0x000010c0,
	0x000010bf,0x000500c3,0x0000005b,0x000010c1,0x000010c0,0x00000149,0x0004006f,0x00000025,
	0x000010c2,0x000010c1,0x00050085,0x00000025,0x000010c3,0x000010c2,0x0000014c,0x0007000c,
	0x00000025,0x000010c4,0x00000001,0x00000028,0x000010c3,0x0000014e,0x00050085,0x00000025,
	0x000010c6,0x000010c4,0x00000646,0x00050041,0x00000009,0x0000108f,0x00000ae2,0x00000090,
	0x0004003d,0x00000006,0x00001090,0x0000108f,0x000500c2,0x00000006,0x00001091,0x00001090,
	0x000000e9,0x000500c4,0x00000006,0x000010ca,0x00001091,0x000000e9,0x0004007c,0x0000005b,
	0x000010cb,0x000010ca,0x000500c3,0x0000005b,0x000010cc,0x000010cb,0x00000149,0x0004006f,
	0x00000025,0x000010cd,0x000010cc,0x00050085,0x00000025,0x000010ce,0x000010cd,0x0000014c,
	0x0007000c,0x00000025,0x000010cf,0x00000001,0x00000028,0x000010ce,0x0000014e,0x00050085,
	0x00000025,0x000010d1,0x000010cf,0x00000646,0x00050041,0x00000009,0x00001093,0x00000ae2,
	0x0000008e,0x0004003d,0x00000006,0x00001094,0x00001093,0x000500c4,0x00000006,0x000010d5,
	0x00001094,0x000000e9,0x0004007c,0x0000005b,0x000010d6,0x000010d5,0x000500c3,0x0000005b,
	0x000010d7,0x000010d6,0x00000149,0x0004006f,0x00000025,0x000010d8,0x000010d7,0x00050085,
	0x00000025,0x000010d9,0x000010d8,0x0000014c,0x0007000c,0x00000025,0x000010da,0x00000001,
	0x00000028,0x000010d9,0x0000014e,0x00050085,0x00000025,0x000010dc,0x000010da,0x00000646,
	0x00050041,0x00000009,0x00001096,0x00000ae2,0x0000008e,0x0004003d,0x00000006,0x00001097,
	0x00001096,0x000500c2,0x00000006,0x00001098,0x00001097,0x000000e9,0x000500c4,0x00000006,
	0x000010e0,0x00001098,0x000000e9,0x0004007c,0x0000005b,0x000010e1,0x000010e0,0x000500c3,
	0x0000005b,0x000010e2,0x000010e1,0x00000149,0x0004006f,0x00000025,0x000010e3,0x000010e2,
	0x00050085,0x00000025,0x000010e4,0x000010e3,0x0000014c,0x0007000c,0x00000025,0x000010e5,
	0x00000001,0x00000028,0x000010e4,0x0000014e,0x00050085,0x00000025,0x000010e7,0x000010e5,
	0x00000646,0x00070050,0x0000003b,0x0000109a,0x000010c6,0x000010d1,0x000010dc,0x000010e7,
	0x000200f9,0x000010b7,0x000200f8,0x0000108a,0x000200f9,0x000010b7,0x000200f8,0x000010b7,
	0x000b00f5,0x0000003b,0x000015ed,0x0000021b,0x0000108a,0x0000109a,0x0000108b,0x000010ae,
	0x0000109b,0x000010b6,0x000010af,0x000200f9,0x000010ba,0x000200f8,0x000010ba,0x000200f9,
	0x00000afb,0x000200f8,0x00000afb,0x000700f5,0x0000003b,0x000015ee,0x000015ed,0x000010ba,
	0x0000157b,0x00001140,0x0004003d,0x0000003b,0x000006b1,0x00000601,0x00050081,0x0000003b,
	0x000006b2,0x000006b1,0x000015ee,0x0003003e,0x00000601,0x000006b2,0x000200f9,0x000006b3,
	0x000200f8,0x000006b3,0x00050080,0x00000006,0x000006b5,0x000014f9,0x00000108,0x000200f9,
	0x000006a5,0x000200f8,0x000006b6,0x00040070,0x00000025,0x000006b8,0x000014fb,0x00050088,
	0x00000025,0x000006b9,0x0000011f,0x000006b8,0x0004003d,0x0000003b,0x000006ba,0x00000601,
	0x0005008e,0x0000003b,0x000006bb,0x000006ba,0x000006b9,0x00050041,0x0000042d,0x000006bc,
	0x0000042c,0x00000374,0x0004003d,0x00000006,0x000006bd,0x000006bc,0x000500c4,0x00000006,
	0x000006be,0x000006bd,0x000000e9,0x0004007c,0x0000005b,0x000006bf,0x000006be,0x000500c3,
	0x0000005b,0x000006c0,0x000006bf,0x0000053a,0x00050080,0x0000005b,0x000006c2,0x0000053c,
	0x000006c0,0x0004007c,0x00000006,0x000006c3,0x000006c2,0x000500c4,0x00000006,0x000006c4,
	0x000006c3,0x000000bd,0x0004007c,0x00000025,0x000006c5,0x000006c4,0x0005008e,0x0000003b,
	0x000006c7,0x000006bb,0x000006c5,0x0003003e,0x00000601,0x000006c7,0x00050041,0x0000042d,
	0x000006c8,0x0000042c,0x00000374,0x0004003d,0x00000006,0x000006c9,0x000006c8,0x000500c2,
	0x00000006,0x000006ca,0x000006c9,0x00000546,0x000500c7,0x00000006,0x000006cb,0x000006ca,
	0x0000008e,0x000500ab,0x000000d3,0x000006cc,0x000006cb,0x00000090,0x000300f7,0x000006d0,
	0x00000000,0x000400fa,0x000006cc,0x000006cd,0x000006d0,0x000200f8,0x000006cd,0x0004003d,
	0x0000003b,0x000006ce,0x00000601,0x0009004f,0x0000003b,0x000006cf,0x000006ce,0x000006ce,
	0x00000002,0x00000001,0x00000000,0x00000003,0x0003003e,0x00000601,0x000006cf,0x000200f9,
	0x000006d0,0x000200f8,0x000006d0,0x000500aa,0x000000d3,0x000006d2,0x0000065c,0x00000090,
	0x000300f7,0x00000725,0x00000000,0x000400fa,0x000006d2,0x000006d3,0x000006db,0x000200f8,
	0x000006db,0x000500aa,0x000000d3,0x000006dd,0x0000065c,0x0000008e,0x000300f7,0x00000724,
	0x00000000,0x000400fa,0x000006dd,0x000006de,0x000006e6,0x000200f8,0x000006e6,0x000500aa,
	0x000000d3,0x000006e8,0x0000065c,0x00000173,0x000300f7,0x00000723,0x00000000,0x000400fa,
	0x000006e8,0x000006e9,0x000006f2,0x000200f8,0x000006f2,0x00050041,0x00000026,0x000006f3,
	0x00000601,0x00000090,0x0004003d,0x00000025,0x000006f4,0x000006f3,0x00050050,0x00000212,
	0x000006f5,0x000006f4,0x000000cc,0x0006000c,0x00000006,0x000006f6,0x00000001,0x0000003a,
	0x000006f5,0x00050041,0x00000026,0x000006f7,0x00000601,0x0000008e,0x0004003d,0x00000025,
	0x000006f8,0x000006f7,0x00050050,0x00000212,0x000006f9,0x000006f8,0x000000cc,0x0006000c,
	0x00000006,0x000006fa,0x00000001,0x0000003a,0x000006f9,0x000500c4,0x00000006,0x000006fb,
	0x000006fa,0x000000e9,0x000500c5,0x00000006,0x000006fc,0x000006f6,0x000006fb,0x00050041,
	0x00000026,0x000006fd,0x00000601,0x00000173,0x0004003d,0x00000025,0x000006fe,0x000006fd,
	0x00050050,0x00000212,0x000006ff,0x000006fe,0x000000cc,0x0006000c,0x00000006,0x00000700,
	0x00000001,0x0000003a,0x000006ff,0x00050041,0x00000026,0x00000701,0x00000601,0x000000ac,
	0x0004003d,0x00000025,0x00000702,0x00000701,0x00050050,0x00000212,0x00000703,0x00000702,
	0x000000cc,0x0006000c,0x00000006,0x00000704,0x00000001,0x0000003a,0x00000703,0x000500c4,
	0x00000006,0x00000705,0x00000704,0x000000e9,0x000500c5,0x00000006,0x00000706,0x00000700,
	0x00000705,0x00050050,0x00000007,0x00000707,0x000006fc,0x00000706,0x0003003e,0x0000061c,
	0x00000707,0x000500c2,0x0000005b,0x00000709,0x000014ff,0x00000387,0x00050041,0x00000009,
	0x0000070b,0x0000061c,0x00000090,0x0004003d,0x00000006,0x0000070c,0x0000070b,0x000500aa,
	0x000000d3,0x00001457,0x00000660,0x0000008e,0x000300f7,0x0000147b,0x00000000,0x000400fa,
	0x00001457,0x00001458,0x00001460,0x000200f8,0x00001460,0x000500aa,0x000000d3,0x00001462,
	0x00000660,0x00000173,0x000300f7,0x0000147a,0x00000000,0x000400fa,0x00001462,0x00001463,
	0x00001470,0x000200f8,0x00001470,0x000500aa,0x000000d3,0x00001472,0x00000660,0x000000ac,
	0x000300f7,0x00001479,0x00000000,0x000400fa,0x00001472,0x00001473,0x00001479,0x000200f8,
	0x00001473,0x000500c4,0x00000006,0x00001475,0x0000070c,0x000000e9,0x000500c2,0x00000006,
	0x00001477,0x0000070c,0x000000e9,0x000500c5,0x00000006,0x00001478,0x00001475,0x00001477,
	0x000200f9,0x00001479,0x000200f8,0x00001479,0x000700f5,0x00000006,0x00001502,0x0000070c,
	0x00001470,0x00001478,0x00001473,0x000200f9,0x0000147a,0x000200f8,0x00001463,0x000500c7,
	0x00000006,0x00001465,0x0000070c,0x000003f7,0x000500c4,0x00000006,0x00001466,0x00001465,
	0x0000016f,0x000500c7,0x00000006,0x00001468,0x0000070c,0x000003fb,0x000500c2,0x00000006,
	0x00001469,0x00001468,0x0000016f,0x000500c5,0x00000006,0x0000146a,0x00001466,0x00001469,
	0x000500c4,0x00000006,0x0000146c,0x0000146a,0x000000e9,0x000500c2,0x00000006,0x0000146e,
	0x0000146a,0x000000e9,0x000500c5,0x00000006,0x0000146f,0x0000146c,0x0000146e,0x000200f9,
	0x0000147a,0x000200f8,0x0000147a,0x000700f5,0x00000006,0x00001501,0x0000146f,0x00001463,
	0x00001502,0x00001479,0x000200f9,0x0000147b,0x000200f8,0x00001458,0x000500c7,0x00000006,
	0x0000145a,0x0000070c,0x000003f7,0x000500c4,0x00000006,0x0000145b,0x0000145a,0x0000016f,
	0x000500c7,0x00000006,0x0000145d,0x0000070c,0x000003fb,0x000500c2,0x00000006,0x0000145e,
	0x0000145d,0x0000016f,0x000500c5,0x00000006,0x0000145f,0x0000145b,0x0000145e,0x000200f9,
	0x0000147b,0x000200f8,0x0000147b,0x000700f5,0x00000006,0x00001500,0x0000145f,0x00001458,
	0x00001501,0x0000147a,0x000200f9,0x000014a4,0x000200f8,0x000014a4,0x00060041,0x00000427,
	0x00000715,0x00000423,0x00000424,0x00000709,0x0003003e,0x00000715,0x00001500,0x00050080,
	0x0000005b,0x00000717,0x00000709,0x00000108,0x000200f9,0x000014cd,0x000200f8,0x000014cd,
	0x00050041,0x00000009,0x0000071c,0x0000061c,0x0000008e,0x0004003d,0x00000006,0x0000071d,
	0x0000071c,0x000500aa,0x000000d3,0x000014d2,0x00000660,0x0000008e,0x000300f7,0x000014f6,
	0x00000000,0x000400fa,0x000014d2,0x000014d3,0x000014db,0x000200f8,0x000014db,0x000500aa,
	0x000000d3,0x000014dd,0x00000660,0x00000173,0x000300f7,0x000014f5,0x00000000,0x000400fa,
	0x000014dd,0x000014de,0x000014eb,0x000200f8,0x000014eb,0x000500aa,0x000000d3,0x000014ed,
	0x00000660,0x000000ac,0x000300f7,0x000014f4,0x00000000,0x000400fa,0x000014ed,0x000014ee,
	0x000014f4,0x000200f8,0x000014ee,0x000500c4,0x00000006,0x000014f0,0x0000071d,0x000000e9,
	0x000500c2,0x00000006,0x000014f2,0x0000071d,0x000000e9,0x000500c5,0x00000006,0x000014f3,
	0x000014f0,0x000014f2,0x000200f9,0x000014f4,0x000200f8,0x000014f4,0x000700f5,0x00000006,
	0x0000150b,0x0000071d,0x000014eb,0x000014f3,0x000014ee,0x000200f9,0x000014f5,0x000200f8,
	0x000014de,0x000500c7,0x00000006,0x000014e0,0x0000071d,0x000003f7,0x000500c4,0x00000006,
	0x000014e1,0x000014e0,0x0000016f,0x000500c7,0x00000006,0x000014e3,0x0000071d,0x000003fb,
	0x000500c2,0x00000006,0x000014e4,0x000014e3,0x0000016f,0x000500c5,0x00000006,0x000014e5,
	0x000014e1,0x000014e4,0x000500c4,0x00000006,0x000014e7,0x000014e5,0x000000e9,0x000500c2,
	0x00000006,0x000014e9,0x000014e5,0x000000e9,0x000500c5,0x00000006,0x000014ea,0x000014e7,
	0x000014e9,0x000200f9,0x000014f5,0x000200f8,0x000014f5,0x000700f5,0x00000006,0x0000150a,
	0x000014ea,0x000014de,0x0000150b,0x000014f4,0x000200f9,0x000014f6,0x000200f8,0x000014d3,
	0x000500c7,0x00000006,0x000014d5,0x0000071d,0x000003f7,0x000500c4,0x00000006,0x000014d6,
	0x000014d5,0x0000016f,0x000500c7,0x00000006,0x000014d8,0x0000071d,0x000003fb,0x000500c2,
	0x00000006,0x000014d9,0x000014d8,0x0000016f,0x000500c5,0x00000006,0x000014da,0x000014d6,
	0x000014d9,0x000200f9,0x000014f6,0x000200f8,0x000014f6,0x000700f5,0x00000006,0x00001509,
	0x000014da,0x000014d3,0x0000150a,0x000014f5,0x00060041,0x00000427,0x00000722,0x00000423,
	0x00000424,0x00000717,0x0003003e,0x00000722,0x00001509,0x000200f9,0x00000723,0x000200f8,
	0x000006e9,0x00050041,0x00000026,0x000006ea,0x00000601,0x00000090,0x0004003d,0x00000025,
	0x000006eb,0x000006ea,0x0004007c,0x00000006,0x000006ec,0x000006eb,0x000500aa,0x000000d3,
	0x00001427,0x00000660,0x0000008e,0x000300f7,0x0000144b,0x00000000,0x000400fa,0x00001427,
	0x00001428,0x00001430,0x000200f8,0x00001430,0x000500aa,0x000000d3,0x00001432,0x00000660,
	0x00000173,0x000300f7,0x0000144a,0x00000000,0x000400fa,0x00001432,0x00001433,0x00001440,
	0x000200f8,0x00001440,0x000500aa,0x000000d3,0x00001442,0x00000660,0x000000ac,0x000300f7,
	0x00001449,0x00000000,0x000400fa,0x00001442,0x00001443,0x00001449,0x000200f8,0x00001443,
	0x000500c4,0x00000006,0x00001445,0x000006ec,0x000000e9,0x000500c2,0x00000006,0x00001447,
	0x000006ec,0x000000e9,0x000500c5,0x00000006,0x00001448,0x00001445,0x00001447,0x000200f9,
	0x00001449,0x000200f8,0x00001449,0x000700f5,0x00000006,0x0000150e,0x000006ec,0x00001440,
	0x00001448,0x00001443,0x000200f9,0x0000144a,0x000200f8,0x00001433,0x000500c7,0x00000006,
	0x00001435,0x000006ec,0x000003f7,0x000500c4,0x00000006,0x00001436,0x00001435,0x0000016f,
	0x000500c7,0x00000006,0x00001438,0x000006ec,0x000003fb,0x000500c2,0x00000006,0x00001439,
	0x00001438,0x0000016f,0x000500c5,0x00000006,0x0000143a,0x00001436,0x00001439,0x000500c4,
	0x00000006,0x0000143c,0x0000143a,0x000000e9,0x000500c2,0x00000006,0x0000143e,0x0000143a,
	0x000000e9,0x000500c5,0x00000006,0x0000143f,0x0000143c,0x0000143e,0x000200f9,0x0000144a,
	0x000200f8,0x0000144a,0x000700f5,0x00000006,0x0000150d,0x0000143f,0x00001433,0x0000150e,
	0x00001449,0x000200f9,0x0000144b,0x000200f8,0x00001428,0x000500c7,0x00000006,0x0000142a,
	0x000006ec,0x000003f7,0x000500c4,0x00000006,0x0000142b,0x0000142a,0x0000016f,0x000500c7,
	0x00000006,0x0000142d,0x000006ec,0x000003fb,0x000500c2,0x00000006,0x0000142e,0x0000142d,
	0x0000016f,0x000500c5,0x00000006,0x0000142f,0x0000142b,0x0000142e,0x000200f9,0x0000144b,
	0x000200f8,0x0000144b,0x000700f5,0x00000006,0x0000150c,0x0000142f,0x00001428,0x0000150d,
	0x0000144a,0x000500c2,0x0000005b,0x00001450,0x000014ff,0x00000387,0x00060041,0x00000427,
	0x00001453,0x00000423,0x00000424,0x00001450,0x0003003e,0x00001453,0x0000150c,0x000200f9,
	0x00000723,0x000200f8,0x00000723,0x000200f9,0x00000724,0x000200f8,0x000006de,0x0004003d,
	0x0000003b,0x000006df,0x00000601,0x0003003e,0x00000610,0x000006df,0x000200f9,0x00001313,
	0x000200f8,0x00001313,0x000200f9,0x00001329,0x000200f8,0x00001329,0x00050041,0x00000026,
	0x0000132a,0x00000610,0x00000090,0x0004003d,0x00000025,0x0000132b,0x0000132a,0x0008000c,
	0x00000025,0x0000137b,0x00000001,0x0000002b,0x0000132b,0x000000cc,0x0000011f,0x00050085,
	0x00000025,0x0000137d,0x0000137b,0x0000013b,0x00050081,0x00000025,0x0000137e,0x0000137d,
	0x00000158,0x0004006d,0x00000006,0x0000137f,0x0000137e,0x00050041,0x00000026,0x0000132d,
	0x00000610,0x0000008e,0x0004003d,0x00000025,0x0000132e,0x0000132d,0x0008000c,0x00000025,
	0x00001383,0x00000001,0x0000002b,0x0000132e,0x000000cc,0x0000011f,0x00050085,0x00000025,
	0x00001385,0x00001383,0x0000013b,0x00050081,0x00000025,0x00001386,0x00001385,0x00000158,
	0x0004006d,0x00000006,0x00001387,0x00001386,0x000500c4,0x00000006,0x00001330,0x00001387,
	0x0000018c,0x000500c5,0x00000006,0x00001331,0x0000137f,0x00001330,0x00050041,0x00000026,
	0x00001332,0x00000610,0x00000173,0x0004003d,0x00000025,0x00001333,0x00001332,0x0008000c,
	0x00000025,0x0000138b,0x00000001,0x0000002b,0x00001333,0x000000cc,0x0000011f,0x00050085,
	0x00000025,0x0000138d,0x0000138b,0x0000013b,0x00050081,0x00000025,0x0000138e,0x0000138d,
	0x00000158,0x0004006d,0x00000006,0x0000138f,0x0000138e,0x000500c4,0x00000006,0x00001335,
	0x0000138f,0x00000194,0x000500c5,0x00000006,0x00001336,0x00001331,0x00001335,0x00050041,
	0x00000026,0x00001337,0x00000610,0x000000ac,0x0004003d,0x00000025,0x00001338,0x00001337,
	0x0008000c,0x00000025,0x00001393,0x00000001,0x0000002b,0x00001338,0x000000cc,0x0000011f,
	0x00050085,0x00000025,0x00001395,0x00001393,0x00000197,0x00050081,0x00000025,0x00001396,
	0x00001395,0x00000158,0x0004006d,0x00000006,0x00001397,0x00001396,0x000500c4,0x00000006,
	0x0000133a,0x00001397,0x0000019d,0x000500c5,0x00000006,0x0000133b,0x00001336,0x0000133a,
	0x000200f9,0x00001353,0x000200f8,0x00001353,0x000200f9,0x00001356,0x000200f8,0x00001356,
	0x000500aa,0x000000d3,0x000013f7,0x00000660,0x0000008e,0x000300f7,0x0000141b,0x00000000,
	0x000400fa,0x000013f7,0x000013f8,0x00001400,0x000200f8,0x00001400,0x000500aa,0x000000d3,
	0x00001402,0x00000660,0x00000173,0x000300f7,0x0000141a,0x00000000,0x000400fa,0x00001402,
	0x00001403,0x00001410,0x000200f8,0x00001410,0x000500aa,0x000000d3,0x00001412,0x00000660,
	0x000000ac,0x000300f7,0x00001419,0x00000000,0x000400fa,0x00001412,0x00001413,0x00001419,
	0x000200f8,0x00001413,0x000500c4,0x00000006,0x00001415,0x0000133b,0x000000e9,0x000500c2,
	0x00000006,0x00001417,0x0000133b,0x000000e9,0x000500c5,0x00000006,0x00001418,0x00001415,
	0x00001417,0x000200f9,0x00001419,0x000200f8,0x00001419,0x000700f5,0x00000006,0x00001517,
	0x0000133b,0x00001410,0x00001418,0x00001413,0x000200f9,0x0000141a,0x000200f8,0x00001403,
	0x000500c7,0x00000006,0x00001405,0x0000133b,0x000003f7,0x000500c4,0x00000006,0x00001406,
	0x00001405,0x0000016f,0x000500c7,0x00000006,0x00001408,0x0000133b,0x000003fb,0x000500c2,
	0x00000006,0x00001409,0x00001408,0x0000016f,0x000500c5,0x00000006,0x0000140a,0x00001406,
	0x00001409,0x000500c4,0x00000006,0x0000140c,0x0000140a,0x000000e9,0x000500c2,0x00000006,
	0x0000140e,0x0000140a,0x000000e9,0x000500c5,0x00000006,0x0000140f,0x0000140c,0x0000140e,
	0x000200f9,0x0000141a,0x000200f8,0x0000141a,0x000700f5,0x00000006,0x00001516,0x0000140f,
	0x00001403,0x00001517,0x00001419,0x000200f9,0x0000141b,0x000200f8,0x000013f8,0x000500c7,
	0x00000006,0x000013fa,0x0000133b,0x000003f7,0x000500c4,0x00000006,0x000013fb,0x000013fa,
	0x0000016f,0x000500c7,0x00000006,0x000013fd,0x0000133b,0x000003fb,0x000500c2,0x00000006,
	0x000013fe,0x000013fd,0x0000016f,0x000500c5,0x00000006,0x000013ff,0x000013fb,0x000013fe,
	0x000200f9,0x0000141b,0x000200f8,0x0000141b,0x000700f5,0x00000006,0x00001515,0x000013ff,
	0x000013f8,0x00001516,0x0000141a,0x000500c2,0x0000005b,0x00001420,0x000014ff,0x00000387,
	0x00060041,0x00000427,0x00001423,0x00000423,0x00000424,0x00001420,0x0003003e,0x00001423,
	0x00001515,0x000200f9,0x00000724,0x000200f8,0x00000724,0x000200f9,0x00000725,0x000200f8,
	0x000006d3,0x0004003d,0x0000003b,0x000006d4,0x00000601,0x0003003e,0x00000609,0x000006d4,
	0x000200f9,0x000011e9,0x000200f8,0x000011e9,0x000200f9,0x000011ec,0x000200f8,0x000011ec,
	0x00050041,0x00000026,0x000011ed,0x00000609,0x00000090,0x0004003d,0x00000025,0x000011ee,
	0x000011ed,0x0008000c,0x00000025,0x00001231,0x00000001,0x0000002b,0x000011ee,0x000000cc,
	0x0000011f,0x00050085,0x00000025,0x00001233,0x00001231,0x00000164,0x00050081,0x00000025,
	0x00001234,0x00001233,0x00000158,0x0004006d,0x00000006,0x00001235,0x00001234,0x00050041,
	0x00000026,0x000011f0,0x00000609,0x0000008e,0x0004003d,0x00000025,0x000011f1,0x000011f0,
	0x0008000c,0x00000025,0x00001239,0x00000001,0x0000002b,0x000011f1,0x000000cc,0x0000011f,
	0x00050085,0x00000025,0x0000123b,0x00001239,0x00000164,0x00050081,0x00000025,0x0000123c,
	0x0000123b,0x00000158,0x0004006d,0x00000006,0x0000123d,0x0000123c,0x000500c4,0x00000006,
	0x000011f3,0x0000123d,0x0000016f,0x000500c5,0x00000006,0x000011f4,0x00001235,0x000011f3,
	0x00050041,0x00000026,0x000011f5,0x00000609,0x00000173,0x0004003d,0x00000025,0x000011f6,
	0x000011f5,0x0008000c,0x00000025,0x00001241,0x00000001,0x0000002b,0x000011f6,0x000000cc,
	0x0000011f,0x00050085,0x00000025,0x00001243,0x00001241,0x00000164,0x00050081,0x00000025,
	0x00001244,0x00001243,0x00000158,0x0004006d,0x00000006,0x00001245,0x00001244,0x000500c4,
	0x00000006,0x000011f8,0x00001245,0x000000e9,0x000500c5,0x00000006,0x000011f9,0x000011f4,
	0x000011f8,0x00050041,0x00000026,0x000011fa,0x00000609,0x000000ac,0x0004003d,0x00000025,
	0x000011fb,0x000011fa,0x0008000c,0x00000025,0x00001249,0x00000001,0x0000002b,0x000011fb,
	0x000000cc,0x0000011f,0x00050085,0x00000025,0x0000124b,0x00001249,0x00000164,0x00050081,
	0x00000025,0x0000124c,0x0000124b,0x00000158,0x0004006d,0x00000006,0x0000124d,0x0000124c,
	0x000500c4,0x00000006,0x000011fd,0x0000124d,0x000000de,0x000500c5,0x00000006,0x000011fe,
	0x000011f9,0x000011fd,0x000200f9,0x00001229,0x000200f8,0x00001229,0x000200f9,0x0000122c,
	0x000200f8,0x0000122c,0x000500aa,0x000000d3,0x000012cd,0x00000660,0x0000008e,0x000300f7,
	0x000012f1,0x00000000,0x000400fa,0x000012cd,0x000012ce,0x000012d6,0x000200f8,0x000012d6,
	0x000500aa,0x000000d3,0x000012d8,0x00000660,0x00000173,0x000300f7,0x000012f0,0x00000000,
	0x000400fa,0x000012d8,0x000012d9,0x000012e6,0x000200f8,0x000012e6,0x000500aa,0x000000d3,
	0x000012e8,0x00000660,0x000000ac,0x000300f7,0x000012ef,0x00000000,0x000400fa,0x000012e8,
	0x000012e9,0x000012ef,0x000200f8,0x000012e9,0x000500c4,0x00000006,0x000012eb,0x000011fe,
	0x000000e9,0x000500c2,0x00000006,0x000012ed,0x000011fe,0x000000e9,0x000500c5,0x00000006,
	0x000012ee,0x000012eb,0x000012ed,0x000200f9,0x000012ef,0x000200f8,0x000012ef,0x000700f5,
	0x00000006,0x00001525,0x000011fe,0x000012e6,0x000012ee,0x000012e9,0x000200f9,0x000012f0,
	0x000200f8,0x000012d9,0x000500c7,0x00000006,0x000012db,0x000011fe,0x000003f7,0x000500c4,
	0x00000006,0x000012dc,0x000012db,0x0000016f,0x000500c7,0x00000006,0x000012de,0x000011fe,
	0x000003fb,0x000500c2,0x00000006,0x000012df,0x000012de,0x0000016f,0x000500c5,0x00000006,
	0x000012e0,0x000012dc,0x000012df,0x000500c4,0x00000006,0x000012e2,0x000012e0,0x000000e9,
	0x000500c2,0x00000006,0x000012e4,0x000012e0,0x000000e9,0x000500c5,0x00000006,0x000012e5,
	0x000012e2,0x000012e4,0x000200f9,0x000012f0,0x000200f8,0x000012f0,0x000700f5,0x00000006,
	0x00001524,0x000012e5,0x000012d9,0x00001525,0x000012ef,0x000200f9,0x000012f1,0x000200f8,
	0x000012ce,0x000500c7,0x00000006,0x000012d0,0x000011fe,0x000003f7,0x000500c4,0x00000006,
	0x000012d1,0x000012d0,0x0000016f,0x000500c7,0x00000006,0x000012d3,0x000011fe,0x000003fb,
	0x000500c2,0x00000006,0x000012d4,0x000012d3,0x0000016f,0x000500c5,0x00000006,0x000012d5,
	0x000012d1,0x000012d4,0x000200f9,0x000012f1,0x000200f8,0x000012f1,0x000700f5,0x00000006,
	0x00001523,0x000012d5,0x000012ce,0x00001524,0x000012f0,0x000500c2,0x0000005b,0x000012f6,
	0x000014ff,0x00000387,0x00060041,0x00000427,0x000012f9,0x00000423,0x00000424,0x000012f6,
	0x0003003e,0x000012f9,0x00001523,0x000200f9,0x00000725,0x000200f8,0x00000725,0x000200f9,
	0x00000726,0x000200f8,0x00000726,0x000100fd,0x00010038
};
