	// 1116.5.0
	 #pragma once
const uint32_t fh1_native_resolve_image_color_ms_cs[] = {
	0x07230203,0x00010000,0x0008000b,0x00001b8c,0x00000000,0x00020011,0x00000001,0x00020011,
	0x00000032,0x0006000b,0x00000001,0x4c534c47,0x6474732e,0x3035342e,0x00000000,0x0003000e,
	0x00000000,0x00000001,0x0006000f,0x00000005,0x00000004,0x6e69616d,0x00000000,0x0000064f,
	0x00060010,0x00000004,0x00000011,0x00000008,0x00000008,0x00000001,0x00030003,0x00000005,
	0x000001f4,0x00040005,0x00000004,0x6e69616d,0x00000000,0x00070005,0x00000366,0x5f316866,
	0x72756f73,0x635f6563,0x726f6c6f,0x00000000,0x00050005,0x0000046c,0x5f316866,0x6f6d656d,
	0x00007972,0x00050006,0x0000046c,0x00000000,0x74616440,0x00000061,0x00050005,0x0000046e,
	0x5f316866,0x6f6d656d,0x00007972,0x00050005,0x00000477,0x5f316866,0x67616d69,0x00000065,
	0x000a0005,0x00000483,0x4e316846,0x76697461,0x73655265,0x65766c6f,0x6f6d654d,0x6f437972,
	0x6174736e,0x0073746e,0x00070006,0x00000483,0x00000000,0x5f316866,0x74636572,0x69726f5f,
	0x006e6967,0x00070006,0x00000483,0x00000001,0x5f316866,0x74636572,0x7a69735f,0x00000065,
	0x00080006,0x00000483,0x00000002,0x5f316866,0x6f736572,0x5f65766c,0x6f79616c,0x00007475,
	0x00080006,0x00000483,0x00000003,0x5f316866,0x656e776f,0x616c5f72,0x74756f79,0x00000000,
	0x00080006,0x00000483,0x00000004,0x5f316866,0x706d6173,0x735f656c,0x63656c65,0x00000074,
	0x00070006,0x00000483,0x00000005,0x5f316866,0x74736564,0x666e695f,0x0000006f,0x00070006,
	0x00000483,0x00000006,0x5f316866,0x74736564,0x7361625f,0x00000065,0x00070006,0x00000483,
	0x00000007,0x5f316866,0x74736564,0x7469705f,0x00006863,0x00070006,0x00000483,0x00000008,
	0x5f316866,0x67616d69,0x6f725f65,0x00000077,0x00080006,0x00000483,0x00000009,0x5f316866,
	0x67616d69,0x6e655f65,0x6e616964,0x00000000,0x00080006,0x00000483,0x0000000a,0x5f316866,
	0x67616d69,0x655f3265,0x6169646e,0x0000006e,0x00030005,0x00000485,0x00000000,0x00050005,
	0x000004a7,0x5f316866,0x67616d69,0x00003265,0x00040005,0x0000064f,0x65726874,0x00006461,
	0x00040047,0x00000366,0x00000021,0x00000010,0x00040047,0x00000366,0x00000022,0x00000000,
	0x00040047,0x0000046b,0x00000006,0x00000004,0x00030047,0x0000046c,0x00000003,0x00050048,
	0x0000046c,0x00000000,0x00000023,0x00000000,0x00040047,0x0000046e,0x00000021,0x00000020,
	0x00040047,0x0000046e,0x00000022,0x00000000,0x00040047,0x00000477,0x00000021,0x00000021,
	0x00040047,0x00000477,0x00000022,0x00000000,0x00030047,0x00000483,0x00000002,0x00050048,
	0x00000483,0x00000000,0x00000023,0x00000000,0x00050048,0x00000483,0x00000001,0x00000023,
	0x00000004,0x00050048,0x00000483,0x00000002,0x00000023,0x00000008,0x00050048,0x00000483,
	0x00000003,0x00000023,0x0000000c,0x00050048,0x00000483,0x00000004,0x00000023,0x00000010,
	0x00050048,0x00000483,0x00000005,0x00000023,0x00000014,0x00050048,0x00000483,0x00000006,
	0x00000023,0x00000018,0x00050048,0x00000483,0x00000007,0x00000023,0x0000001c,0x00050048,
	0x00000483,0x00000008,0x00000023,0x00000020,0x00050048,0x00000483,0x00000009,0x00000023,
	0x00000024,0x00050048,0x00000483,0x0000000a,0x00000023,0x00000028,0x00040047,0x000004a7,
	0x00000021,0x00000022,0x00040047,0x000004a7,0x00000022,0x00000000,0x00040047,0x0000064f,
	0x0000000b,0x0000001c,0x00020013,0x00000002,0x00030021,0x00000003,0x00000002,0x00040015,
	0x00000006,0x00000020,0x00000000,0x00040017,0x00000007,0x00000006,0x00000002,0x00040020,
	0x00000008,0x00000007,0x00000007,0x00040020,0x00000009,0x00000007,0x00000006,0x00030016,
	0x00000025,0x00000020,0x00040020,0x0000002a,0x00000007,0x00000025,0x00040017,0x0000003e,
	0x00000025,0x00000004,0x00040020,0x0000003f,0x00000007,0x0000003e,0x00040015,0x0000005e,
	0x00000020,0x00000001,0x00040017,0x0000008a,0x00000006,0x00000003,0x0004002b,0x00000025,
	0x00000092,0x42000000,0x0004002b,0x00000006,0x00000095,0x00000001,0x0004002b,0x00000006,
	0x00000098,0x00000000,0x0005002c,0x00000007,0x00000099,0x00000098,0x00000098,0x0004002b,
	0x00000006,0x000000a4,0x000007ff,0x0004002b,0x00000006,0x000000a9,0x0000000b,0x0004002b,
	0x00000006,0x000000ab,0x000000ff,0x0004002b,0x00000006,0x000000b0,0x00000013,0x0004002b,
	0x00000006,0x000000b2,0x00000003,0x0004002b,0x00000006,0x000000b7,0x00000015,0x0004002b,
	0x00000006,0x000000bd,0x00000016,0x0004002b,0x00000006,0x000000c3,0x00000017,0x0004002b,
	0x00000006,0x000000c5,0x0000000f,0x0004002b,0x00000006,0x000000ca,0x0000001b,0x0004002b,
	0x00000006,0x000000cf,0x00ffffff,0x0004002b,0x00000006,0x000000d4,0x000fffff,0x0004002b,
	0x00000006,0x000000d8,0x00000014,0x00020014,0x000000db,0x0004002b,0x00000006,0x000000e3,
	0x0000001f,0x0004002b,0x0000005e,0x000000e8,0x00000001,0x0004002b,0x00000006,0x000000f4,
	0x00000070,0x0004002b,0x00000025,0x000000fb,0x00000000,0x0004002b,0x00000025,0x00000101,
	0x41ff0000,0x0004002b,0x00000006,0x00000106,0x3e800000,0x0004002b,0x00000006,0x00000108,
	0x00800000,0x0004002b,0x00000006,0x0000010a,0x007fffff,0x0004002b,0x00000006,0x0000010d,
	0x0000007d,0x0004002b,0x00000006,0x00000111,0x00000018,0x0004002b,0x00000006,0x00000115,
	0xc2000000,0x0004002b,0x00000006,0x00000119,0x00007fff,0x0004002b,0x00000006,0x0000011c,
	0x00000010,0x0004002b,0x00000006,0x00000121,0x000003ff,0x0004002b,0x00000006,0x00000129,
	0x0000007f,0x0004002b,0x00000006,0x0000012d,0x00000007,0x0004002b,0x00000006,0x00000146,
	0x0000007c,0x0004002b,0x00000025,0x00000151,0x3f800000,0x0004002b,0x00000025,0x00000154,
	0x3e002008,0x0004002b,0x00000025,0x00000159,0x3f002008,0x0004002b,0x00000025,0x0000015e,
	0x42ffc000,0x0004002b,0x00000025,0x00000160,0x3f008081,0x0004002b,0x00000025,0x00000162,
	0x437fc000,0x0004002b,0x00000025,0x00000163,0x3e808081,0x0004002b,0x00000025,0x00000166,
	0x3d802008,0x0004002b,0x00000025,0x0000016a,0x43ffc000,0x0004002b,0x00000025,0x0000016b,
	0x3e008081,0x0004002b,0x00000025,0x0000016d,0x447fc000,0x0004002b,0x00000025,0x00000172,
	0x3b808081,0x0004002b,0x0000005e,0x0000017b,0x00000010,0x0004002b,0x00000025,0x0000017e,
	0x38000100,0x0004002b,0x00000025,0x00000180,0xbf800000,0x0004002b,0x00000025,0x0000018a,
	0x3f000000,0x0004002b,0x00000025,0x00000196,0x437f0000,0x0004002b,0x00000006,0x000001a1,
	0x00000008,0x0004002b,0x00000006,0x000001a5,0x00000002,0x0004002b,0x00000006,0x000001be,
	0x0000000a,0x0004002b,0x00000025,0x000001c8,0x40400000,0x0004002b,0x00000006,0x000001ce,
	0x0000001e,0x00040017,0x00000216,0x00000025,0x00000003,0x0004002b,0x00000025,0x00000218,
	0x3a802008,0x0004002b,0x00000025,0x0000021d,0x3eaaaaab,0x00040017,0x00000243,0x00000025,
	0x00000002,0x0007002c,0x0000003e,0x0000024c,0x000000fb,0x000000fb,0x000000fb,0x000000fb,
	0x0004002b,0x00000006,0x000002da,0x00000050,0x0004002b,0x00000006,0x000002e1,0x00000004,
	0x0004002b,0x00000006,0x00000318,0x00000028,0x00040017,0x0000033c,0x0000005e,0x00000002,
	0x00090019,0x00000364,0x00000025,0x00000001,0x00000000,0x00000000,0x00000001,0x00000001,
	0x00000000,0x00040020,0x00000365,0x00000000,0x00000364,0x0004003b,0x00000365,0x00000366,
	0x00000000,0x0004002b,0x00000006,0x00000394,0xffffffe0,0x0004002b,0x0000005e,0x00000398,
	0x00000005,0x0004002b,0x0000005e,0x000003a6,0x00000007,0x0004002b,0x0000005e,0x000003a9,
	0x0000000e,0x0004002b,0x0000005e,0x000003ab,0x00000002,0x0004002b,0x0000005e,0x000003b3,
	0xfffffff0,0x0004002b,0x0000005e,0x000003b8,0x0000000f,0x0004002b,0x0000005e,0x000003bd,
	0x00000004,0x0004002b,0x0000005e,0x000003c1,0xfffffe00,0x0004002b,0x0000005e,0x000003c3,
	0x00000003,0x0004002b,0x0000005e,0x000003ca,0x000001c0,0x0004002b,0x0000005e,0x000003cf,
	0x00000008,0x0004002b,0x0000005e,0x000003d6,0x00000006,0x0004002b,0x0000005e,0x000003da,
	0x0000003f,0x0004002b,0x00000006,0x00000400,0xfffffff0,0x0004002b,0x00000006,0x0000041b,
	0x00ff00ff,0x0004002b,0x00000006,0x0000041f,0xff00ff00,0x0004002b,0x00000025,0x00000458,
	0x33800000,0x0003001d,0x0000046b,0x00000006,0x0003001e,0x0000046c,0x0000046b,0x00040020,
	0x0000046d,0x00000002,0x0000046c,0x0004003b,0x0000046d,0x0000046e,0x00000002,0x0004002b,
	0x0000005e,0x0000046f,0x00000000,0x00040020,0x00000472,0x00000002,0x00000006,0x00090019,
	0x00000475,0x00000006,0x00000001,0x00000000,0x00000000,0x00000000,0x00000002,0x00000021,
	0x00040020,0x00000476,0x00000000,0x00000475,0x0004003b,0x00000476,0x00000477,0x00000000,
	0x000d001e,0x00000483,0x00000006,0x00000006,0x00000006,0x00000006,0x00000006,0x00000006,
	0x00000006,0x00000006,0x00000006,0x00000006,0x00000006,0x00040020,0x00000484,0x00000009,
	0x00000483,0x0004003b,0x00000484,0x00000485,0x00000009,0x00040020,0x00000486,0x00000009,
	0x00000006,0x00040017,0x0000048d,0x000000db,0x00000002,0x0004002b,0x0000005e,0x00000493,
	0x00000009,0x0004002b,0x0000005e,0x0000049d,0x0000000a,0x0004002b,0x00000006,0x000004a0,
	0x00000005,0x0004003b,0x00000476,0x000004a7,0x00000000,0x0004002b,0x00000006,0x000004c9,
	0x00000012,0x0004002b,0x00000006,0x00000507,0x0000ffff,0x0004002b,0x0000005e,0x000005c7,
	0x00000018,0x0004002b,0x0000005e,0x000005c9,0x0000007f,0x0004002b,0x00000006,0x000005d3,
	0x00000006,0x00040020,0x0000064e,0x00000001,0x0000008a,0x0004003b,0x0000064e,0x0000064f,
	0x00000001,0x00050036,0x00000002,0x00000004,0x00000000,0x00000003,0x000200f8,0x00000005,
	0x0004003b,0x00000008,0x00001839,0x00000007,0x0004003b,0x00000008,0x0000183a,0x00000007,
	0x0004003b,0x00000008,0x0000183f,0x00000007,0x0004003b,0x00000008,0x000016db,0x00000007,
	0x0004003b,0x00000008,0x000016dc,0x00000007,0x0004003b,0x00000008,0x000016e1,0x00000007,
	0x0004003b,0x00000008,0x00001483,0x00000007,0x0004003b,0x00000008,0x00001484,0x00000007,
	0x0004003b,0x00000008,0x00001489,0x00000007,0x0004003b,0x0000003f,0x00000fa4,0x00000007,
	0x0004003b,0x0000003f,0x00000faa,0x00000007,0x0004003b,0x00000008,0x00000f5f,0x00000007,
	0x0004003b,0x0000003f,0x00000ced,0x00000007,0x0004003b,0x0000003f,0x00000cf3,0x00000007,
	0x0004003b,0x00000008,0x00000ca8,0x00000007,0x0004003b,0x00000008,0x00000c8b,0x00000007,
	0x0004003b,0x00000008,0x00000b49,0x00000007,0x0004003b,0x00000008,0x00000b4a,0x00000007,
	0x0004003b,0x00000008,0x00000b4f,0x00000007,0x0004003b,0x0000003f,0x000008b4,0x00000007,
	0x0004003b,0x0000003f,0x000008ba,0x00000007,0x0004003b,0x00000008,0x0000086f,0x00000007,
	0x0004003b,0x00000008,0x00000670,0x00000007,0x0004003b,0x00000008,0x0000067a,0x00000007,
	0x0004003b,0x00000008,0x0000067b,0x00000007,0x0004003b,0x0000003f,0x0000068d,0x00000007,
	0x0004003b,0x0000003f,0x00000695,0x00000007,0x0004003b,0x0000003f,0x0000069c,0x00000007,
	0x0004003b,0x00000008,0x000006a8,0x00000007,0x0004003d,0x0000008a,0x00000650,0x0000064f,
	0x000300f7,0x000007ae,0x00000000,0x000300fb,0x00000098,0x000006b3,0x000200f8,0x000006b3,
	0x00050041,0x00000486,0x000006b4,0x00000485,0x000000e8,0x0004003d,0x00000006,0x000006b5,
	0x000006b4,0x000500c7,0x00000006,0x000006b6,0x000006b5,0x00000507,0x00050041,0x00000486,
	0x000006b7,0x00000485,0x000000e8,0x0004003d,0x00000006,0x000006b8,0x000006b7,0x000500c2,
	0x00000006,0x000006b9,0x000006b8,0x0000011c,0x00050050,0x00000007,0x000006ba,0x000006b6,
	0x000006b9,0x0007004f,0x00000007,0x000006bc,0x00000650,0x00000650,0x00000000,0x00000001,
	0x000500ae,0x0000048d,0x000006be,0x000006bc,0x000006ba,0x0004009a,0x000000db,0x000006bf,
	0x000006be,0x000300f7,0x000006c1,0x00000000,0x000400fa,0x000006bf,0x000006c0,0x000006c1,
	0x000200f8,0x000006c0,0x000200f9,0x000007ae,0x000200f8,0x000006c1,0x00050041,0x00000486,
	0x000006c2,0x00000485,0x0000046f,0x0004003d,0x00000006,0x000006c3,0x000006c2,0x000500c7,
	0x00000006,0x000006c4,0x000006c3,0x00000507,0x00050041,0x00000486,0x000006c5,0x00000485,
	0x0000046f,0x0004003d,0x00000006,0x000006c6,0x000006c5,0x000500c2,0x00000006,0x000006c7,
	0x000006c6,0x0000011c,0x00050050,0x00000007,0x000006c8,0x000006c4,0x000006c7,0x0007004f,
	0x00000007,0x000006ca,0x00000650,0x00000650,0x00000000,0x00000001,0x00050080,0x00000007,
	0x000006cb,0x000006c8,0x000006ca,0x0003003e,0x00000670,0x000006cb,0x00050041,0x00000486,
	0x000006cd,0x00000485,0x00000398,0x0004003d,0x00000006,0x000006ce,0x000006cd,0x000500c2,
	0x00000006,0x000006cf,0x000006ce,0x000000b0,0x000500c7,0x00000006,0x000006d0,0x000006cf,
	0x00000095,0x000500ab,0x000000db,0x000006d1,0x000006d0,0x00000098,0x000600a9,0x00000025,
	0x000006d2,0x000006d1,0x00000092,0x00000151,0x00050041,0x00000486,0x000006d3,0x00000485,
	0x00000398,0x0004003d,0x00000006,0x000006d4,0x000006d3,0x000500c2,0x00000006,0x000006d5,
	0x000006d4,0x000000d8,0x000500c7,0x00000006,0x000006d6,0x000006d5,0x000000b2,0x00050080,
	0x00000006,0x000006d7,0x000006d6,0x00000095,0x00050041,0x00000486,0x000006d8,0x00000485,
	0x00000398,0x0004003d,0x00000006,0x000006d9,0x000006d8,0x000500c2,0x00000006,0x000006da,
	0x000006d9,0x000000bd,0x000500c7,0x00000006,0x000006db,0x000006da,0x00000095,0x000500ab,
	0x000000db,0x000006dc,0x000006db,0x00000098,0x000300f7,0x000006e5,0x00000000,0x000400fa,
	0x000006dc,0x000006de,0x000006e0,0x000200f8,0x000006e0,0x0004003d,0x00000007,0x000006e1,
	0x00000670,0x00050050,0x00000007,0x000007b3,0x000006d7,0x000006d7,0x00050089,0x00000007,
	0x000007b4,0x000006e1,0x000007b3,0x00050050,0x00000007,0x000007b7,0x000006d7,0x000006d7,
	0x00050086,0x00000007,0x000007b8,0x000006e1,0x000007b7,0x0003003e,0x00000670,0x000007b8,
	0x000200f9,0x000006e5,0x000200f8,0x000006de,0x000200f9,0x000006e5,0x000200f8,0x000006e5,
	0x000700f5,0x00000007,0x00001a11,0x00000099,0x000006de,0x000007b4,0x000006e0,0x00050041,
	0x00000486,0x000006e6,0x00000485,0x00000398,0x0004003d,0x00000006,0x000006e7,0x000006e6,
	0x000500c7,0x00000006,0x000006e8,0x000006e7,0x0000012d,0x00050041,0x00000486,0x000006e9,
	0x00000485,0x00000398,0x0004003d,0x00000006,0x000006ea,0x000006e9,0x000500c2,0x00000006,
	0x000006eb,0x000006ea,0x000000b2,0x000500c7,0x00000006,0x000006ec,0x000006eb,0x0000012d,
	0x00050041,0x00000486,0x000006ed,0x00000485,0x00000398,0x0004003d,0x00000006,0x000006ee,
	0x000006ed,0x000500c2,0x00000006,0x000006ef,0x000006ee,0x0000011c,0x000500c7,0x00000006,
	0x000006f0,0x000006ef,0x000000b2,0x000500ac,0x000000db,0x000006f2,0x000006d7,0x00000095,
	0x000400a8,0x000000db,0x000006f4,0x000006dc,0x000500a7,0x000000db,0x000006f5,0x000006f2,
	0x000006f4,0x000300f7,0x00000714,0x00000002,0x000400fa,0x000006f5,0x000006f6,0x00000705,
	0x000200f8,0x00000705,0x00050041,0x00000486,0x00000706,0x00000485,0x000003d6,0x0004003d,
	0x00000006,0x00000707,0x00000706,0x00050041,0x00000009,0x00000708,0x00000670,0x00000098,
	0x0004003d,0x00000006,0x00000709,0x00000708,0x0004007c,0x0000005e,0x0000070a,0x00000709,
	0x00050041,0x00000009,0x0000070b,0x00000670,0x00000095,0x0004003d,0x00000006,0x0000070c,
	0x0000070b,0x0004007c,0x0000005e,0x0000070d,0x0000070c,0x00050041,0x00000486,0x0000070e,
	0x00000485,0x000003a6,0x0004003d,0x00000006,0x0000070f,0x0000070e,0x00050080,0x00000006,
	0x00000834,0x0000070f,0x000000e3,0x000500c7,0x00000006,0x00000835,0x00000834,0x00000394,
	0x000500c3,0x0000005e,0x00000837,0x0000070a,0x00000398,0x000500c3,0x0000005e,0x00000839,
	0x0000070d,0x00000398,0x000500c2,0x00000006,0x0000083b,0x00000835,0x00000398,0x0004007c,
	0x0000005e,0x0000083c,0x0000083b,0x00050084,0x0000005e,0x0000083d,0x00000839,0x0000083c,
	0x00050080,0x0000005e,0x0000083e,0x00000837,0x0000083d,0x00050080,0x00000006,0x00000840,
	0x000006f0,0x0000012d,0x000500c4,0x0000005e,0x00000841,0x0000083e,0x00000840,0x000500c7,
	0x0000005e,0x00000843,0x0000070a,0x000003a6,0x000500c7,0x0000005e,0x00000845,0x0000070d,
	0x000003a9,0x000500c4,0x0000005e,0x00000846,0x00000845,0x000003ab,0x00050080,0x0000005e,
	0x00000847,0x00000843,0x00000846,0x000500c4,0x0000005e,0x00000849,0x00000847,0x000006f0,
	0x000500c7,0x0000005e,0x0000084c,0x00000849,0x000003b3,0x000500c4,0x0000005e,0x0000084d,
	0x0000084c,0x000000e8,0x00050080,0x0000005e,0x0000084e,0x00000841,0x0000084d,0x000500c7,
	0x0000005e,0x00000850,0x00000849,0x000003b8,0x00050080,0x0000005e,0x00000851,0x0000084e,
	0x00000850,0x000500c7,0x0000005e,0x00000853,0x0000070d,0x000000e8,0x000500c4,0x0000005e,
	0x00000854,0x00000853,0x000003bd,0x00050080,0x0000005e,0x00000855,0x00000851,0x00000854,
	0x000500c7,0x0000005e,0x00000857,0x00000855,0x000003c1,0x000500c4,0x0000005e,0x00000858,
	0x00000857,0x000003c3,0x000500c7,0x0000005e,0x0000085a,0x0000070d,0x0000017b,0x000500c4,
	0x0000005e,0x0000085b,0x0000085a,0x000003a6,0x00050080,0x0000005e,0x0000085c,0x00000858,
	0x0000085b,0x000500c7,0x0000005e,0x0000085e,0x00000855,0x000003ca,0x000500c4,0x0000005e,
	0x0000085f,0x0000085e,0x000003ab,0x00050080,0x0000005e,0x00000860,0x0000085c,0x0000085f,
	0x000500c7,0x0000005e,0x00000862,0x0000070d,0x000003cf,0x000500c3,0x0000005e,0x00000863,
	0x00000862,0x000003ab,0x000500c3,0x0000005e,0x00000865,0x0000070a,0x000003c3,0x00050080,
	0x0000005e,0x00000866,0x00000863,0x00000865,0x000500c7,0x0000005e,0x00000867,0x00000866,
	0x000003c3,0x000500c4,0x0000005e,0x00000868,0x00000867,0x000003d6,0x00050080,0x0000005e,
	0x00000869,0x00000860,0x00000868,0x000500c7,0x0000005e,0x0000086b,0x00000855,0x000003da,
	0x00050080,0x0000005e,0x0000086c,0x00000869,0x0000086b,0x0004007c,0x00000006,0x00000712,
	0x0000086c,0x00050080,0x00000006,0x00000713,0x00000707,0x00000712,0x000200f9,0x00000714,
	0x000200f8,0x000006f6,0x00050041,0x00000486,0x000006f7,0x00000485,0x000003d6,0x0004003d,
	0x00000006,0x000006f8,0x000006f7,0x00050084,0x00000006,0x000006fa,0x000006f8,0x000006d7,
	0x00050084,0x00000006,0x000006fc,0x000006fa,0x000006d7,0x0004003d,0x00000007,0x000006fd,
	0x00000670,0x0003003e,0x0000067a,0x000006fd,0x0003003e,0x0000067b,0x00001a11,0x00050041,
	0x00000486,0x000006ff,0x00000485,0x000003a6,0x0004003d,0x00000006,0x00000700,0x000006ff,
	0x00050041,0x00000009,0x000007c3,0x0000067a,0x00000098,0x0004003d,0x00000006,0x000007c4,
	0x000007c3,0x0004007c,0x0000005e,0x000007c5,0x000007c4,0x00050041,0x00000009,0x000007c6,
	0x0000067a,0x00000095,0x0004003d,0x00000006,0x000007c7,0x000007c6,0x0004007c,0x0000005e,
	0x000007c8,0x000007c7,0x00050080,0x00000006,0x000007f5,0x00000700,0x000000e3,0x000500c7,
	0x00000006,0x000007f6,0x000007f5,0x00000394,0x000500c3,0x0000005e,0x000007f8,0x000007c5,
	0x00000398,0x000500c3,0x0000005e,0x000007fa,0x000007c8,0x00000398,0x000500c2,0x00000006,
	0x000007fc,0x000007f6,0x00000398,0x0004007c,0x0000005e,0x000007fd,0x000007fc,0x00050084,
	0x0000005e,0x000007fe,0x000007fa,0x000007fd,0x00050080,0x0000005e,0x000007ff,0x000007f8,
	0x000007fe,0x00050080,0x00000006,0x00000801,0x000006f0,0x0000012d,0x000500c4,0x0000005e,
	0x00000802,0x000007ff,0x00000801,0x000500c7,0x0000005e,0x00000804,0x000007c5,0x000003a6,
	0x000500c7,0x0000005e,0x00000806,0x000007c8,0x000003a9,0x000500c4,0x0000005e,0x00000807,
	0x00000806,0x000003ab,0x00050080,0x0000005e,0x00000808,0x00000804,0x00000807,0x000500c4,
	0x0000005e,0x0000080a,0x00000808,0x000006f0,0x000500c7,0x0000005e,0x0000080d,0x0000080a,
	0x000003b3,0x000500c4,0x0000005e,0x0000080e,0x0000080d,0x000000e8,0x00050080,0x0000005e,
	0x0000080f,0x00000802,0x0000080e,0x000500c7,0x0000005e,0x00000811,0x0000080a,0x000003b8,
	0x00050080,0x0000005e,0x00000812,0x0000080f,0x00000811,0x000500c7,0x0000005e,0x00000814,
	0x000007c8,0x000000e8,0x000500c4,0x0000005e,0x00000815,0x00000814,0x000003bd,0x00050080,
	0x0000005e,0x00000816,0x00000812,0x00000815,0x000500c7,0x0000005e,0x00000818,0x00000816,
	0x000003c1,0x000500c4,0x0000005e,0x00000819,0x00000818,0x000003c3,0x000500c7,0x0000005e,
	0x0000081b,0x000007c8,0x0000017b,0x000500c4,0x0000005e,0x0000081c,0x0000081b,0x000003a6,
	0x00050080,0x0000005e,0x0000081d,0x00000819,0x0000081c,0x000500c7,0x0000005e,0x0000081f,
	0x00000816,0x000003ca,0x000500c4,0x0000005e,0x00000820,0x0000081f,0x000003ab,0x00050080,
	0x0000005e,0x00000821,0x0000081d,0x00000820,0x000500c7,0x0000005e,0x00000823,0x000007c8,
	0x000003cf,0x000500c3,0x0000005e,0x00000824,0x00000823,0x000003ab,0x000500c3,0x0000005e,
	0x00000826,0x000007c5,0x000003c3,0x00050080,0x0000005e,0x00000827,0x00000824,0x00000826,
	0x000500c7,0x0000005e,0x00000828,0x00000827,0x000003c3,0x000500c4,0x0000005e,0x00000829,
	0x00000828,0x000003d6,0x00050080,0x0000005e,0x0000082a,0x00000821,0x00000829,0x000500c7,
	0x0000005e,0x0000082c,0x00000816,0x000003da,0x00050080,0x0000005e,0x0000082d,0x0000082a,
	0x0000082c,0x0004007c,0x00000006,0x000007cc,0x0000082d,0x000500c2,0x00000006,0x000007ce,
	0x0000011c,0x000006f0,0x000500c7,0x00000006,0x000007d0,0x000007cc,0x000000c5,0x000500c2,
	0x00000006,0x000007d2,0x000007d0,0x000006f0,0x00050084,0x00000006,0x000007d4,0x000007d2,
	0x000006d7,0x00050041,0x00000009,0x000007d5,0x0000067b,0x00000098,0x0004003d,0x00000006,
	0x000007d6,0x000007d5,0x00050080,0x00000006,0x000007d7,0x000007d4,0x000007d6,0x00050086,
	0x00000006,0x000007da,0x000007d7,0x000007ce,0x000500c7,0x00000006,0x000007dc,0x000007cc,
	0x00000400,0x00050084,0x00000006,0x000007de,0x000007dc,0x000006d7,0x00050084,0x00000006,
	0x000007e0,0x000007de,0x000006d7,0x00050084,0x00000006,0x000007e3,0x000007da,0x000006d7,
	0x00050041,0x00000009,0x000007e4,0x0000067b,0x00000095,0x0004003d,0x00000006,0x000007e5,
	0x000007e4,0x00050080,0x00000006,0x000007e6,0x000007e3,0x000007e5,0x000500c4,0x00000006,
	0x000007e7,0x000007e6,0x000002e1,0x00050080,0x00000006,0x000007e8,0x000007e0,0x000007e7,
	0x00050089,0x00000006,0x000007eb,0x000007d7,0x000007ce,0x000500c4,0x00000006,0x000007ed,
	0x000007eb,0x000006f0,0x00050080,0x00000006,0x000007ee,0x000007e8,0x000007ed,0x00050080,
	0x00000006,0x00000704,0x000006fc,0x000007ee,0x000200f9,0x00000714,0x000200f8,0x00000714,
	0x000700f5,0x00000006,0x00001a18,0x00000704,0x000006f6,0x00000713,0x00000705,0x00050041,
	0x00000486,0x00000715,0x00000485,0x000003bd,0x0004003d,0x00000006,0x00000716,0x00000715,
	0x000300f7,0x0000071d,0x00000000,0x000900fb,0x00000716,0x00000717,0x00000004,0x0000071a,
	0x00000005,0x0000071b,0x00000006,0x0000071c,0x000200f8,0x0000071c,0x000200f9,0x0000071d,
	0x000200f8,0x0000071b,0x000200f9,0x0000071d,0x000200f8,0x0000071a,0x000200f9,0x0000071d,
	0x000200f8,0x00000717,0x00050041,0x00000486,0x00000718,0x00000485,0x000003bd,0x0004003d,
	0x00000006,0x00000719,0x00000718,0x000200f9,0x0000071d,0x000200f8,0x0000071d,0x000b00f5,
	0x00000006,0x00001a72,0x00000719,0x00000717,0x00000098,0x0000071a,0x000001a5,0x0000071b,
	0x00000098,0x0000071c,0x000b00f5,0x00000006,0x00001a14,0x00000095,0x00000717,0x000001a5,
	0x0000071a,0x000001a5,0x0000071b,0x000002e1,0x0000071c,0x000500aa,0x000000db,0x0000071f,
	0x000006e8,0x000002e1,0x000300f7,0x00000729,0x00000000,0x000400fa,0x0000071f,0x00000720,
	0x00000729,0x000200f8,0x00000720,0x0004003d,0x00000007,0x00000721,0x00000670,0x00050041,
	0x00000486,0x00000876,0x00000485,0x00000398,0x0004003d,0x00000006,0x00000877,0x00000876,
	0x000500c2,0x00000006,0x00000878,0x00000877,0x0000012d,0x000500c7,0x00000006,0x00000879,
	0x00000878,0x00000095,0x000500ab,0x000000db,0x0000087a,0x00000879,0x00000098,0x000600a9,
	0x00000006,0x0000087b,0x0000087a,0x00000095,0x00000098,0x00050041,0x00000486,0x0000087c,
	0x00000485,0x00000398,0x0004003d,0x00000006,0x0000087d,0x0000087c,0x000500c2,0x00000006,
	0x0000087e,0x0000087d,0x000004c9,0x000500c7,0x00000006,0x0000087f,0x0000087e,0x00000095,
	0x000500ab,0x000000db,0x00000880,0x0000087f,0x00000098,0x000600a9,0x00000006,0x00000881,
	0x00000880,0x000001a5,0x00000098,0x000500c5,0x00000006,0x00000882,0x0000087b,0x00000881,
	0x00050041,0x00000486,0x00000883,0x00000485,0x000003ab,0x0004003d,0x00000006,0x00000884,
	0x00000883,0x0003003e,0x0000086f,0x00000721,0x00050041,0x00000486,0x00000888,0x00000485,
	0x000003c3,0x0004003d,0x00000006,0x00000889,0x00000888,0x000500c2,0x00000006,0x00000972,
	0x00000884,0x000000b0,0x000500c7,0x00000006,0x00000973,0x00000972,0x000000b2,0x000500ae,
	0x000000db,0x000008c1,0x00000973,0x000001a5,0x000600a9,0x00000006,0x000008c2,0x000008c1,
	0x00000095,0x00000098,0x000500ae,0x000000db,0x000008c4,0x00000973,0x00000095,0x000600a9,
	0x00000006,0x000008c5,0x000008c4,0x00000095,0x00000098,0x00050041,0x00000009,0x000008c6,
	0x0000086f,0x00000098,0x0004003d,0x00000006,0x000008c7,0x000008c6,0x000500c4,0x00000006,
	0x000008c9,0x000008c7,0x000008c2,0x000500ae,0x000000db,0x000008cb,0x00000973,0x000001a5,
	0x000500c7,0x00000006,0x000008cd,0x00001a72,0x00000095,0x000600a9,0x00000006,0x000008ce,
	0x000008cb,0x000008cd,0x00000098,0x00050080,0x00000006,0x000008cf,0x000008c9,0x000008ce,
	0x00050041,0x00000009,0x000008d0,0x0000086f,0x00000095,0x0004003d,0x00000006,0x000008d1,
	0x000008d0,0x000500c4,0x00000006,0x000008d3,0x000008d1,0x000008c5,0x000500ae,0x000000db,
	0x000008d5,0x00000973,0x000001a5,0x000500c2,0x00000006,0x000008d7,0x00001a72,0x00000095,
	0x000500aa,0x000000db,0x000008d9,0x00000973,0x00000095,0x000600a9,0x00000006,0x000008db,
	0x000008d9,0x00001a72,0x00000098,0x000600a9,0x00000006,0x000008dc,0x000008d5,0x000008d7,
	0x000008db,0x00050080,0x00000006,0x000008dd,0x000008d3,0x000008dc,0x000500c2,0x00000006,
	0x00000977,0x00000884,0x000000b7,0x000500c7,0x00000006,0x00000978,0x00000977,0x00000095,
	0x000500ab,0x000000db,0x000008e0,0x00000978,0x00000098,0x00050084,0x00000006,0x000008e2,
	0x000008cf,0x000001a5,0x000600a9,0x00000006,0x000008e6,0x000008e0,0x000008e2,0x000008cf,
	0x00050086,0x00000006,0x000008e8,0x000008e6,0x000002da,0x00050089,0x00000006,0x000008ea,
	0x000008e6,0x000002da,0x000500c2,0x00000006,0x000008ec,0x000008dd,0x000002e1,0x000500c7,
	0x00000006,0x000008ee,0x000008dd,0x000000c5,0x000500c7,0x00000006,0x0000097c,0x00000884,
	0x000000a4,0x000500c2,0x00000006,0x00000980,0x00000884,0x000000a9,0x000500c7,0x00000006,
	0x00000981,0x00000980,0x000000ab,0x000500c2,0x00000006,0x00000985,0x00000884,0x000000b7,
	0x000500c7,0x00000006,0x00000986,0x00000985,0x00000095,0x000500c4,0x00000006,0x000008f6,
	0x00000981,0x00000986,0x00050084,0x00000006,0x000008f7,0x000008ec,0x000008f6,0x00050080,
	0x00000006,0x000008f8,0x0000097c,0x000008f7,0x00050080,0x00000006,0x000008fa,0x000008f8,
	0x000008e8,0x000500c7,0x00000006,0x000008fb,0x000008fa,0x000000a4,0x000500c7,0x00000006,
	0x0000098a,0x00000889,0x000000a4,0x00050082,0x00000006,0x000008ff,0x000008fb,0x0000098a,
	0x000500c7,0x00000006,0x00000900,0x000008ff,0x000000a4,0x000500c2,0x00000006,0x0000098e,
	0x00000889,0x000000a9,0x000500c7,0x00000006,0x0000098f,0x0000098e,0x000000ab,0x000500c2,
	0x00000006,0x00000993,0x00000889,0x000000b7,0x000500c7,0x00000006,0x00000994,0x00000993,
	0x00000095,0x000500c4,0x00000006,0x00000905,0x0000098f,0x00000994,0x00050089,0x00000006,
	0x00000908,0x00000900,0x00000905,0x00050086,0x00000006,0x0000090b,0x00000900,0x00000905,
	0x000500c2,0x00000006,0x00000998,0x00000889,0x000000bd,0x000500c7,0x00000006,0x00000999,
	0x00000998,0x00000095,0x000500c2,0x00000006,0x0000099d,0x00000884,0x000000bd,0x000500c7,
	0x00000006,0x0000099e,0x0000099d,0x00000095,0x000500ab,0x000000db,0x00000910,0x00000999,
	0x0000099e,0x000300f7,0x00000915,0x00000000,0x000400fa,0x00000910,0x00000911,0x00000915,
	0x000200f8,0x00000911,0x00050080,0x00000006,0x00000913,0x000008ea,0x00000318,0x00050089,
	0x00000006,0x00000914,0x00000913,0x000002da,0x000200f9,0x00000915,0x000200f8,0x00000915,
	0x000700f5,0x00000006,0x00001b46,0x000008ea,0x00000720,0x00000914,0x00000911,0x000500c2,
	0x00000006,0x000009a2,0x00000889,0x000000b0,0x000500c7,0x00000006,0x000009a3,0x000009a2,
	0x000000b2,0x00050084,0x00000006,0x00000919,0x00000908,0x000002da,0x00050080,0x00000006,
	0x0000091b,0x00000919,0x00001b46,0x000500c2,0x00000006,0x000009a7,0x00000889,0x000000b7,
	0x000500c7,0x00000006,0x000009a8,0x000009a7,0x00000095,0x000500ab,0x000000db,0x0000091e,
	0x000009a8,0x00000098,0x000300f7,0x00000924,0x00000000,0x000400fa,0x0000091e,0x0000091f,
	0x00000924,0x000200f8,0x0000091f,0x000500c2,0x00000006,0x00000923,0x0000091b,0x00000095,
	0x000200f9,0x00000924,0x000200f8,0x00000924,0x000700f5,0x00000006,0x00001b47,0x0000091b,
	0x00000915,0x00000923,0x0000091f,0x00050084,0x00000006,0x00000926,0x0000090b,0x0000011c,
	0x00050080,0x00000006,0x00000928,0x00000926,0x000008ee,0x000500ae,0x000000db,0x0000092a,
	0x000009a3,0x000001a5,0x000600a9,0x00000006,0x0000092b,0x0000092a,0x00000095,0x00000098,
	0x000500ae,0x000000db,0x0000092d,0x000009a3,0x00000095,0x000600a9,0x00000006,0x0000092e,
	0x0000092d,0x00000095,0x00000098,0x000500c2,0x00000006,0x00000931,0x00001b47,0x0000092b,
	0x0004007c,0x0000005e,0x00000932,0x00000931,0x000500c2,0x00000006,0x00000935,0x00000928,
	0x0000092e,0x0004007c,0x0000005e,0x00000936,0x00000935,0x00050050,0x0000033c,0x00000937,
	0x00000932,0x00000936,0x0004007c,0x0000005e,0x00000939,0x000006d7,0x00050050,0x0000033c,
	0x0000093a,0x00000939,0x00000939,0x00050084,0x0000033c,0x0000093b,0x00000937,0x0000093a,
	0x0004007c,0x0000033c,0x0000093d,0x00001a11,0x00050080,0x0000033c,0x0000093e,0x0000093b,
	0x0000093d,0x000500c7,0x00000006,0x00000941,0x00001b47,0x0000092b,0x000500c7,0x00000006,
	0x00000944,0x00000928,0x0000092e,0x000500c4,0x00000006,0x00000946,0x00000944,0x0000092b,
	0x000500c5,0x00000006,0x00000947,0x00000941,0x00000946,0x000500c2,0x00000006,0x000009ac,
	0x00000889,0x000000ca,0x000500c7,0x00000006,0x000009ad,0x000009ac,0x000000b2,0x000500aa,
	0x000000db,0x000009b3,0x000009ad,0x000000b2,0x000300f7,0x000009ca,0x00000000,0x000400fa,
	0x000009b3,0x000009b4,0x000009b5,0x000200f8,0x000009b5,0x000500aa,0x000000db,0x000009b7,
	0x000009a3,0x00000095,0x000500aa,0x000000db,0x000009b9,0x000009ad,0x00000095,0x000500a7,
	0x000000db,0x000009ba,0x000009b7,0x000009b9,0x000300f7,0x000009c9,0x00000000,0x000400fa,
	0x000009ba,0x000009bb,0x000009be,0x000200f8,0x000009be,0x000500aa,0x000000db,0x000009c0,
	0x000009a3,0x00000095,0x000500aa,0x000000db,0x000009c2,0x000009ad,0x000001a5,0x000500a7,
	0x000000db,0x000009c3,0x000009c0,0x000009c2,0x000300f7,0x000009c8,0x00000000,0x000400fa,
	0x000009c3,0x000009c4,0x000009c8,0x000200f8,0x000009c4,0x000500ab,0x000000db,0x000009c6,
	0x00000947,0x00000098,0x000600a9,0x00000006,0x000009c7,0x000009c6,0x000000b2,0x00000098,
	0x000200f9,0x000009c8,0x000200f8,0x000009c8,0x000700f5,0x00000006,0x00001b4e,0x00000947,
	0x000009be,0x000009c7,0x000009c4,0x000200f9,0x000009c9,0x000200f8,0x000009bb,0x000500c6,
	0x00000006,0x000009bd,0x00000947,0x00000095,0x000200f9,0x000009c9,0x000200f8,0x000009c9,
	0x000700f5,0x00000006,0x00001b4d,0x000009bd,0x000009bb,0x00001b4e,0x000009c8,0x000200f9,
	0x000009ca,0x000200f8,0x000009b4,0x000200f9,0x000009ca,0x000200f8,0x000009ca,0x000700f5,
	0x00000006,0x00001b4c,0x00000098,0x000009b4,0x00001b4d,0x000009c9,0x0004003d,0x00000364,
	0x0000094d,0x00000366,0x0004007c,0x0000005e,0x00000950,0x00001b4c,0x0007005f,0x0000003e,
	0x00000951,0x0000094d,0x0000093e,0x00000040,0x00000950,0x0003003e,0x000008b4,0x00000951,
	0x000500c2,0x00000006,0x000009cf,0x00000889,0x000000c3,0x000500c7,0x00000006,0x000009d0,
	0x000009cf,0x000000c5,0x000500aa,0x000000db,0x00000955,0x000009d0,0x00000095,0x000500c7,
	0x00000006,0x00000957,0x00000882,0x000001a5,0x000500ab,0x000000db,0x00000958,0x00000957,
	0x00000098,0x000500a7,0x000000db,0x00000959,0x00000955,0x00000958,0x000300f7,0x0000096b,
	0x00000000,0x000400fa,0x00000959,0x0000095a,0x0000096b,0x000200f8,0x0000095a,0x00050041,
	0x0000002a,0x0000095b,0x000008b4,0x00000098,0x0004003d,0x00000025,0x0000095c,0x0000095b,
	0x0008000c,0x00000025,0x000009d6,0x00000001,0x0000002b,0x0000095c,0x000000fb,0x00000151,
	0x000500be,0x000000db,0x000009d8,0x000009d6,0x00000154,0x000300f7,0x000009e5,0x00000000,
	0x000400fa,0x000009d8,0x000009d9,0x000009df,0x000200f8,0x000009df,0x000500be,0x000000db,
	0x000009e1,0x000009d6,0x00000166,0x000300f7,0x000009e4,0x00000000,0x000400fa,0x000009e1,
	0x000009e2,0x000009e3,0x000200f8,0x000009e3,0x000200f9,0x000009e4,0x000200f8,0x000009e2,
	0x000200f9,0x000009e4,0x000200f8,0x000009e4,0x000700f5,0x00000025,0x00001b54,0x0000016b,
	0x000009e2,0x000000fb,0x000009e3,0x000700f5,0x00000025,0x00001b51,0x0000016a,0x000009e2,
	0x0000016d,0x000009e3,0x000200f9,0x000009e5,0x000200f8,0x000009d9,0x000500be,0x000000db,
	0x000009db,0x000009d6,0x00000159,0x000300f7,0x000009de,0x00000000,0x000400fa,0x000009db,
	0x000009dc,0x000009dd,0x000200f8,0x000009dd,0x000200f9,0x000009de,0x000200f8,0x000009dc,
	0x000200f9,0x000009de,0x000200f8,0x000009de,0x000700f5,0x00000025,0x00001b53,0x00000160,
	0x000009dc,0x00000163,0x000009dd,0x000700f5,0x00000025,0x00001b50,0x0000015e,0x000009dc,
	0x00000162,0x000009dd,0x000200f9,0x000009e5,0x000200f8,0x000009e5,0x000700f5,0x00000025,
	0x00001b52,0x00001b53,0x000009de,0x00001b54,0x000009e4,0x000700f5,0x00000025,0x00001b4f,
	0x00001b50,0x000009de,0x00001b51,0x000009e4,0x00050085,0x00000025,0x000009e8,0x000009d6,
	0x00001b4f,0x0006000c,0x00000025,0x000009e9,0x00000001,0x00000003,0x000009e8,0x00050085,
	0x00000025,0x000009ea,0x000009e9,0x00000172,0x00050081,0x00000025,0x000009ec,0x000009ea,
	0x00001b52,0x00050041,0x0000002a,0x0000095e,0x000008b4,0x00000095,0x0004003d,0x00000025,
	0x0000095f,0x0000095e,0x0008000c,0x00000025,0x000009f2,0x00000001,0x0000002b,0x0000095f,
	0x000000fb,0x00000151,0x000500be,0x000000db,0x000009f4,0x000009f2,0x00000154,0x000300f7,
	0x00000a01,0x00000000,0x000400fa,0x000009f4,0x000009f5,0x000009fb,0x000200f8,0x000009fb,
	0x000500be,0x000000db,0x000009fd,0x000009f2,0x00000166,0x000300f7,0x00000a00,0x00000000,
	0x000400fa,0x000009fd,0x000009fe,0x000009ff,0x000200f8,0x000009ff,0x000200f9,0x00000a00,
	0x000200f8,0x000009fe,0x000200f9,0x00000a00,0x000200f8,0x00000a00,0x000700f5,0x00000025,
	0x00001b5a,0x0000016b,0x000009fe,0x000000fb,0x000009ff,0x000700f5,0x00000025,0x00001b57,
	0x0000016a,0x000009fe,0x0000016d,0x000009ff,0x000200f9,0x00000a01,0x000200f8,0x000009f5,
	0x000500be,0x000000db,0x000009f7,0x000009f2,0x00000159,0x000300f7,0x000009fa,0x00000000,
	0x000400fa,0x000009f7,0x000009f8,0x000009f9,0x000200f8,0x000009f9,0x000200f9,0x000009fa,
	0x000200f8,0x000009f8,0x000200f9,0x000009fa,0x000200f8,0x000009fa,0x000700f5,0x00000025,
	0x00001b59,0x00000160,0x000009f8,0x00000163,0x000009f9,0x000700f5,0x00000025,0x00001b56,
	0x0000015e,0x000009f8,0x00000162,0x000009f9,0x000200f9,0x00000a01,0x000200f8,0x00000a01,
	0x000700f5,0x00000025,0x00001b58,0x00001b59,0x000009fa,0x00001b5a,0x00000a00,0x000700f5,
	0x00000025,0x00001b55,0x00001b56,0x000009fa,0x00001b57,0x00000a00,0x00050085,0x00000025,
	0x00000a04,0x000009f2,0x00001b55,0x0006000c,0x00000025,0x00000a05,0x00000001,0x00000003,
	0x00000a04,0x00050085,0x00000025,0x00000a06,0x00000a05,0x00000172,0x00050081,0x00000025,
	0x00000a08,0x00000a06,0x00001b58,0x00050041,0x0000002a,0x00000961,0x000008b4,0x000001a5,
	0x0004003d,0x00000025,0x00000962,0x00000961,0x0008000c,0x00000025,0x00000a0e,0x00000001,
	0x0000002b,0x00000962,0x000000fb,0x00000151,0x000500be,0x000000db,0x00000a10,0x00000a0e,
	0x00000154,0x000300f7,0x00000a1d,0x00000000,0x000400fa,0x00000a10,0x00000a11,0x00000a17,
	0x000200f8,0x00000a17,0x000500be,0x000000db,0x00000a19,0x00000a0e,0x00000166,0x000300f7,
	0x00000a1c,0x00000000,0x000400fa,0x00000a19,0x00000a1a,0x00000a1b,0x000200f8,0x00000a1b,
	0x000200f9,0x00000a1c,0x000200f8,0x00000a1a,0x000200f9,0x00000a1c,0x000200f8,0x00000a1c,
	0x000700f5,0x00000025,0x00001b60,0x0000016b,0x00000a1a,0x000000fb,0x00000a1b,0x000700f5,
	0x00000025,0x00001b5d,0x0000016a,0x00000a1a,0x0000016d,0x00000a1b,0x000200f9,0x00000a1d,
	0x000200f8,0x00000a11,0x000500be,0x000000db,0x00000a13,0x00000a0e,0x00000159,0x000300f7,
	0x00000a16,0x00000000,0x000400fa,0x00000a13,0x00000a14,0x00000a15,0x000200f8,0x00000a15,
	0x000200f9,0x00000a16,0x000200f8,0x00000a14,0x000200f9,0x00000a16,0x000200f8,0x00000a16,
	0x000700f5,0x00000025,0x00001b5f,0x00000160,0x00000a14,0x00000163,0x00000a15,0x000700f5,
	0x00000025,0x00001b5c,0x0000015e,0x00000a14,0x00000162,0x00000a15,0x000200f9,0x00000a1d,
	0x000200f8,0x00000a1d,0x000700f5,0x00000025,0x00001b5e,0x00001b5f,0x00000a16,0x00001b60,
	0x00000a1c,0x000700f5,0x00000025,0x00001b5b,0x00001b5c,0x00000a16,0x00001b5d,0x00000a1c,
	0x00050085,0x00000025,0x00000a20,0x00000a0e,0x00001b5b,0x0006000c,0x00000025,0x00000a21,
	0x00000001,0x00000003,0x00000a20,0x00050085,0x00000025,0x00000a22,0x00000a21,0x00000172,
	0x00050081,0x00000025,0x00000a24,0x00000a22,0x00001b5e,0x00050041,0x0000002a,0x00000965,
	0x000008b4,0x00000098,0x0003003e,0x00000965,0x000009ec,0x00050041,0x0000002a,0x00000967,
	0x000008b4,0x00000095,0x0003003e,0x00000967,0x00000a08,0x00050041,0x0000002a,0x00000969,
	0x000008b4,0x000001a5,0x0003003e,0x00000969,0x00000a24,0x000200f9,0x0000096b,0x000200f8,
	0x0000096b,0x0004003d,0x0000003e,0x0000096c,0x000008b4,0x0003003e,0x000008ba,0x0000096c,
	0x000200f9,0x00000a3e,0x000200f8,0x00000a3e,0x000300f7,0x00000a7e,0x00000000,0x001100fb,
	0x000009d0,0x00000a40,0x00000000,0x00000a41,0x00000001,0x00000a41,0x00000002,0x00000a54,
	0x0000000a,0x00000a54,0x00000003,0x00000a67,0x0000000c,0x00000a67,0x0000000e,0x00000a7a,
	0x000200f8,0x00000a7a,0x00050041,0x0000002a,0x00000a7b,0x000008ba,0x00000098,0x0004003d,
	0x00000025,0x00000a7c,0x00000a7b,0x0004007c,0x00000006,0x00000a7d,0x00000a7c,0x000200f9,
	0x00000a7e,0x000200f8,0x00000a67,0x00050041,0x0000002a,0x00000a68,0x000008ba,0x00000098,
	0x0004003d,0x00000025,0x00000a69,0x00000a68,0x0008000c,0x00000025,0x00000ac8,0x00000001,
	0x0000002b,0x00000a69,0x000000fb,0x00000101,0x0004007c,0x00000006,0x00000ac9,0x00000ac8,
	0x000500b0,0x000000db,0x00000acb,0x00000ac9,0x00000106,0x000500c7,0x00000006,0x00000acd,
	0x00000ac9,0x0000010a,0x000500c5,0x00000006,0x00000ace,0x00000108,0x00000acd,0x000500c2,
	0x00000006,0x00000ad0,0x00000ac9,0x000000c3,0x00050082,0x00000006,0x00000ad1,0x0000010d,
	0x00000ad0,0x0007000c,0x00000006,0x00000ad2,0x00000001,0x00000026,0x00000ad1,0x00000111,
	0x000500c2,0x00000006,0x00000ad3,0x00000ace,0x00000ad2,0x00050080,0x00000006,0x00000ad5,
	0x00000ac9,0x00000115,0x000600a9,0x00000006,0x00000ad6,0x00000acb,0x00000ad3,0x00000ad5,
	0x00050080,0x00000006,0x00000ad8,0x00000ad6,0x00000119,0x000500c2,0x00000006,0x00000ada,
	0x00000ad6,0x0000011c,0x000500c7,0x00000006,0x00000adb,0x00000ada,0x00000095,0x00050080,
	0x00000006,0x00000adc,0x00000ad8,0x00000adb,0x000500c2,0x00000006,0x00000add,0x00000adc,
	0x0000011c,0x000500c7,0x00000006,0x00000ade,0x00000add,0x00000121,0x00050041,0x0000002a,
	0x00000a6b,0x000008ba,0x00000095,0x0004003d,0x00000025,0x00000a6c,0x00000a6b,0x0008000c,
	0x00000025,0x00000ae4,0x00000001,0x0000002b,0x00000a6c,0x000000fb,0x00000101,0x0004007c,
	0x00000006,0x00000ae5,0x00000ae4,0x000500b0,0x000000db,0x00000ae7,0x00000ae5,0x00000106,
	0x000500c7,0x00000006,0x00000ae9,0x00000ae5,0x0000010a,0x000500c5,0x00000006,0x00000aea,
	0x00000108,0x00000ae9,0x000500c2,0x00000006,0x00000aec,0x00000ae5,0x000000c3,0x00050082,
	0x00000006,0x00000aed,0x0000010d,0x00000aec,0x0007000c,0x00000006,0x00000aee,0x00000001,
	0x00000026,0x00000aed,0x00000111,0x000500c2,0x00000006,0x00000aef,0x00000aea,0x00000aee,
	0x00050080,0x00000006,0x00000af1,0x00000ae5,0x00000115,0x000600a9,0x00000006,0x00000af2,
	0x00000ae7,0x00000aef,0x00000af1,0x00050080,0x00000006,0x00000af4,0x00000af2,0x00000119,
	0x000500c2,0x00000006,0x00000af6,0x00000af2,0x0000011c,0x000500c7,0x00000006,0x00000af7,
	0x00000af6,0x00000095,0x00050080,0x00000006,0x00000af8,0x00000af4,0x00000af7,0x000500c2,
	0x00000006,0x00000af9,0x00000af8,0x0000011c,0x000500c7,0x00000006,0x00000afa,0x00000af9,
	0x00000121,0x000500c4,0x00000006,0x00000a6e,0x00000afa,0x000001be,0x000500c5,0x00000006,
	0x00000a6f,0x00000ade,0x00000a6e,0x00050041,0x0000002a,0x00000a70,0x000008ba,0x000001a5,
	0x0004003d,0x00000025,0x00000a71,0x00000a70,0x0008000c,0x00000025,0x00000b00,0x00000001,
	0x0000002b,0x00000a71,0x000000fb,0x00000101,0x0004007c,0x00000006,0x00000b01,0x00000b00,
	0x000500b0,0x000000db,0x00000b03,0x00000b01,0x00000106,0x000500c7,0x00000006,0x00000b05,
	0x00000b01,0x0000010a,0x000500c5,0x00000006,0x00000b06,0x00000108,0x00000b05,0x000500c2,
	0x00000006,0x00000b08,0x00000b01,0x000000c3,0x00050082,0x00000006,0x00000b09,0x0000010d,
	0x00000b08,0x0007000c,0x00000006,0x00000b0a,0x00000001,0x00000026,0x00000b09,0x00000111,
	0x000500c2,0x00000006,0x00000b0b,0x00000b06,0x00000b0a,0x00050080,0x00000006,0x00000b0d,
	0x00000b01,0x00000115,0x000600a9,0x00000006,0x00000b0e,0x00000b03,0x00000b0b,0x00000b0d,
	0x00050080,0x00000006,0x00000b10,0x00000b0e,0x00000119,0x000500c2,0x00000006,0x00000b12,
	0x00000b0e,0x0000011c,0x000500c7,0x00000006,0x00000b13,0x00000b12,0x00000095,0x00050080,
	0x00000006,0x00000b14,0x00000b10,0x00000b13,0x000500c2,0x00000006,0x00000b15,0x00000b14,
	0x0000011c,0x000500c7,0x00000006,0x00000b16,0x00000b15,0x00000121,0x000500c4,0x00000006,
	0x00000a73,0x00000b16,0x000000d8,0x000500c5,0x00000006,0x00000a74,0x00000a6f,0x00000a73,
	0x00050041,0x0000002a,0x00000a75,0x000008ba,0x000000b2,0x0004003d,0x00000025,0x00000a76,
	0x00000a75,0x0008000c,0x00000025,0x00000b1a,0x00000001,0x0000002b,0x00000a76,0x000000fb,
	0x00000151,0x00050085,0x00000025,0x00000b1c,0x00000b1a,0x000001c8,0x00050081,0x00000025,
	0x00000b1d,0x00000b1c,0x0000018a,0x0004006d,0x00000006,0x00000b1e,0x00000b1d,0x000500c4,
	0x00000006,0x00000a78,0x00000b1e,0x000001ce,0x000500c5,0x00000006,0x00000a79,0x00000a74,
	0x00000a78,0x000200f9,0x00000a7e,0x000200f8,0x00000a54,0x00050041,0x0000002a,0x00000a55,
	0x000008ba,0x00000098,0x0004003d,0x00000025,0x00000a56,0x00000a55,0x0008000c,0x00000025,
	0x00000aa6,0x00000001,0x0000002b,0x00000a56,0x000000fb,0x00000151,0x00050085,0x00000025,
	0x00000aa8,0x00000aa6,0x0000016d,0x00050081,0x00000025,0x00000aa9,0x00000aa8,0x0000018a,
	0x0004006d,0x00000006,0x00000aaa,0x00000aa9,0x00050041,0x0000002a,0x00000a58,0x000008ba,
	0x00000095,0x0004003d,0x00000025,0x00000a59,0x00000a58,0x0008000c,0x00000025,0x00000aae,
	0x00000001,0x0000002b,0x00000a59,0x000000fb,0x00000151,0x00050085,0x00000025,0x00000ab0,
	0x00000aae,0x0000016d,0x00050081,0x00000025,0x00000ab1,0x00000ab0,0x0000018a,0x0004006d,
	0x00000006,0x00000ab2,0x00000ab1,0x000500c4,0x00000006,0x00000a5b,0x00000ab2,0x000001be,
	0x000500c5,0x00000006,0x00000a5c,0x00000aaa,0x00000a5b,0x00050041,0x0000002a,0x00000a5d,
	0x000008ba,0x000001a5,0x0004003d,0x00000025,0x00000a5e,0x00000a5d,0x0008000c,0x00000025,
	0x00000ab6,0x00000001,0x0000002b,0x00000a5e,0x000000fb,0x00000151,0x00050085,0x00000025,
	0x00000ab8,0x00000ab6,0x0000016d,0x00050081,0x00000025,0x00000ab9,0x00000ab8,0x0000018a,
	0x0004006d,0x00000006,0x00000aba,0x00000ab9,0x000500c4,0x00000006,0x00000a60,0x00000aba,
	0x000000d8,0x000500c5,0x00000006,0x00000a61,0x00000a5c,0x00000a60,0x00050041,0x0000002a,
	0x00000a62,0x000008ba,0x000000b2,0x0004003d,0x00000025,0x00000a63,0x00000a62,0x0008000c,
	0x00000025,0x00000abe,0x00000001,0x0000002b,0x00000a63,0x000000fb,0x00000151,0x00050085,
	0x00000025,0x00000ac0,0x00000abe,0x000001c8,0x00050081,0x00000025,0x00000ac1,0x00000ac0,
	0x0000018a,0x0004006d,0x00000006,0x00000ac2,0x00000ac1,0x000500c4,0x00000006,0x00000a65,
	0x00000ac2,0x000001ce,0x000500c5,0x00000006,0x00000a66,0x00000a61,0x00000a65,0x000200f9,
	0x00000a7e,0x000200f8,0x00000a41,0x00050041,0x0000002a,0x00000a42,0x000008ba,0x00000098,
	0x0004003d,0x00000025,0x00000a43,0x00000a42,0x0008000c,0x00000025,0x00000a86,0x00000001,
	0x0000002b,0x00000a43,0x000000fb,0x00000151,0x00050085,0x00000025,0x00000a88,0x00000a86,
	0x00000196,0x00050081,0x00000025,0x00000a89,0x00000a88,0x0000018a,0x0004006d,0x00000006,
	0x00000a8a,0x00000a89,0x00050041,0x0000002a,0x00000a45,0x000008ba,0x00000095,0x0004003d,
	0x00000025,0x00000a46,0x00000a45,0x0008000c,0x00000025,0x00000a8e,0x00000001,0x0000002b,
	0x00000a46,0x000000fb,0x00000151,0x00050085,0x00000025,0x00000a90,0x00000a8e,0x00000196,
	0x00050081,0x00000025,0x00000a91,0x00000a90,0x0000018a,0x0004006d,0x00000006,0x00000a92,
	0x00000a91,0x000500c4,0x00000006,0x00000a48,0x00000a92,0x000001a1,0x000500c5,0x00000006,
	0x00000a49,0x00000a8a,0x00000a48,0x00050041,0x0000002a,0x00000a4a,0x000008ba,0x000001a5,
	0x0004003d,0x00000025,0x00000a4b,0x00000a4a,0x0008000c,0x00000025,0x00000a96,0x00000001,
	0x0000002b,0x00000a4b,0x000000fb,0x00000151,0x00050085,0x00000025,0x00000a98,0x00000a96,
	0x00000196,0x00050081,0x00000025,0x00000a99,0x00000a98,0x0000018a,0x0004006d,0x00000006,
	0x00000a9a,0x00000a99,0x000500c4,0x00000006,0x00000a4d,0x00000a9a,0x0000011c,0x000500c5,
	0x00000006,0x00000a4e,0x00000a49,0x00000a4d,0x00050041,0x0000002a,0x00000a4f,0x000008ba,
	0x000000b2,0x0004003d,0x00000025,0x00000a50,0x00000a4f,0x0008000c,0x00000025,0x00000a9e,
	0x00000001,0x0000002b,0x00000a50,0x000000fb,0x00000151,0x00050085,0x00000025,0x00000aa0,
	0x00000a9e,0x00000196,0x00050081,0x00000025,0x00000aa1,0x00000aa0,0x0000018a,0x0004006d,
	0x00000006,0x00000aa2,0x00000aa1,0x000500c4,0x00000006,0x00000a52,0x00000aa2,0x00000111,
	0x000500c5,0x00000006,0x00000a53,0x00000a4e,0x00000a52,0x000200f9,0x00000a7e,0x000200f8,
	0x00000a40,0x000200f9,0x00000a7e,0x000200f8,0x00000a7e,0x000d00f5,0x00000006,0x00001b63,
	0x00000098,0x00000a40,0x00000a53,0x00000a41,0x00000a66,0x00000a54,0x00000a79,0x00000a67,
	0x00000a7d,0x00000a7a,0x000200f9,0x00000a81,0x000200f8,0x00000a81,0x000500aa,0x000000db,
	0x00000b22,0x000006ec,0x00000095,0x000300f7,0x00000b46,0x00000000,0x000400fa,0x00000b22,
	0x00000b23,0x00000b2b,0x000200f8,0x00000b2b,0x000500aa,0x000000db,0x00000b2d,0x000006ec,
	0x000001a5,0x000300f7,0x00000b45,0x00000000,0x000400fa,0x00000b2d,0x00000b2e,0x00000b3b,
	0x000200f8,0x00000b3b,0x000500aa,0x000000db,0x00000b3d,0x000006ec,0x000000b2,0x000300f7,
	0x00000b44,0x00000000,0x000400fa,0x00000b3d,0x00000b3e,0x00000b44,0x000200f8,0x00000b3e,
	0x000500c4,0x00000006,0x00000b40,0x00001b63,0x0000011c,0x000500c2,0x00000006,0x00000b42,
	0x00001b63,0x0000011c,0x000500c5,0x00000006,0x00000b43,0x00000b40,0x00000b42,0x000200f9,
	0x00000b44,0x000200f8,0x00000b44,0x000700f5,0x00000006,0x00001b66,0x00001b63,0x00000b3b,
	0x00000b43,0x00000b3e,0x000200f9,0x00000b45,0x000200f8,0x00000b2e,0x000500c7,0x00000006,
	0x00000b30,0x00001b63,0x0000041b,0x000500c4,0x00000006,0x00000b31,0x00000b30,0x000001a1,
	0x000500c7,0x00000006,0x00000b33,0x00001b63,0x0000041f,0x000500c2,0x00000006,0x00000b34,
	0x00000b33,0x000001a1,0x000500c5,0x00000006,0x00000b35,0x00000b31,0x00000b34,0x000500c4,
	0x00000006,0x00000b37,0x00000b35,0x0000011c,0x000500c2,0x00000006,0x00000b39,0x00000b35,
	0x0000011c,0x000500c5,0x00000006,0x00000b3a,0x00000b37,0x00000b39,0x000200f9,0x00000b45,
	0x000200f8,0x00000b45,0x000700f5,0x00000006,0x00001b65,0x00000b3a,0x00000b2e,0x00001b66,
	0x00000b44,0x000200f9,0x00000b46,0x000200f8,0x00000b23,0x000500c7,0x00000006,0x00000b25,
	0x00001b63,0x0000041b,0x000500c4,0x00000006,0x00000b26,0x00000b25,0x000001a1,0x000500c7,
	0x00000006,0x00000b28,0x00001b63,0x0000041f,0x000500c2,0x00000006,0x00000b29,0x00000b28,
	0x000001a1,0x000500c5,0x00000006,0x00000b2a,0x00000b26,0x00000b29,0x000200f9,0x00000b46,
	0x000200f8,0x00000b46,0x000700f5,0x00000006,0x00001b64,0x00000b2a,0x00000b23,0x00001b65,
	0x00000b45,0x000500c2,0x0000005e,0x00000b55,0x00001a18,0x000003ab,0x00060041,0x00000472,
	0x00000b58,0x0000046e,0x0000046f,0x00000b55,0x0003003e,0x00000b58,0x00001b64,0x0004003d,
	0x00000475,0x00000b59,0x00000477,0x00040068,0x00000007,0x00000b5a,0x00000b59,0x0003003e,
	0x00000b49,0x00000b5a,0x00050041,0x00000009,0x00000b5b,0x00000b49,0x00000098,0x0004003d,
	0x00000006,0x00000b5c,0x00000b5b,0x00050041,0x00000009,0x00000b5d,0x00000b4a,0x00000098,
	0x0003003e,0x00000b5d,0x00000b5c,0x00050041,0x00000009,0x00000b5e,0x00000b49,0x00000095,
	0x0004003d,0x00000006,0x00000b5f,0x00000b5e,0x00050041,0x00000009,0x00000b60,0x00000b4a,
	0x00000095,0x0003003e,0x00000b60,0x00000b5f,0x00050041,0x00000486,0x00000b62,0x00000485,
	0x000003cf,0x0004003d,0x00000006,0x00000b63,0x00000b62,0x00050050,0x00000007,0x00000b64,
	0x00000098,0x00000b63,0x00050080,0x00000007,0x00000b65,0x000006cb,0x00000b64,0x0004003d,
	0x00000007,0x00000b67,0x00000b4a,0x000500b0,0x0000048d,0x00000b68,0x00000b65,0x00000b67,
	0x0004009b,0x000000db,0x00000b69,0x00000b68,0x000300f7,0x00000b72,0x00000000,0x000400fa,
	0x00000b69,0x00000b6a,0x00000b72,0x000200f8,0x00000b6a,0x00050041,0x00000486,0x00000b6c,
	0x00000485,0x00000493,0x0004003d,0x00000006,0x00000b6d,0x00000b6c,0x000500c7,0x00000006,
	0x00000b98,0x00000b6d,0x0000012d,0x000500aa,0x000000db,0x00000bb8,0x00000b98,0x00000095,
	0x000300f7,0x00000bdc,0x00000000,0x000400fa,0x00000bb8,0x00000bb9,0x00000bc1,0x000200f8,
	0x00000bc1,0x000500aa,0x000000db,0x00000bc3,0x00000b98,0x000001a5,0x000300f7,0x00000bdb,
	0x00000000,0x000400fa,0x00000bc3,0x00000bc4,0x00000bd1,0x000200f8,0x00000bd1,0x000500aa,
	0x000000db,0x00000bd3,0x00000b98,0x000000b2,0x000300f7,0x00000bda,0x00000000,0x000400fa,
	0x00000bd3,0x00000bd4,0x00000bda,0x000200f8,0x00000bd4,0x000500c4,0x00000006,0x00000bd6,
	0x00001b64,0x0000011c,0x000500c2,0x00000006,0x00000bd8,0x00001b64,0x0000011c,0x000500c5,
	0x00000006,0x00000bd9,0x00000bd6,0x00000bd8,0x000200f9,0x00000bda,0x000200f8,0x00000bda,
	0x000700f5,0x00000006,0x00001b80,0x00001b64,0x00000bd1,0x00000bd9,0x00000bd4,0x000200f9,
	0x00000bdb,0x000200f8,0x00000bc4,0x000500c7,0x00000006,0x00000bc6,0x00001b64,0x0000041b,
	0x000500c4,0x00000006,0x00000bc7,0x00000bc6,0x000001a1,0x000500c7,0x00000006,0x00000bc9,
	0x00001b64,0x0000041f,0x000500c2,0x00000006,0x00000bca,0x00000bc9,0x000001a1,0x000500c5,
	0x00000006,0x00000bcb,0x00000bc7,0x00000bca,0x000500c4,0x00000006,0x00000bcd,0x00000bcb,
	0x0000011c,0x000500c2,0x00000006,0x00000bcf,0x00000bcb,0x0000011c,0x000500c5,0x00000006,
	0x00000bd0,0x00000bcd,0x00000bcf,0x000200f9,0x00000bdb,0x000200f8,0x00000bdb,0x000700f5,
	0x00000006,0x00001b7f,0x00000bd0,0x00000bc4,0x00001b80,0x00000bda,0x000200f9,0x00000bdc,
	0x000200f8,0x00000bb9,0x000500c7,0x00000006,0x00000bbb,0x00001b64,0x0000041b,0x000500c4,
	0x00000006,0x00000bbc,0x00000bbb,0x000001a1,0x000500c7,0x00000006,0x00000bbe,0x00001b64,
	0x0000041f,0x000500c2,0x00000006,0x00000bbf,0x00000bbe,0x000001a1,0x000500c5,0x00000006,
	0x00000bc0,0x00000bbc,0x00000bbf,0x000200f9,0x00000bdc,0x000200f8,0x00000bdc,0x000700f5,
	0x00000006,0x00001b7e,0x00000bc0,0x00000bb9,0x00001b7f,0x00000bdb,0x000500c2,0x00000006,
	0x00000b9c,0x00000b6d,0x000000b2,0x000500c7,0x00000006,0x00000b9d,0x00000b9c,0x000000b2,
	0x000500aa,0x000000db,0x00000b9f,0x00000b9d,0x00000095,0x000300f7,0x00000bb3,0x00000000,
	0x000400fa,0x00000b9f,0x00000ba0,0x00000baa,0x000200f8,0x00000baa,0x000500aa,0x000000db,
	0x00000bac,0x00000b9d,0x000001a5,0x000300f7,0x00000bb2,0x00000000,0x000400fa,0x00000bac,
	0x00000bad,0x00000bb2,0x000200f8,0x00000bad,0x000500c2,0x00000006,0x00000baf,0x00001b7e,
	0x000001a1,0x000500c7,0x00000006,0x00000be4,0x00000baf,0x000000cf,0x000500c7,0x00000006,
	0x00000be6,0x00000baf,0x000000d4,0x000500c2,0x00000006,0x00000be8,0x00000be4,0x000000d8,
	0x000500aa,0x000000db,0x00000bea,0x00000be8,0x00000098,0x000500ab,0x000000db,0x00000bec,
	0x00000be6,0x00000098,0x000500a7,0x000000db,0x00000bed,0x00000bea,0x00000bec,0x000300f7,
	0x00000bfb,0x00000000,0x000400fa,0x00000bed,0x00000bee,0x00000bfb,0x000200f8,0x00000bee,
	0x0006000c,0x00000006,0x00000bf0,0x00000001,0x0000004b,0x00000be6,0x00050082,0x00000006,
	0x00000bf2,0x000000d8,0x00000bf0,0x0004007c,0x0000005e,0x00000bf4,0x00000bf2,0x00050082,
	0x0000005e,0x00000bf5,0x000000e8,0x00000bf4,0x0004007c,0x00000006,0x00000bf6,0x00000bf5,
	0x000500c4,0x00000006,0x00000bf9,0x00000be6,0x00000bf2,0x000500c7,0x00000006,0x00000bfa,
	0x00000bf9,0x000000d4,0x000200f9,0x00000bfb,0x000200f8,0x00000bfb,0x000700f5,0x00000006,
	0x00001b82,0x00000be6,0x00000bad,0x00000bfa,0x00000bee,0x000700f5,0x00000006,0x00001b81,
	0x00000be8,0x00000bad,0x00000bf6,0x00000bee,0x000500ab,0x000000db,0x00000bfd,0x00000be4,
	0x00000098,0x00050080,0x00000006,0x00000bff,0x00001b81,0x000000f4,0x000500c4,0x00000006,
	0x00000c00,0x00000bff,0x000000c3,0x000500c4,0x00000006,0x00000c02,0x00001b82,0x000000b2,
	0x000500c5,0x00000006,0x00000c03,0x00000c00,0x00000c02,0x0004007c,0x00000025,0x00000c04,
	0x00000c03,0x000600a9,0x00000025,0x00000c05,0x00000bfd,0x00000c04,0x000000fb,0x0004007c,
	0x00000006,0x00000bb1,0x00000c05,0x000200f9,0x00000bb2,0x000200f8,0x00000bb2,0x000700f5,
	0x00000006,0x00001b84,0x00001b7e,0x00000baa,0x00000bb1,0x00000bfb,0x000200f9,0x00000bb3,
	0x000200f8,0x00000ba0,0x000500c2,0x00000006,0x00000ba2,0x00001b7e,0x000001a1,0x000500c2,
	0x00000006,0x00000ba5,0x00000ba2,0x000000c3,0x00050080,0x00000006,0x00000ba6,0x00000ba2,
	0x00000ba5,0x00040070,0x00000025,0x00000ba7,0x00000ba6,0x00050085,0x00000025,0x00000ba8,
	0x00000ba7,0x00000458,0x0004007c,0x00000006,0x00000ba9,0x00000ba8,0x000200f9,0x00000bb3,
	0x000200f8,0x00000bb3,0x000700f5,0x00000006,0x00001b83,0x00000ba9,0x00000ba0,0x00001b84,
	0x00000bb2,0x0004003d,0x00000475,0x00000b6f,0x00000477,0x00040063,0x00000b6f,0x00000b65,
	0x00001b83,0x000200f9,0x00000b72,0x000200f8,0x00000b72,0x00050041,0x00000486,0x00000b73,
	0x00000485,0x0000049d,0x0004003d,0x00000006,0x00000b74,0x00000b73,0x000500c2,0x00000006,
	0x00000b75,0x00000b74,0x000004a0,0x000500c7,0x00000006,0x00000b76,0x00000b75,0x00000095,
	0x000500ab,0x000000db,0x00000b77,0x00000b76,0x00000098,0x000300f7,0x00000b8e,0x00000000,
	0x000400fa,0x00000b77,0x00000b78,0x00000b8e,0x000200f8,0x00000b78,0x0004003d,0x00000475,
	0x00000b79,0x000004a7,0x00040068,0x00000007,0x00000b7a,0x00000b79,0x0003003e,0x00000b4f,
	0x00000b7a,0x00050041,0x00000009,0x00000b7b,0x00000b4f,0x00000098,0x0004003d,0x00000006,
	0x00000b7c,0x00000b7b,0x00050041,0x00000009,0x00000b7d,0x00000b4a,0x00000098,0x0003003e,
	0x00000b7d,0x00000b7c,0x00050041,0x00000009,0x00000b7e,0x00000b4f,0x00000095,0x0004003d,
	0x00000006,0x00000b7f,0x00000b7e,0x00050041,0x00000009,0x00000b80,0x00000b4a,0x00000095,
	0x0003003e,0x00000b80,0x00000b7f,0x0004003d,0x00000007,0x00000b82,0x00000b4a,0x000500b0,
	0x0000048d,0x00000b83,0x00000b65,0x00000b82,0x0004009b,0x000000db,0x00000b84,0x00000b83,
	0x000300f7,0x00000b8d,0x00000000,0x000400fa,0x00000b84,0x00000b85,0x00000b8d,0x000200f8,
	0x00000b85,0x00050041,0x00000486,0x00000b87,0x00000485,0x0000049d,0x0004003d,0x00000006,
	0x00000b88,0x00000b87,0x000500c7,0x00000006,0x00000c0f,0x00000b88,0x0000012d,0x000500aa,
	0x000000db,0x00000c2f,0x00000c0f,0x00000095,0x000300f7,0x00000c53,0x00000000,0x000400fa,
	0x00000c2f,0x00000c30,0x00000c38,0x000200f8,0x00000c38,0x000500aa,0x000000db,0x00000c3a,
	0x00000c0f,0x000001a5,0x000300f7,0x00000c52,0x00000000,0x000400fa,0x00000c3a,0x00000c3b,
	0x00000c48,0x000200f8,0x00000c48,0x000500aa,0x000000db,0x00000c4a,0x00000c0f,0x000000b2,
	0x000300f7,0x00000c51,0x00000000,0x000400fa,0x00000c4a,0x00000c4b,0x00000c51,0x000200f8,
	0x00000c4b,0x000500c4,0x00000006,0x00000c4d,0x00001b64,0x0000011c,0x000500c2,0x00000006,
	0x00000c4f,0x00001b64,0x0000011c,0x000500c5,0x00000006,0x00000c50,0x00000c4d,0x00000c4f,
	0x000200f9,0x00000c51,0x000200f8,0x00000c51,0x000700f5,0x00000006,0x00001b87,0x00001b64,
	0x00000c48,0x00000c50,0x00000c4b,0x000200f9,0x00000c52,0x000200f8,0x00000c3b,0x000500c7,
	0x00000006,0x00000c3d,0x00001b64,0x0000041b,0x000500c4,0x00000006,0x00000c3e,0x00000c3d,
	0x000001a1,0x000500c7,0x00000006,0x00000c40,0x00001b64,0x0000041f,0x000500c2,0x00000006,
	0x00000c41,0x00000c40,0x000001a1,0x000500c5,0x00000006,0x00000c42,0x00000c3e,0x00000c41,
	0x000500c4,0x00000006,0x00000c44,0x00000c42,0x0000011c,0x000500c2,0x00000006,0x00000c46,
	0x00000c42,0x0000011c,0x000500c5,0x00000006,0x00000c47,0x00000c44,0x00000c46,0x000200f9,
	0x00000c52,0x000200f8,0x00000c52,0x000700f5,0x00000006,0x00001b86,0x00000c47,0x00000c3b,
	0x00001b87,0x00000c51,0x000200f9,0x00000c53,0x000200f8,0x00000c30,0x000500c7,0x00000006,
	0x00000c32,0x00001b64,0x0000041b,0x000500c4,0x00000006,0x00000c33,0x00000c32,0x000001a1,
	0x000500c7,0x00000006,0x00000c35,0x00001b64,0x0000041f,0x000500c2,0x00000006,0x00000c36,
	0x00000c35,0x000001a1,0x000500c5,0x00000006,0x00000c37,0x00000c33,0x00000c36,0x000200f9,
	0x00000c53,0x000200f8,0x00000c53,0x000700f5,0x00000006,0x00001b85,0x00000c37,0x00000c30,
	0x00001b86,0x00000c52,0x000500c2,0x00000006,0x00000c13,0x00000b88,0x000000b2,0x000500c7,
	0x00000006,0x00000c14,0x00000c13,0x000000b2,0x000500aa,0x000000db,0x00000c16,0x00000c14,
	0x00000095,0x000300f7,0x00000c2a,0x00000000,0x000400fa,0x00000c16,0x00000c17,0x00000c21,
	0x000200f8,0x00000c21,0x000500aa,0x000000db,0x00000c23,0x00000c14,0x000001a5,0x000300f7,
	0x00000c29,0x00000000,0x000400fa,0x00000c23,0x00000c24,0x00000c29,0x000200f8,0x00000c24,
	0x000500c2,0x00000006,0x00000c26,0x00001b85,0x000001a1,0x000500c7,0x00000006,0x00000c5b,
	0x00000c26,0x000000cf,0x000500c7,0x00000006,0x00000c5d,0x00000c26,0x000000d4,0x000500c2,
	0x00000006,0x00000c5f,0x00000c5b,0x000000d8,0x000500aa,0x000000db,0x00000c61,0x00000c5f,
	0x00000098,0x000500ab,0x000000db,0x00000c63,0x00000c5d,0x00000098,0x000500a7,0x000000db,
	0x00000c64,0x00000c61,0x00000c63,0x000300f7,0x00000c72,0x00000000,0x000400fa,0x00000c64,
	0x00000c65,0x00000c72,0x000200f8,0x00000c65,0x0006000c,0x00000006,0x00000c67,0x00000001,
	0x0000004b,0x00000c5d,0x00050082,0x00000006,0x00000c69,0x000000d8,0x00000c67,0x0004007c,
	0x0000005e,0x00000c6b,0x00000c69,0x00050082,0x0000005e,0x00000c6c,0x000000e8,0x00000c6b,
	0x0004007c,0x00000006,0x00000c6d,0x00000c6c,0x000500c4,0x00000006,0x00000c70,0x00000c5d,
	0x00000c69,0x000500c7,0x00000006,0x00000c71,0x00000c70,0x000000d4,0x000200f9,0x00000c72,
	0x000200f8,0x00000c72,0x000700f5,0x00000006,0x00001b89,0x00000c5d,0x00000c24,0x00000c71,
	0x00000c65,0x000700f5,0x00000006,0x00001b88,0x00000c5f,0x00000c24,0x00000c6d,0x00000c65,
	0x000500ab,0x000000db,0x00000c74,0x00000c5b,0x00000098,0x00050080,0x00000006,0x00000c76,
	0x00001b88,0x000000f4,0x000500c4,0x00000006,0x00000c77,0x00000c76,0x000000c3,0x000500c4,
	0x00000006,0x00000c79,0x00001b89,0x000000b2,0x000500c5,0x00000006,0x00000c7a,0x00000c77,
	0x00000c79,0x0004007c,0x00000025,0x00000c7b,0x00000c7a,0x000600a9,0x00000025,0x00000c7c,
	0x00000c74,0x00000c7b,0x000000fb,0x0004007c,0x00000006,0x00000c28,0x00000c7c,0x000200f9,
	0x00000c29,0x000200f8,0x00000c29,0x000700f5,0x00000006,0x00001b8b,0x00001b85,0x00000c21,
	0x00000c28,0x00000c72,0x000200f9,0x00000c2a,0x000200f8,0x00000c17,0x000500c2,0x00000006,
	0x00000c19,0x00001b85,0x000001a1,0x000500c2,0x00000006,0x00000c1c,0x00000c19,0x000000c3,
	0x00050080,0x00000006,0x00000c1d,0x00000c19,0x00000c1c,0x00040070,0x00000025,0x00000c1e,
	0x00000c1d,0x00050085,0x00000025,0x00000c1f,0x00000c1e,0x00000458,0x0004007c,0x00000006,
	0x00000c20,0x00000c1f,0x000200f9,0x00000c2a,0x000200f8,0x00000c2a,0x000700f5,0x00000006,
	0x00001b8a,0x00000c20,0x00000c17,0x00001b8b,0x00000c29,0x0004003d,0x00000475,0x00000b8a,
	0x000004a7,0x00040063,0x00000b8a,0x00000b65,0x00001b8a,0x000200f9,0x00000b8d,0x000200f8,
	0x00000b8d,0x000200f9,0x00000b8e,0x000200f8,0x00000b8e,0x000200f9,0x000007ae,0x000200f8,
	0x00000729,0x0003003e,0x0000068d,0x0000024c,0x00050041,0x00000486,0x0000072a,0x00000485,
	0x000003ab,0x0004003d,0x00000006,0x0000072b,0x0000072a,0x000500c2,0x00000006,0x00000c80,
	0x0000072b,0x000000c3,0x000500c7,0x00000006,0x00000c81,0x00000c80,0x000000c5,0x000200f9,
	0x0000072d,0x000200f8,0x0000072d,0x000700f5,0x00000006,0x00001a12,0x00000098,0x00000729,
	0x0000073d,0x0000073b,0x000400f6,0x0000073e,0x0000073b,0x00000000,0x000200f9,0x0000072e,
	0x000200f8,0x0000072e,0x000500b0,0x000000db,0x00000731,0x00001a12,0x00001a14,0x000400fa,
	0x00000731,0x00000732,0x0000073e,0x000200f8,0x00000732,0x00050080,0x00000006,0x00000735,
	0x00001a72,0x00001a12,0x0004003d,0x00000007,0x00000736,0x00000670,0x00050041,0x00000486,
	0x00000caf,0x00000485,0x00000398,0x0004003d,0x00000006,0x00000cb0,0x00000caf,0x000500c2,
	0x00000006,0x00000cb1,0x00000cb0,0x0000012d,0x000500c7,0x00000006,0x00000cb2,0x00000cb1,
	0x00000095,0x000500ab,0x000000db,0x00000cb3,0x00000cb2,0x00000098,0x000600a9,0x00000006,
	0x00000cb4,0x00000cb3,0x00000095,0x00000098,0x00050041,0x00000486,0x00000cb5,0x00000485,
	0x00000398,0x0004003d,0x00000006,0x00000cb6,0x00000cb5,0x000500c2,0x00000006,0x00000cb7,
	0x00000cb6,0x000004c9,0x000500c7,0x00000006,0x00000cb8,0x00000cb7,0x00000095,0x000500ab,
	0x000000db,0x00000cb9,0x00000cb8,0x00000098,0x000600a9,0x00000006,0x00000cba,0x00000cb9,
	0x000001a5,0x00000098,0x000500c5,0x00000006,0x00000cbb,0x00000cb4,0x00000cba,0x00050041,
	0x00000486,0x00000cbc,0x00000485,0x000003ab,0x0004003d,0x00000006,0x00000cbd,0x00000cbc,
	0x0003003e,0x00000ca8,0x00000736,0x00050041,0x00000486,0x00000cc1,0x00000485,0x000003c3,
	0x0004003d,0x00000006,0x00000cc2,0x00000cc1,0x000500c2,0x00000006,0x00000dab,0x00000cbd,
	0x000000b0,0x000500c7,0x00000006,0x00000dac,0x00000dab,0x000000b2,0x000500ae,0x000000db,
	0x00000cfa,0x00000dac,0x000001a5,0x000600a9,0x00000006,0x00000cfb,0x00000cfa,0x00000095,
	0x00000098,0x000500ae,0x000000db,0x00000cfd,0x00000dac,0x00000095,0x000600a9,0x00000006,
	0x00000cfe,0x00000cfd,0x00000095,0x00000098,0x00050041,0x00000009,0x00000cff,0x00000ca8,
	0x00000098,0x0004003d,0x00000006,0x00000d00,0x00000cff,0x000500c4,0x00000006,0x00000d02,
	0x00000d00,0x00000cfb,0x000500ae,0x000000db,0x00000d04,0x00000dac,0x000001a5,0x000500c7,
	0x00000006,0x00000d06,0x00000735,0x00000095,0x000600a9,0x00000006,0x00000d07,0x00000d04,
	0x00000d06,0x00000098,0x00050080,0x00000006,0x00000d08,0x00000d02,0x00000d07,0x00050041,
	0x00000009,0x00000d09,0x00000ca8,0x00000095,0x0004003d,0x00000006,0x00000d0a,0x00000d09,
	0x000500c4,0x00000006,0x00000d0c,0x00000d0a,0x00000cfe,0x000500ae,0x000000db,0x00000d0e,
	0x00000dac,0x000001a5,0x000500c2,0x00000006,0x00000d10,0x00000735,0x00000095,0x000500aa,
	0x000000db,0x00000d12,0x00000dac,0x00000095,0x000600a9,0x00000006,0x00000d14,0x00000d12,
	0x00000735,0x00000098,0x000600a9,0x00000006,0x00000d15,0x00000d0e,0x00000d10,0x00000d14,
	0x00050080,0x00000006,0x00000d16,0x00000d0c,0x00000d15,0x000500c2,0x00000006,0x00000db0,
	0x00000cbd,0x000000b7,0x000500c7,0x00000006,0x00000db1,0x00000db0,0x00000095,0x000500ab,
	0x000000db,0x00000d19,0x00000db1,0x00000098,0x00050084,0x00000006,0x00000d1b,0x00000d08,
	0x000001a5,0x000600a9,0x00000006,0x00000d1f,0x00000d19,0x00000d1b,0x00000d08,0x00050086,
	0x00000006,0x00000d21,0x00000d1f,0x000002da,0x00050089,0x00000006,0x00000d23,0x00000d1f,
	0x000002da,0x000500c2,0x00000006,0x00000d25,0x00000d16,0x000002e1,0x000500c7,0x00000006,
	0x00000d27,0x00000d16,0x000000c5,0x000500c7,0x00000006,0x00000db5,0x00000cbd,0x000000a4,
	0x000500c2,0x00000006,0x00000db9,0x00000cbd,0x000000a9,0x000500c7,0x00000006,0x00000dba,
	0x00000db9,0x000000ab,0x000500c2,0x00000006,0x00000dbe,0x00000cbd,0x000000b7,0x000500c7,
	0x00000006,0x00000dbf,0x00000dbe,0x00000095,0x000500c4,0x00000006,0x00000d2f,0x00000dba,
	0x00000dbf,0x00050084,0x00000006,0x00000d30,0x00000d25,0x00000d2f,0x00050080,0x00000006,
	0x00000d31,0x00000db5,0x00000d30,0x00050080,0x00000006,0x00000d33,0x00000d31,0x00000d21,
	0x000500c7,0x00000006,0x00000d34,0x00000d33,0x000000a4,0x000500c7,0x00000006,0x00000dc3,
	0x00000cc2,0x000000a4,0x00050082,0x00000006,0x00000d38,0x00000d34,0x00000dc3,0x000500c7,
	0x00000006,0x00000d39,0x00000d38,0x000000a4,0x000500c2,0x00000006,0x00000dc7,0x00000cc2,
	0x000000a9,0x000500c7,0x00000006,0x00000dc8,0x00000dc7,0x000000ab,0x000500c2,0x00000006,
	0x00000dcc,0x00000cc2,0x000000b7,0x000500c7,0x00000006,0x00000dcd,0x00000dcc,0x00000095,
	0x000500c4,0x00000006,0x00000d3e,0x00000dc8,0x00000dcd,0x00050089,0x00000006,0x00000d41,
	0x00000d39,0x00000d3e,0x00050086,0x00000006,0x00000d44,0x00000d39,0x00000d3e,0x000500c2,
	0x00000006,0x00000dd1,0x00000cc2,0x000000bd,0x000500c7,0x00000006,0x00000dd2,0x00000dd1,
	0x00000095,0x000500c2,0x00000006,0x00000dd6,0x00000cbd,0x000000bd,0x000500c7,0x00000006,
	0x00000dd7,0x00000dd6,0x00000095,0x000500ab,0x000000db,0x00000d49,0x00000dd2,0x00000dd7,
	0x000300f7,0x00000d4e,0x00000000,0x000400fa,0x00000d49,0x00000d4a,0x00000d4e,0x000200f8,
	0x00000d4a,0x00050080,0x00000006,0x00000d4c,0x00000d23,0x00000318,0x00050089,0x00000006,
	0x00000d4d,0x00000d4c,0x000002da,0x000200f9,0x00000d4e,0x000200f8,0x00000d4e,0x000700f5,
	0x00000006,0x00001a73,0x00000d23,0x00000732,0x00000d4d,0x00000d4a,0x000500c2,0x00000006,
	0x00000ddb,0x00000cc2,0x000000b0,0x000500c7,0x00000006,0x00000ddc,0x00000ddb,0x000000b2,
	0x00050084,0x00000006,0x00000d52,0x00000d41,0x000002da,0x00050080,0x00000006,0x00000d54,
	0x00000d52,0x00001a73,0x000500c2,0x00000006,0x00000de0,0x00000cc2,0x000000b7,0x000500c7,
	0x00000006,0x00000de1,0x00000de0,0x00000095,0x000500ab,0x000000db,0x00000d57,0x00000de1,
	0x00000098,0x000300f7,0x00000d5d,0x00000000,0x000400fa,0x00000d57,0x00000d58,0x00000d5d,
	0x000200f8,0x00000d58,0x000500c2,0x00000006,0x00000d5c,0x00000d54,0x00000095,0x000200f9,
	0x00000d5d,0x000200f8,0x00000d5d,0x000700f5,0x00000006,0x00001a74,0x00000d54,0x00000d4e,
	0x00000d5c,0x00000d58,0x00050084,0x00000006,0x00000d5f,0x00000d44,0x0000011c,0x00050080,
	0x00000006,0x00000d61,0x00000d5f,0x00000d27,0x000500ae,0x000000db,0x00000d63,0x00000ddc,
	0x000001a5,0x000600a9,0x00000006,0x00000d64,0x00000d63,0x00000095,0x00000098,0x000500ae,
	0x000000db,0x00000d66,0x00000ddc,0x00000095,0x000600a9,0x00000006,0x00000d67,0x00000d66,
	0x00000095,0x00000098,0x000500c2,0x00000006,0x00000d6a,0x00001a74,0x00000d64,0x0004007c,
	0x0000005e,0x00000d6b,0x00000d6a,0x000500c2,0x00000006,0x00000d6e,0x00000d61,0x00000d67,
	0x0004007c,0x0000005e,0x00000d6f,0x00000d6e,0x00050050,0x0000033c,0x00000d70,0x00000d6b,
	0x00000d6f,0x0004007c,0x0000005e,0x00000d72,0x000006d7,0x00050050,0x0000033c,0x00000d73,
	0x00000d72,0x00000d72,0x00050084,0x0000033c,0x00000d74,0x00000d70,0x00000d73,0x0004007c,
	0x0000033c,0x00000d76,0x00001a11,0x00050080,0x0000033c,0x00000d77,0x00000d74,0x00000d76,
	0x000500c7,0x00000006,0x00000d7a,0x00001a74,0x00000d64,0x000500c7,0x00000006,0x00000d7d,
	0x00000d61,0x00000d67,0x000500c4,0x00000006,0x00000d7f,0x00000d7d,0x00000d64,0x000500c5,
	0x00000006,0x00000d80,0x00000d7a,0x00000d7f,0x000500c2,0x00000006,0x00000de5,0x00000cc2,
	0x000000ca,0x000500c7,0x00000006,0x00000de6,0x00000de5,0x000000b2,0x000500aa,0x000000db,
	0x00000dec,0x00000de6,0x000000b2,0x000300f7,0x00000e03,0x00000000,0x000400fa,0x00000dec,
	0x00000ded,0x00000dee,0x000200f8,0x00000dee,0x000500aa,0x000000db,0x00000df0,0x00000ddc,
	0x00000095,0x000500aa,0x000000db,0x00000df2,0x00000de6,0x00000095,0x000500a7,0x000000db,
	0x00000df3,0x00000df0,0x00000df2,0x000300f7,0x00000e02,0x00000000,0x000400fa,0x00000df3,
	0x00000df4,0x00000df7,0x000200f8,0x00000df7,0x000500aa,0x000000db,0x00000df9,0x00000ddc,
	0x00000095,0x000500aa,0x000000db,0x00000dfb,0x00000de6,0x000001a5,0x000500a7,0x000000db,
	0x00000dfc,0x00000df9,0x00000dfb,0x000300f7,0x00000e01,0x00000000,0x000400fa,0x00000dfc,
	0x00000dfd,0x00000e01,0x000200f8,0x00000dfd,0x000500ab,0x000000db,0x00000dff,0x00000d80,
	0x00000098,0x000600a9,0x00000006,0x00000e00,0x00000dff,0x000000b2,0x00000098,0x000200f9,
	0x00000e01,0x000200f8,0x00000e01,0x000700f5,0x00000006,0x00001a82,0x00000d80,0x00000df7,
	0x00000e00,0x00000dfd,0x000200f9,0x00000e02,0x000200f8,0x00000df4,0x000500c6,0x00000006,
	0x00000df6,0x00000d80,0x00000095,0x000200f9,0x00000e02,0x000200f8,0x00000e02,0x000700f5,
	0x00000006,0x00001a81,0x00000df6,0x00000df4,0x00001a82,0x00000e01,0x000200f9,0x00000e03,
	0x000200f8,0x00000ded,0x000200f9,0x00000e03,0x000200f8,0x00000e03,0x000700f5,0x00000006,
	0x00001a80,0x00000098,0x00000ded,0x00001a81,0x00000e02,0x0004003d,0x00000364,0x00000d86,
	0x00000366,0x0004007c,0x0000005e,0x00000d89,0x00001a80,0x0007005f,0x0000003e,0x00000d8a,
	0x00000d86,0x00000d77,0x00000040,0x00000d89,0x0003003e,0x00000ced,0x00000d8a,0x000500c2,
	0x00000006,0x00000e08,0x00000cc2,0x000000c3,0x000500c7,0x00000006,0x00000e09,0x00000e08,
	0x000000c5,0x000500aa,0x000000db,0x00000d8e,0x00000e09,0x00000095,0x000500c7,0x00000006,
	0x00000d90,0x00000cbb,0x000001a5,0x000500ab,0x000000db,0x00000d91,0x00000d90,0x00000098,
	0x000500a7,0x000000db,0x00000d92,0x00000d8e,0x00000d91,0x000300f7,0x00000da4,0x00000000,
	0x000400fa,0x00000d92,0x00000d93,0x00000da4,0x000200f8,0x00000d93,0x00050041,0x0000002a,
	0x00000d94,0x00000ced,0x00000098,0x0004003d,0x00000025,0x00000d95,0x00000d94,0x0008000c,
	0x00000025,0x00000e0f,0x00000001,0x0000002b,0x00000d95,0x000000fb,0x00000151,0x000500be,
	0x000000db,0x00000e11,0x00000e0f,0x00000154,0x000300f7,0x00000e1e,0x00000000,0x000400fa,
	0x00000e11,0x00000e12,0x00000e18,0x000200f8,0x00000e18,0x000500be,0x000000db,0x00000e1a,
	0x00000e0f,0x00000166,0x000300f7,0x00000e1d,0x00000000,0x000400fa,0x00000e1a,0x00000e1b,
	0x00000e1c,0x000200f8,0x00000e1c,0x000200f9,0x00000e1d,0x000200f8,0x00000e1b,0x000200f9,
	0x00000e1d,0x000200f8,0x00000e1d,0x000700f5,0x00000025,0x00001a88,0x0000016b,0x00000e1b,
	0x000000fb,0x00000e1c,0x000700f5,0x00000025,0x00001a85,0x0000016a,0x00000e1b,0x0000016d,
	0x00000e1c,0x000200f9,0x00000e1e,0x000200f8,0x00000e12,0x000500be,0x000000db,0x00000e14,
	0x00000e0f,0x00000159,0x000300f7,0x00000e17,0x00000000,0x000400fa,0x00000e14,0x00000e15,
	0x00000e16,0x000200f8,0x00000e16,0x000200f9,0x00000e17,0x000200f8,0x00000e15,0x000200f9,
	0x00000e17,0x000200f8,0x00000e17,0x000700f5,0x00000025,0x00001a87,0x00000160,0x00000e15,
	0x00000163,0x00000e16,0x000700f5,0x00000025,0x00001a84,0x0000015e,0x00000e15,0x00000162,
	0x00000e16,0x000200f9,0x00000e1e,0x000200f8,0x00000e1e,0x000700f5,0x00000025,0x00001a86,
	0x00001a87,0x00000e17,0x00001a88,0x00000e1d,0x000700f5,0x00000025,0x00001a83,0x00001a84,
	0x00000e17,0x00001a85,0x00000e1d,0x00050085,0x00000025,0x00000e21,0x00000e0f,0x00001a83,
	0x0006000c,0x00000025,0x00000e22,0x00000001,0x00000003,0x00000e21,0x00050085,0x00000025,
	0x00000e23,0x00000e22,0x00000172,0x00050081,0x00000025,0x00000e25,0x00000e23,0x00001a86,
	0x00050041,0x0000002a,0x00000d97,0x00000ced,0x00000095,0x0004003d,0x00000025,0x00000d98,
	0x00000d97,0x0008000c,0x00000025,0x00000e2b,0x00000001,0x0000002b,0x00000d98,0x000000fb,
	0x00000151,0x000500be,0x000000db,0x00000e2d,0x00000e2b,0x00000154,0x000300f7,0x00000e3a,
	0x00000000,0x000400fa,0x00000e2d,0x00000e2e,0x00000e34,0x000200f8,0x00000e34,0x000500be,
	0x000000db,0x00000e36,0x00000e2b,0x00000166,0x000300f7,0x00000e39,0x00000000,0x000400fa,
	0x00000e36,0x00000e37,0x00000e38,0x000200f8,0x00000e38,0x000200f9,0x00000e39,0x000200f8,
	0x00000e37,0x000200f9,0x00000e39,0x000200f8,0x00000e39,0x000700f5,0x00000025,0x00001a8e,
	0x0000016b,0x00000e37,0x000000fb,0x00000e38,0x000700f5,0x00000025,0x00001a8b,0x0000016a,
	0x00000e37,0x0000016d,0x00000e38,0x000200f9,0x00000e3a,0x000200f8,0x00000e2e,0x000500be,
	0x000000db,0x00000e30,0x00000e2b,0x00000159,0x000300f7,0x00000e33,0x00000000,0x000400fa,
	0x00000e30,0x00000e31,0x00000e32,0x000200f8,0x00000e32,0x000200f9,0x00000e33,0x000200f8,
	0x00000e31,0x000200f9,0x00000e33,0x000200f8,0x00000e33,0x000700f5,0x00000025,0x00001a8d,
	0x00000160,0x00000e31,0x00000163,0x00000e32,0x000700f5,0x00000025,0x00001a8a,0x0000015e,
	0x00000e31,0x00000162,0x00000e32,0x000200f9,0x00000e3a,0x000200f8,0x00000e3a,0x000700f5,
	0x00000025,0x00001a8c,0x00001a8d,0x00000e33,0x00001a8e,0x00000e39,0x000700f5,0x00000025,
	0x00001a89,0x00001a8a,0x00000e33,0x00001a8b,0x00000e39,0x00050085,0x00000025,0x00000e3d,
	0x00000e2b,0x00001a89,0x0006000c,0x00000025,0x00000e3e,0x00000001,0x00000003,0x00000e3d,
	0x00050085,0x00000025,0x00000e3f,0x00000e3e,0x00000172,0x00050081,0x00000025,0x00000e41,
	0x00000e3f,0x00001a8c,0x00050041,0x0000002a,0x00000d9a,0x00000ced,0x000001a5,0x0004003d,
	0x00000025,0x00000d9b,0x00000d9a,0x0008000c,0x00000025,0x00000e47,0x00000001,0x0000002b,
	0x00000d9b,0x000000fb,0x00000151,0x000500be,0x000000db,0x00000e49,0x00000e47,0x00000154,
	0x000300f7,0x00000e56,0x00000000,0x000400fa,0x00000e49,0x00000e4a,0x00000e50,0x000200f8,
	0x00000e50,0x000500be,0x000000db,0x00000e52,0x00000e47,0x00000166,0x000300f7,0x00000e55,
	0x00000000,0x000400fa,0x00000e52,0x00000e53,0x00000e54,0x000200f8,0x00000e54,0x000200f9,
	0x00000e55,0x000200f8,0x00000e53,0x000200f9,0x00000e55,0x000200f8,0x00000e55,0x000700f5,
	0x00000025,0x00001a94,0x0000016b,0x00000e53,0x000000fb,0x00000e54,0x000700f5,0x00000025,
	0x00001a91,0x0000016a,0x00000e53,0x0000016d,0x00000e54,0x000200f9,0x00000e56,0x000200f8,
	0x00000e4a,0x000500be,0x000000db,0x00000e4c,0x00000e47,0x00000159,0x000300f7,0x00000e4f,
	0x00000000,0x000400fa,0x00000e4c,0x00000e4d,0x00000e4e,0x000200f8,0x00000e4e,0x000200f9,
	0x00000e4f,0x000200f8,0x00000e4d,0x000200f9,0x00000e4f,0x000200f8,0x00000e4f,0x000700f5,
	0x00000025,0x00001a93,0x00000160,0x00000e4d,0x00000163,0x00000e4e,0x000700f5,0x00000025,
	0x00001a90,0x0000015e,0x00000e4d,0x00000162,0x00000e4e,0x000200f9,0x00000e56,0x000200f8,
	0x00000e56,0x000700f5,0x00000025,0x00001a92,0x00001a93,0x00000e4f,0x00001a94,0x00000e55,
	0x000700f5,0x00000025,0x00001a8f,0x00001a90,0x00000e4f,0x00001a91,0x00000e55,0x00050085,
	0x00000025,0x00000e59,0x00000e47,0x00001a8f,0x0006000c,0x00000025,0x00000e5a,0x00000001,
	0x00000003,0x00000e59,0x00050085,0x00000025,0x00000e5b,0x00000e5a,0x00000172,0x00050081,
	0x00000025,0x00000e5d,0x00000e5b,0x00001a92,0x00050041,0x0000002a,0x00000d9e,0x00000ced,
	0x00000098,0x0003003e,0x00000d9e,0x00000e25,0x00050041,0x0000002a,0x00000da0,0x00000ced,
	0x00000095,0x0003003e,0x00000da0,0x00000e41,0x00050041,0x0000002a,0x00000da2,0x00000ced,
	0x000001a5,0x0003003e,0x00000da2,0x00000e5d,0x000200f9,0x00000da4,0x000200f8,0x00000da4,
	0x0004003d,0x0000003e,0x00000da5,0x00000ced,0x0003003e,0x00000cf3,0x00000da5,0x000200f9,
	0x00000e77,0x000200f8,0x00000e77,0x000300f7,0x00000eb7,0x00000000,0x001100fb,0x00000e09,
	0x00000e79,0x00000000,0x00000e7a,0x00000001,0x00000e7a,0x00000002,0x00000e8d,0x0000000a,
	0x00000e8d,0x00000003,0x00000ea0,0x0000000c,0x00000ea0,0x0000000e,0x00000eb3,0x000200f8,
	0x00000eb3,0x00050041,0x0000002a,0x00000eb4,0x00000cf3,0x00000098,0x0004003d,0x00000025,
	0x00000eb5,0x00000eb4,0x0004007c,0x00000006,0x00000eb6,0x00000eb5,0x000200f9,0x00000eb7,
	0x000200f8,0x00000ea0,0x00050041,0x0000002a,0x00000ea1,0x00000cf3,0x00000098,0x0004003d,
	0x00000025,0x00000ea2,0x00000ea1,0x0008000c,0x00000025,0x00000f01,0x00000001,0x0000002b,
	0x00000ea2,0x000000fb,0x00000101,0x0004007c,0x00000006,0x00000f02,0x00000f01,0x000500b0,
	0x000000db,0x00000f04,0x00000f02,0x00000106,0x000500c7,0x00000006,0x00000f06,0x00000f02,
	0x0000010a,0x000500c5,0x00000006,0x00000f07,0x00000108,0x00000f06,0x000500c2,0x00000006,
	0x00000f09,0x00000f02,0x000000c3,0x00050082,0x00000006,0x00000f0a,0x0000010d,0x00000f09,
	0x0007000c,0x00000006,0x00000f0b,0x00000001,0x00000026,0x00000f0a,0x00000111,0x000500c2,
	0x00000006,0x00000f0c,0x00000f07,0x00000f0b,0x00050080,0x00000006,0x00000f0e,0x00000f02,
	0x00000115,0x000600a9,0x00000006,0x00000f0f,0x00000f04,0x00000f0c,0x00000f0e,0x00050080,
	0x00000006,0x00000f11,0x00000f0f,0x00000119,0x000500c2,0x00000006,0x00000f13,0x00000f0f,
	0x0000011c,0x000500c7,0x00000006,0x00000f14,0x00000f13,0x00000095,0x00050080,0x00000006,
	0x00000f15,0x00000f11,0x00000f14,0x000500c2,0x00000006,0x00000f16,0x00000f15,0x0000011c,
	0x000500c7,0x00000006,0x00000f17,0x00000f16,0x00000121,0x00050041,0x0000002a,0x00000ea4,
	0x00000cf3,0x00000095,0x0004003d,0x00000025,0x00000ea5,0x00000ea4,0x0008000c,0x00000025,
	0x00000f1d,0x00000001,0x0000002b,0x00000ea5,0x000000fb,0x00000101,0x0004007c,0x00000006,
	0x00000f1e,0x00000f1d,0x000500b0,0x000000db,0x00000f20,0x00000f1e,0x00000106,0x000500c7,
	0x00000006,0x00000f22,0x00000f1e,0x0000010a,0x000500c5,0x00000006,0x00000f23,0x00000108,
	0x00000f22,0x000500c2,0x00000006,0x00000f25,0x00000f1e,0x000000c3,0x00050082,0x00000006,
	0x00000f26,0x0000010d,0x00000f25,0x0007000c,0x00000006,0x00000f27,0x00000001,0x00000026,
	0x00000f26,0x00000111,0x000500c2,0x00000006,0x00000f28,0x00000f23,0x00000f27,0x00050080,
	0x00000006,0x00000f2a,0x00000f1e,0x00000115,0x000600a9,0x00000006,0x00000f2b,0x00000f20,
	0x00000f28,0x00000f2a,0x00050080,0x00000006,0x00000f2d,0x00000f2b,0x00000119,0x000500c2,
	0x00000006,0x00000f2f,0x00000f2b,0x0000011c,0x000500c7,0x00000006,0x00000f30,0x00000f2f,
	0x00000095,0x00050080,0x00000006,0x00000f31,0x00000f2d,0x00000f30,0x000500c2,0x00000006,
	0x00000f32,0x00000f31,0x0000011c,0x000500c7,0x00000006,0x00000f33,0x00000f32,0x00000121,
	0x000500c4,0x00000006,0x00000ea7,0x00000f33,0x000001be,0x000500c5,0x00000006,0x00000ea8,
	0x00000f17,0x00000ea7,0x00050041,0x0000002a,0x00000ea9,0x00000cf3,0x000001a5,0x0004003d,
	0x00000025,0x00000eaa,0x00000ea9,0x0008000c,0x00000025,0x00000f39,0x00000001,0x0000002b,
	0x00000eaa,0x000000fb,0x00000101,0x0004007c,0x00000006,0x00000f3a,0x00000f39,0x000500b0,
	0x000000db,0x00000f3c,0x00000f3a,0x00000106,0x000500c7,0x00000006,0x00000f3e,0x00000f3a,
	0x0000010a,0x000500c5,0x00000006,0x00000f3f,0x00000108,0x00000f3e,0x000500c2,0x00000006,
	0x00000f41,0x00000f3a,0x000000c3,0x00050082,0x00000006,0x00000f42,0x0000010d,0x00000f41,
	0x0007000c,0x00000006,0x00000f43,0x00000001,0x00000026,0x00000f42,0x00000111,0x000500c2,
	0x00000006,0x00000f44,0x00000f3f,0x00000f43,0x00050080,0x00000006,0x00000f46,0x00000f3a,
	0x00000115,0x000600a9,0x00000006,0x00000f47,0x00000f3c,0x00000f44,0x00000f46,0x00050080,
	0x00000006,0x00000f49,0x00000f47,0x00000119,0x000500c2,0x00000006,0x00000f4b,0x00000f47,
	0x0000011c,0x000500c7,0x00000006,0x00000f4c,0x00000f4b,0x00000095,0x00050080,0x00000006,
	0x00000f4d,0x00000f49,0x00000f4c,0x000500c2,0x00000006,0x00000f4e,0x00000f4d,0x0000011c,
	0x000500c7,0x00000006,0x00000f4f,0x00000f4e,0x00000121,0x000500c4,0x00000006,0x00000eac,
	0x00000f4f,0x000000d8,0x000500c5,0x00000006,0x00000ead,0x00000ea8,0x00000eac,0x00050041,
	0x0000002a,0x00000eae,0x00000cf3,0x000000b2,0x0004003d,0x00000025,0x00000eaf,0x00000eae,
	0x0008000c,0x00000025,0x00000f53,0x00000001,0x0000002b,0x00000eaf,0x000000fb,0x00000151,
	0x00050085,0x00000025,0x00000f55,0x00000f53,0x000001c8,0x00050081,0x00000025,0x00000f56,
	0x00000f55,0x0000018a,0x0004006d,0x00000006,0x00000f57,0x00000f56,0x000500c4,0x00000006,
	0x00000eb1,0x00000f57,0x000001ce,0x000500c5,0x00000006,0x00000eb2,0x00000ead,0x00000eb1,
	0x000200f9,0x00000eb7,0x000200f8,0x00000e8d,0x00050041,0x0000002a,0x00000e8e,0x00000cf3,
	0x00000098,0x0004003d,0x00000025,0x00000e8f,0x00000e8e,0x0008000c,0x00000025,0x00000edf,
	0x00000001,0x0000002b,0x00000e8f,0x000000fb,0x00000151,0x00050085,0x00000025,0x00000ee1,
	0x00000edf,0x0000016d,0x00050081,0x00000025,0x00000ee2,0x00000ee1,0x0000018a,0x0004006d,
	0x00000006,0x00000ee3,0x00000ee2,0x00050041,0x0000002a,0x00000e91,0x00000cf3,0x00000095,
	0x0004003d,0x00000025,0x00000e92,0x00000e91,0x0008000c,0x00000025,0x00000ee7,0x00000001,
	0x0000002b,0x00000e92,0x000000fb,0x00000151,0x00050085,0x00000025,0x00000ee9,0x00000ee7,
	0x0000016d,0x00050081,0x00000025,0x00000eea,0x00000ee9,0x0000018a,0x0004006d,0x00000006,
	0x00000eeb,0x00000eea,0x000500c4,0x00000006,0x00000e94,0x00000eeb,0x000001be,0x000500c5,
	0x00000006,0x00000e95,0x00000ee3,0x00000e94,0x00050041,0x0000002a,0x00000e96,0x00000cf3,
	0x000001a5,0x0004003d,0x00000025,0x00000e97,0x00000e96,0x0008000c,0x00000025,0x00000eef,
	0x00000001,0x0000002b,0x00000e97,0x000000fb,0x00000151,0x00050085,0x00000025,0x00000ef1,
	0x00000eef,0x0000016d,0x00050081,0x00000025,0x00000ef2,0x00000ef1,0x0000018a,0x0004006d,
	0x00000006,0x00000ef3,0x00000ef2,0x000500c4,0x00000006,0x00000e99,0x00000ef3,0x000000d8,
	0x000500c5,0x00000006,0x00000e9a,0x00000e95,0x00000e99,0x00050041,0x0000002a,0x00000e9b,
	0x00000cf3,0x000000b2,0x0004003d,0x00000025,0x00000e9c,0x00000e9b,0x0008000c,0x00000025,
	0x00000ef7,0x00000001,0x0000002b,0x00000e9c,0x000000fb,0x00000151,0x00050085,0x00000025,
	0x00000ef9,0x00000ef7,0x000001c8,0x00050081,0x00000025,0x00000efa,0x00000ef9,0x0000018a,
	0x0004006d,0x00000006,0x00000efb,0x00000efa,0x000500c4,0x00000006,0x00000e9e,0x00000efb,
	0x000001ce,0x000500c5,0x00000006,0x00000e9f,0x00000e9a,0x00000e9e,0x000200f9,0x00000eb7,
	0x000200f8,0x00000e7a,0x00050041,0x0000002a,0x00000e7b,0x00000cf3,0x00000098,0x0004003d,
	0x00000025,0x00000e7c,0x00000e7b,0x0008000c,0x00000025,0x00000ebf,0x00000001,0x0000002b,
	0x00000e7c,0x000000fb,0x00000151,0x00050085,0x00000025,0x00000ec1,0x00000ebf,0x00000196,
	0x00050081,0x00000025,0x00000ec2,0x00000ec1,0x0000018a,0x0004006d,0x00000006,0x00000ec3,
	0x00000ec2,0x00050041,0x0000002a,0x00000e7e,0x00000cf3,0x00000095,0x0004003d,0x00000025,
	0x00000e7f,0x00000e7e,0x0008000c,0x00000025,0x00000ec7,0x00000001,0x0000002b,0x00000e7f,
	0x000000fb,0x00000151,0x00050085,0x00000025,0x00000ec9,0x00000ec7,0x00000196,0x00050081,
	0x00000025,0x00000eca,0x00000ec9,0x0000018a,0x0004006d,0x00000006,0x00000ecb,0x00000eca,
	0x000500c4,0x00000006,0x00000e81,0x00000ecb,0x000001a1,0x000500c5,0x00000006,0x00000e82,
	0x00000ec3,0x00000e81,0x00050041,0x0000002a,0x00000e83,0x00000cf3,0x000001a5,0x0004003d,
	0x00000025,0x00000e84,0x00000e83,0x0008000c,0x00000025,0x00000ecf,0x00000001,0x0000002b,
	0x00000e84,0x000000fb,0x00000151,0x00050085,0x00000025,0x00000ed1,0x00000ecf,0x00000196,
	0x00050081,0x00000025,0x00000ed2,0x00000ed1,0x0000018a,0x0004006d,0x00000006,0x00000ed3,
	0x00000ed2,0x000500c4,0x00000006,0x00000e86,0x00000ed3,0x0000011c,0x000500c5,0x00000006,
	0x00000e87,0x00000e82,0x00000e86,0x00050041,0x0000002a,0x00000e88,0x00000cf3,0x000000b2,
	0x0004003d,0x00000025,0x00000e89,0x00000e88,0x0008000c,0x00000025,0x00000ed7,0x00000001,
	0x0000002b,0x00000e89,0x000000fb,0x00000151,0x00050085,0x00000025,0x00000ed9,0x00000ed7,
	0x00000196,0x00050081,0x00000025,0x00000eda,0x00000ed9,0x0000018a,0x0004006d,0x00000006,
	0x00000edb,0x00000eda,0x000500c4,0x00000006,0x00000e8b,0x00000edb,0x00000111,0x000500c5,
	0x00000006,0x00000e8c,0x00000e87,0x00000e8b,0x000200f9,0x00000eb7,0x000200f8,0x00000e79,
	0x000200f9,0x00000eb7,0x000200f8,0x00000eb7,0x000d00f5,0x00000006,0x00001a97,0x00000098,
	0x00000e79,0x00000e8c,0x00000e7a,0x00000e9f,0x00000e8d,0x00000eb2,0x00000ea0,0x00000eb6,
	0x00000eb3,0x000200f9,0x00000eba,0x000200f8,0x00000eba,0x00050041,0x00000486,0x00000c94,
	0x00000485,0x000003ab,0x0004003d,0x00000006,0x00000c95,0x00000c94,0x000500c2,0x00000006,
	0x00000f5b,0x00000c95,0x000000b7,0x000500c7,0x00000006,0x00000f5c,0x00000f5b,0x00000095,
	0x000500ab,0x000000db,0x00000c97,0x00000f5c,0x00000098,0x000300f7,0x00000ca4,0x00000002,
	0x000400fa,0x00000c97,0x00000c98,0x00000ca0,0x000200f8,0x00000ca0,0x000200f9,0x00001280,
	0x000200f8,0x00001280,0x000300f7,0x000012cc,0x00000000,0x001500fb,0x00000c81,0x00001282,
	0x00000000,0x00001283,0x00000001,0x00001283,0x00000002,0x00001294,0x0000000a,0x00001294,
	0x00000003,0x000012aa,0x0000000c,0x000012aa,0x0000000e,0x000012b8,0x00000004,0x000012bc,
	0x00000006,0x000012c3,0x000200f8,0x000012c3,0x0006000c,0x00000243,0x000012c5,0x00000001,
	0x0000003e,0x00001a97,0x00050051,0x00000025,0x000012c6,0x000012c5,0x00000000,0x000500c2,
	0x00000006,0x000012c8,0x00001a97,0x0000011c,0x0006000c,0x00000243,0x000012c9,0x00000001,
	0x0000003e,0x000012c8,0x00050051,0x00000025,0x000012ca,0x000012c9,0x00000000,0x00070050,
	0x0000003e,0x000012cb,0x000012c6,0x000012ca,0x000000fb,0x000000fb,0x000200f9,0x000012cc,
	0x000200f8,0x000012bc,0x000500c4,0x00000006,0x0000134c,0x00001a97,0x0000011c,0x0004007c,
	0x0000005e,0x0000134d,0x0000134c,0x000500c3,0x0000005e,0x0000134e,0x0000134d,0x0000017b,
	0x0004006f,0x00000025,0x0000134f,0x0000134e,0x00050085,0x00000025,0x00001350,0x0000134f,
	0x0000017e,0x0007000c,0x00000025,0x00001351,0x00000001,0x00000028,0x00001350,0x00000180,
	0x00050085,0x00000025,0x00001353,0x00001351,0x000006d2,0x000500c2,0x00000006,0x000012c0,
	0x00001a97,0x0000011c,0x000500c4,0x00000006,0x00001357,0x000012c0,0x0000011c,0x0004007c,
	0x0000005e,0x00001358,0x00001357,0x000500c3,0x0000005e,0x00001359,0x00001358,0x0000017b,
	0x0004006f,0x00000025,0x0000135a,0x00001359,0x00050085,0x00000025,0x0000135b,0x0000135a,
	0x0000017e,0x0007000c,0x00000025,0x0000135c,0x00000001,0x00000028,0x0000135b,0x00000180,
	0x00050085,0x00000025,0x0000135e,0x0000135c,0x000006d2,0x00070050,0x0000003e,0x000012c2,
	0x00001353,0x0000135e,0x000000fb,0x000000fb,0x000200f9,0x000012cc,0x000200f8,0x000012b8,
	0x0004007c,0x00000025,0x000012ba,0x00001a97,0x00070050,0x0000003e,0x000012bb,0x000012ba,
	0x000000fb,0x000000fb,0x000000fb,0x000200f9,0x000012cc,0x000200f8,0x000012aa,0x000500c7,
	0x00000006,0x000012d7,0x00001a97,0x00000121,0x000500c7,0x00000006,0x000012d9,0x00001a97,
	0x00000129,0x000500c2,0x00000006,0x000012db,0x000012d7,0x0000012d,0x000500aa,0x000000db,
	0x000012dd,0x000012db,0x00000098,0x000500ab,0x000000db,0x000012df,0x000012d9,0x00000098,
	0x000500a7,0x000000db,0x000012e0,0x000012dd,0x000012df,0x000300f7,0x000012ee,0x00000000,
	0x000400fa,0x000012e0,0x000012e1,0x000012ee,0x000200f8,0x000012e1,0x0006000c,0x00000006,
	0x000012e3,0x00000001,0x0000004b,0x000012d9,0x00050082,0x00000006,0x000012e5,0x0000012d,
	0x000012e3,0x0004007c,0x0000005e,0x000012e7,0x000012e5,0x00050082,0x0000005e,0x000012e8,
	0x000000e8,0x000012e7,0x0004007c,0x00000006,0x000012e9,0x000012e8,0x000500c4,0x00000006,
	0x000012ec,0x000012d9,0x000012e5,0x000500c7,0x00000006,0x000012ed,0x000012ec,0x00000129,
	0x000200f9,0x000012ee,0x000200f8,0x000012ee,0x000700f5,0x00000006,0x00001ab1,0x000012d9,
	0x000012aa,0x000012ed,0x000012e1,0x000700f5,0x00000006,0x00001ab0,0x000012db,0x000012aa,
	0x000012e9,0x000012e1,0x000500ab,0x000000db,0x000012f0,0x000012d7,0x00000098,0x00050080,
	0x00000006,0x000012f2,0x00001ab0,0x00000146,0x000500c4,0x00000006,0x000012f3,0x000012f2,
	0x000000c3,0x000500c4,0x00000006,0x000012f5,0x00001ab1,0x0000011c,0x000500c5,0x00000006,
	0x000012f6,0x000012f3,0x000012f5,0x0004007c,0x00000025,0x000012f7,0x000012f6,0x000600a9,
	0x00000025,0x000012f8,0x000012f0,0x000012f7,0x000000fb,0x000500c2,0x00000006,0x000012ae,
	0x00001a97,0x000001be,0x000500c7,0x00000006,0x000012ff,0x000012ae,0x00000121,0x000500c7,
	0x00000006,0x00001301,0x000012ae,0x00000129,0x000500c2,0x00000006,0x00001303,0x000012ff,
	0x0000012d,0x000500aa,0x000000db,0x00001305,0x00001303,0x00000098,0x000500ab,0x000000db,
	0x00001307,0x00001301,0x00000098,0x000500a7,0x000000db,0x00001308,0x00001305,0x00001307,
	0x000300f7,0x00001316,0x00000000,0x000400fa,0x00001308,0x00001309,0x00001316,0x000200f8,
	0x00001309,0x0006000c,0x00000006,0x0000130b,0x00000001,0x0000004b,0x00001301,0x00050082,
	0x00000006,0x0000130d,0x0000012d,0x0000130b,0x0004007c,0x0000005e,0x0000130f,0x0000130d,
	0x00050082,0x0000005e,0x00001310,0x000000e8,0x0000130f,0x0004007c,0x00000006,0x00001311,
	0x00001310,0x000500c4,0x00000006,0x00001314,0x00001301,0x0000130d,0x000500c7,0x00000006,
	0x00001315,0x00001314,0x00000129,0x000200f9,0x00001316,0x000200f8,0x00001316,0x000700f5,
	0x00000006,0x00001ab3,0x00001301,0x000012ee,0x00001315,0x00001309,0x000700f5,0x00000006,
	0x00001ab2,0x00001303,0x000012ee,0x00001311,0x00001309,0x000500ab,0x000000db,0x00001318,
	0x000012ff,0x00000098,0x00050080,0x00000006,0x0000131a,0x00001ab2,0x00000146,0x000500c4,
	0x00000006,0x0000131b,0x0000131a,0x000000c3,0x000500c4,0x00000006,0x0000131d,0x00001ab3,
	0x0000011c,0x000500c5,0x00000006,0x0000131e,0x0000131b,0x0000131d,0x0004007c,0x00000025,
	0x0000131f,0x0000131e,0x000600a9,0x00000025,0x00001320,0x00001318,0x0000131f,0x000000fb,
	0x000500c2,0x00000006,0x000012b1,0x00001a97,0x000000d8,0x000500c7,0x00000006,0x00001327,
	0x000012b1,0x00000121,0x000500c7,0x00000006,0x00001329,0x000012b1,0x00000129,0x000500c2,
	0x00000006,0x0000132b,0x00001327,0x0000012d,0x000500aa,0x000000db,0x0000132d,0x0000132b,
	0x00000098,0x000500ab,0x000000db,0x0000132f,0x00001329,0x00000098,0x000500a7,0x000000db,
	0x00001330,0x0000132d,0x0000132f,0x000300f7,0x0000133e,0x00000000,0x000400fa,0x00001330,
	0x00001331,0x0000133e,0x000200f8,0x00001331,0x0006000c,0x00000006,0x00001333,0x00000001,
	0x0000004b,0x00001329,0x00050082,0x00000006,0x00001335,0x0000012d,0x00001333,0x0004007c,
	0x0000005e,0x00001337,0x00001335,0x00050082,0x0000005e,0x00001338,0x000000e8,0x00001337,
	0x0004007c,0x00000006,0x00001339,0x00001338,0x000500c4,0x00000006,0x0000133c,0x00001329,
	0x00001335,0x000500c7,0x00000006,0x0000133d,0x0000133c,0x00000129,0x000200f9,0x0000133e,
	0x000200f8,0x0000133e,0x000700f5,0x00000006,0x00001ab5,0x00001329,0x00001316,0x0000133d,
	0x00001331,0x000700f5,0x00000006,0x00001ab4,0x0000132b,0x00001316,0x00001339,0x00001331,
	0x000500ab,0x000000db,0x00001340,0x00001327,0x00000098,0x00050080,0x00000006,0x00001342,
	0x00001ab4,0x00000146,0x000500c4,0x00000006,0x00001343,0x00001342,0x000000c3,0x000500c4,
	0x00000006,0x00001345,0x00001ab5,0x0000011c,0x000500c5,0x00000006,0x00001346,0x00001343,
	0x00001345,0x0004007c,0x00000025,0x00001347,0x00001346,0x000600a9,0x00000025,0x00001348,
	0x00001340,0x00001347,0x000000fb,0x000500c2,0x00000006,0x000012b4,0x00001a97,0x000001ce,
	0x00040070,0x00000025,0x000012b5,0x000012b4,0x00050085,0x00000025,0x000012b6,0x000012b5,
	0x0000021d,0x00070050,0x0000003e,0x000012b7,0x000012f8,0x00001320,0x00001348,0x000012b6,
	0x000200f9,0x000012cc,0x000200f8,0x00001294,0x000500c7,0x00000006,0x00001296,0x00001a97,
	0x00000121,0x00040070,0x00000025,0x00001297,0x00001296,0x000500c2,0x00000006,0x00001299,
	0x00001a97,0x000001be,0x000500c7,0x00000006,0x0000129a,0x00001299,0x00000121,0x00040070,
	0x00000025,0x0000129b,0x0000129a,0x000500c2,0x00000006,0x0000129d,0x00001a97,0x000000d8,
	0x000500c7,0x00000006,0x0000129e,0x0000129d,0x00000121,0x00040070,0x00000025,0x0000129f,
	0x0000129e,0x00060050,0x00000216,0x000012a0,0x00001297,0x0000129b,0x0000129f,0x0005008e,
	0x00000216,0x000012a1,0x000012a0,0x00000218,0x000500c2,0x00000006,0x000012a3,0x00001a97,
	0x000001ce,0x00040070,0x00000025,0x000012a4,0x000012a3,0x00050085,0x00000025,0x000012a5,
	0x000012a4,0x0000021d,0x00050051,0x00000025,0x000012a6,0x000012a1,0x00000000,0x00050051,
	0x00000025,0x000012a7,0x000012a1,0x00000001,0x00050051,0x00000025,0x000012a8,0x000012a1,
	0x00000002,0x00070050,0x0000003e,0x000012a9,0x000012a6,0x000012a7,0x000012a8,0x000012a5,
	0x000200f9,0x000012cc,0x000200f8,0x00001283,0x000500c7,0x00000006,0x00001285,0x00001a97,
	0x000000ab,0x00040070,0x00000025,0x00001286,0x00001285,0x000500c2,0x00000006,0x00001288,
	0x00001a97,0x000001a1,0x000500c7,0x00000006,0x00001289,0x00001288,0x000000ab,0x00040070,
	0x00000025,0x0000128a,0x00001289,0x000500c2,0x00000006,0x0000128c,0x00001a97,0x0000011c,
	0x000500c7,0x00000006,0x0000128d,0x0000128c,0x000000ab,0x00040070,0x00000025,0x0000128e,
	0x0000128d,0x000500c2,0x00000006,0x00001290,0x00001a97,0x00000111,0x00040070,0x00000025,
	0x00001291,0x00001290,0x00070050,0x0000003e,0x00001292,0x00001286,0x0000128a,0x0000128e,
	0x00001291,0x0005008e,0x0000003e,0x00001293,0x00001292,0x00000172,0x000200f9,0x000012cc,
	0x000200f8,0x00001282,0x000200f9,0x000012cc,0x000200f8,0x000012cc,0x001100f5,0x0000003e,
	0x00001ab8,0x0000024c,0x00001282,0x00001293,0x00001283,0x000012a9,0x00001294,0x000012b7,
	0x0000133e,0x000012bb,0x000012b8,0x000012c2,0x000012bc,0x000012cb,0x000012c3,0x000200f9,
	0x000012cf,0x000200f8,0x000012cf,0x000200f9,0x00000ca4,0x000200f8,0x00000c98,0x00050041,
	0x00000486,0x00000f66,0x00000485,0x00000398,0x0004003d,0x00000006,0x00000f67,0x00000f66,
	0x000500c2,0x00000006,0x00000f68,0x00000f67,0x0000012d,0x000500c7,0x00000006,0x00000f69,
	0x00000f68,0x00000095,0x000500ab,0x000000db,0x00000f6a,0x00000f69,0x00000098,0x000600a9,
	0x00000006,0x00000f6b,0x00000f6a,0x00000095,0x00000098,0x00050041,0x00000486,0x00000f6c,
	0x00000485,0x00000398,0x0004003d,0x00000006,0x00000f6d,0x00000f6c,0x000500c2,0x00000006,
	0x00000f6e,0x00000f6d,0x000004c9,0x000500c7,0x00000006,0x00000f6f,0x00000f6e,0x00000095,
	0x000500ab,0x000000db,0x00000f70,0x00000f6f,0x00000098,0x000600a9,0x00000006,0x00000f71,
	0x00000f70,0x000001a5,0x00000098,0x000500c5,0x00000006,0x00000f72,0x00000f6b,0x00000f71,
	0x00050041,0x00000486,0x00000f73,0x00000485,0x000003ab,0x0004003d,0x00000006,0x00000f74,
	0x00000f73,0x0003003e,0x00000f5f,0x00000736,0x00050041,0x00000486,0x00000f78,0x00000485,
	0x000003c3,0x0004003d,0x00000006,0x00000f79,0x00000f78,0x000500c2,0x00000006,0x00001062,
	0x00000f74,0x000000b0,0x000500c7,0x00000006,0x00001063,0x00001062,0x000000b2,0x000500ae,
	0x000000db,0x00000fb1,0x00001063,0x000001a5,0x000600a9,0x00000006,0x00000fb2,0x00000fb1,
	0x00000095,0x00000098,0x000500ae,0x000000db,0x00000fb4,0x00001063,0x00000095,0x000600a9,
	0x00000006,0x00000fb5,0x00000fb4,0x00000095,0x00000098,0x00050041,0x00000009,0x00000fb6,
	0x00000f5f,0x00000098,0x0004003d,0x00000006,0x00000fb7,0x00000fb6,0x000500c4,0x00000006,
	0x00000fb9,0x00000fb7,0x00000fb2,0x000500ae,0x000000db,0x00000fbb,0x00001063,0x000001a5,
	0x000500c7,0x00000006,0x00000fbd,0x00000735,0x00000095,0x000600a9,0x00000006,0x00000fbe,
	0x00000fbb,0x00000fbd,0x00000098,0x00050080,0x00000006,0x00000fbf,0x00000fb9,0x00000fbe,
	0x00050041,0x00000009,0x00000fc0,0x00000f5f,0x00000095,0x0004003d,0x00000006,0x00000fc1,
	0x00000fc0,0x000500c4,0x00000006,0x00000fc3,0x00000fc1,0x00000fb5,0x000500ae,0x000000db,
	0x00000fc5,0x00001063,0x000001a5,0x000500c2,0x00000006,0x00000fc7,0x00000735,0x00000095,
	0x000500aa,0x000000db,0x00000fc9,0x00001063,0x00000095,0x000600a9,0x00000006,0x00000fcb,
	0x00000fc9,0x00000735,0x00000098,0x000600a9,0x00000006,0x00000fcc,0x00000fc5,0x00000fc7,
	0x00000fcb,0x00050080,0x00000006,0x00000fcd,0x00000fc3,0x00000fcc,0x000500c2,0x00000006,
	0x00001067,0x00000f74,0x000000b7,0x000500c7,0x00000006,0x00001068,0x00001067,0x00000095,
	0x000500ab,0x000000db,0x00000fd0,0x00001068,0x00000098,0x00050084,0x00000006,0x00000fd2,
	0x00000fbf,0x000001a5,0x00050080,0x00000006,0x00000fd4,0x00000fd2,0x00000095,0x000600a9,
	0x00000006,0x00000fd6,0x00000fd0,0x00000fd4,0x00000fbf,0x00050086,0x00000006,0x00000fd8,
	0x00000fd6,0x000002da,0x00050089,0x00000006,0x00000fda,0x00000fd6,0x000002da,0x000500c2,
	0x00000006,0x00000fdc,0x00000fcd,0x000002e1,0x000500c7,0x00000006,0x00000fde,0x00000fcd,
	0x000000c5,0x000500c7,0x00000006,0x0000106c,0x00000f74,0x000000a4,0x000500c2,0x00000006,
	0x00001070,0x00000f74,0x000000a9,0x000500c7,0x00000006,0x00001071,0x00001070,0x000000ab,
	0x000500c2,0x00000006,0x00001075,0x00000f74,0x000000b7,0x000500c7,0x00000006,0x00001076,
	0x00001075,0x00000095,0x000500c4,0x00000006,0x00000fe6,0x00001071,0x00001076,0x00050084,
	0x00000006,0x00000fe7,0x00000fdc,0x00000fe6,0x00050080,0x00000006,0x00000fe8,0x0000106c,
	0x00000fe7,0x00050080,0x00000006,0x00000fea,0x00000fe8,0x00000fd8,0x000500c7,0x00000006,
	0x00000feb,0x00000fea,0x000000a4,0x000500c7,0x00000006,0x0000107a,0x00000f79,0x000000a4,
	0x00050082,0x00000006,0x00000fef,0x00000feb,0x0000107a,0x000500c7,0x00000006,0x00000ff0,
	0x00000fef,0x000000a4,0x000500c2,0x00000006,0x0000107e,0x00000f79,0x000000a9,0x000500c7,
	0x00000006,0x0000107f,0x0000107e,0x000000ab,0x000500c2,0x00000006,0x00001083,0x00000f79,
	0x000000b7,0x000500c7,0x00000006,0x00001084,0x00001083,0x00000095,0x000500c4,0x00000006,
	0x00000ff5,0x0000107f,0x00001084,0x00050089,0x00000006,0x00000ff8,0x00000ff0,0x00000ff5,
	0x00050086,0x00000006,0x00000ffb,0x00000ff0,0x00000ff5,0x000500c2,0x00000006,0x00001088,
	0x00000f79,0x000000bd,0x000500c7,0x00000006,0x00001089,0x00001088,0x00000095,0x000500c2,
	0x00000006,0x0000108d,0x00000f74,0x000000bd,0x000500c7,0x00000006,0x0000108e,0x0000108d,
	0x00000095,0x000500ab,0x000000db,0x00001000,0x00001089,0x0000108e,0x000300f7,0x00001005,
	0x00000000,0x000400fa,0x00001000,0x00001001,0x00001005,0x000200f8,0x00001001,0x00050080,
	0x00000006,0x00001003,0x00000fda,0x00000318,0x00050089,0x00000006,0x00001004,0x00001003,
	0x000002da,0x000200f9,0x00001005,0x000200f8,0x00001005,0x000700f5,0x00000006,0x00001ab9,
	0x00000fda,0x00000c98,0x00001004,0x00001001,0x000500c2,0x00000006,0x00001092,0x00000f79,
	0x000000b0,0x000500c7,0x00000006,0x00001093,0x00001092,0x000000b2,0x00050084,0x00000006,
	0x00001009,0x00000ff8,0x000002da,0x00050080,0x00000006,0x0000100b,0x00001009,0x00001ab9,
	0x000500c2,0x00000006,0x00001097,0x00000f79,0x000000b7,0x000500c7,0x00000006,0x00001098,
	0x00001097,0x00000095,0x000500ab,0x000000db,0x0000100e,0x00001098,0x00000098,0x000300f7,
	0x00001014,0x00000000,0x000400fa,0x0000100e,0x0000100f,0x00001014,0x000200f8,0x0000100f,
	0x000500c2,0x00000006,0x00001013,0x0000100b,0x00000095,0x000200f9,0x00001014,0x000200f8,
	0x00001014,0x000700f5,0x00000006,0x00001aba,0x0000100b,0x00001005,0x00001013,0x0000100f,
	0x00050084,0x00000006,0x00001016,0x00000ffb,0x0000011c,0x00050080,0x00000006,0x00001018,
	0x00001016,0x00000fde,0x000500ae,0x000000db,0x0000101a,0x00001093,0x000001a5,0x000600a9,
	0x00000006,0x0000101b,0x0000101a,0x00000095,0x00000098,0x000500ae,0x000000db,0x0000101d,
	0x00001093,0x00000095,0x000600a9,0x00000006,0x0000101e,0x0000101d,0x00000095,0x00000098,
	0x000500c2,0x00000006,0x00001021,0x00001aba,0x0000101b,0x0004007c,0x0000005e,0x00001022,
	0x00001021,0x000500c2,0x00000006,0x00001025,0x00001018,0x0000101e,0x0004007c,0x0000005e,
	0x00001026,0x00001025,0x00050050,0x0000033c,0x00001027,0x00001022,0x00001026,0x0004007c,
	0x0000005e,0x00001029,0x000006d7,0x00050050,0x0000033c,0x0000102a,0x00001029,0x00001029,
	0x00050084,0x0000033c,0x0000102b,0x00001027,0x0000102a,0x0004007c,0x0000033c,0x0000102d,
	0x00001a11,0x00050080,0x0000033c,0x0000102e,0x0000102b,0x0000102d,0x000500c7,0x00000006,
	0x00001031,0x00001aba,0x0000101b,0x000500c7,0x00000006,0x00001034,0x00001018,0x0000101e,
	0x000500c4,0x00000006,0x00001036,0x00001034,0x0000101b,0x000500c5,0x00000006,0x00001037,
	0x00001031,0x00001036,0x000500c2,0x00000006,0x0000109c,0x00000f79,0x000000ca,0x000500c7,
	0x00000006,0x0000109d,0x0000109c,0x000000b2,0x000500aa,0x000000db,0x000010a3,0x0000109d,
	0x000000b2,0x000300f7,0x000010ba,0x00000000,0x000400fa,0x000010a3,0x000010a4,0x000010a5,
	0x000200f8,0x000010a5,0x000500aa,0x000000db,0x000010a7,0x00001093,0x00000095,0x000500aa,
	0x000000db,0x000010a9,0x0000109d,0x00000095,0x000500a7,0x000000db,0x000010aa,0x000010a7,
	0x000010a9,0x000300f7,0x000010b9,0x00000000,0x000400fa,0x000010aa,0x000010ab,0x000010ae,
	0x000200f8,0x000010ae,0x000500aa,0x000000db,0x000010b0,0x00001093,0x00000095,0x000500aa,
	0x000000db,0x000010b2,0x0000109d,0x000001a5,0x000500a7,0x000000db,0x000010b3,0x000010b0,
	0x000010b2,0x000300f7,0x000010b8,0x00000000,0x000400fa,0x000010b3,0x000010b4,0x000010b8,
	0x000200f8,0x000010b4,0x000500ab,0x000000db,0x000010b6,0x00001037,0x00000098,0x000600a9,
	0x00000006,0x000010b7,0x000010b6,0x000000b2,0x00000098,0x000200f9,0x000010b8,0x000200f8,
	0x000010b8,0x000700f5,0x00000006,0x00001ae5,0x00001037,0x000010ae,0x000010b7,0x000010b4,
	0x000200f9,0x000010b9,0x000200f8,0x000010ab,0x000500c6,0x00000006,0x000010ad,0x00001037,
	0x00000095,0x000200f9,0x000010b9,0x000200f8,0x000010b9,0x000700f5,0x00000006,0x00001ae4,
	0x000010ad,0x000010ab,0x00001ae5,0x000010b8,0x000200f9,0x000010ba,0x000200f8,0x000010a4,
	0x000200f9,0x000010ba,0x000200f8,0x000010ba,0x000700f5,0x00000006,0x00001ae3,0x00000098,
	0x000010a4,0x00001ae4,0x000010b9,0x0004003d,0x00000364,0x0000103d,0x00000366,0x0004007c,
	0x0000005e,0x00001040,0x00001ae3,0x0007005f,0x0000003e,0x00001041,0x0000103d,0x0000102e,
	0x00000040,0x00001040,0x0003003e,0x00000fa4,0x00001041,0x000500c2,0x00000006,0x000010bf,
	0x00000f79,0x000000c3,0x000500c7,0x00000006,0x000010c0,0x000010bf,0x000000c5,0x000500aa,
	0x000000db,0x00001045,0x000010c0,0x00000095,0x000500c7,0x00000006,0x00001047,0x00000f72,
	0x000001a5,0x000500ab,0x000000db,0x00001048,0x00001047,0x00000098,0x000500a7,0x000000db,
	0x00001049,0x00001045,0x00001048,0x000300f7,0x0000105b,0x00000000,0x000400fa,0x00001049,
	0x0000104a,0x0000105b,0x000200f8,0x0000104a,0x00050041,0x0000002a,0x0000104b,0x00000fa4,
	0x00000098,0x0004003d,0x00000025,0x0000104c,0x0000104b,0x0008000c,0x00000025,0x000010c6,
	0x00000001,0x0000002b,0x0000104c,0x000000fb,0x00000151,0x000500be,0x000000db,0x000010c8,
	0x000010c6,0x00000154,0x000300f7,0x000010d5,0x00000000,0x000400fa,0x000010c8,0x000010c9,
	0x000010cf,0x000200f8,0x000010cf,0x000500be,0x000000db,0x000010d1,0x000010c6,0x00000166,
	0x000300f7,0x000010d4,0x00000000,0x000400fa,0x000010d1,0x000010d2,0x000010d3,0x000200f8,
	0x000010d3,0x000200f9,0x000010d4,0x000200f8,0x000010d2,0x000200f9,0x000010d4,0x000200f8,
	0x000010d4,0x000700f5,0x00000025,0x00001aeb,0x0000016b,0x000010d2,0x000000fb,0x000010d3,
	0x000700f5,0x00000025,0x00001ae8,0x0000016a,0x000010d2,0x0000016d,0x000010d3,0x000200f9,
	0x000010d5,0x000200f8,0x000010c9,0x000500be,0x000000db,0x000010cb,0x000010c6,0x00000159,
	0x000300f7,0x000010ce,0x00000000,0x000400fa,0x000010cb,0x000010cc,0x000010cd,0x000200f8,
	0x000010cd,0x000200f9,0x000010ce,0x000200f8,0x000010cc,0x000200f9,0x000010ce,0x000200f8,
	0x000010ce,0x000700f5,0x00000025,0x00001aea,0x00000160,0x000010cc,0x00000163,0x000010cd,
	0x000700f5,0x00000025,0x00001ae7,0x0000015e,0x000010cc,0x00000162,0x000010cd,0x000200f9,
	0x000010d5,0x000200f8,0x000010d5,0x000700f5,0x00000025,0x00001ae9,0x00001aea,0x000010ce,
	0x00001aeb,0x000010d4,0x000700f5,0x00000025,0x00001ae6,0x00001ae7,0x000010ce,0x00001ae8,
	0x000010d4,0x00050085,0x00000025,0x000010d8,0x000010c6,0x00001ae6,0x0006000c,0x00000025,
	0x000010d9,0x00000001,0x00000003,0x000010d8,0x00050085,0x00000025,0x000010da,0x000010d9,
	0x00000172,0x00050081,0x00000025,0x000010dc,0x000010da,0x00001ae9,0x00050041,0x0000002a,
	0x0000104e,0x00000fa4,0x00000095,0x0004003d,0x00000025,0x0000104f,0x0000104e,0x0008000c,
	0x00000025,0x000010e2,0x00000001,0x0000002b,0x0000104f,0x000000fb,0x00000151,0x000500be,
	0x000000db,0x000010e4,0x000010e2,0x00000154,0x000300f7,0x000010f1,0x00000000,0x000400fa,
	0x000010e4,0x000010e5,0x000010eb,0x000200f8,0x000010eb,0x000500be,0x000000db,0x000010ed,
	0x000010e2,0x00000166,0x000300f7,0x000010f0,0x00000000,0x000400fa,0x000010ed,0x000010ee,
	0x000010ef,0x000200f8,0x000010ef,0x000200f9,0x000010f0,0x000200f8,0x000010ee,0x000200f9,
	0x000010f0,0x000200f8,0x000010f0,0x000700f5,0x00000025,0x00001af1,0x0000016b,0x000010ee,
	0x000000fb,0x000010ef,0x000700f5,0x00000025,0x00001aee,0x0000016a,0x000010ee,0x0000016d,
	0x000010ef,0x000200f9,0x000010f1,0x000200f8,0x000010e5,0x000500be,0x000000db,0x000010e7,
	0x000010e2,0x00000159,0x000300f7,0x000010ea,0x00000000,0x000400fa,0x000010e7,0x000010e8,
	0x000010e9,0x000200f8,0x000010e9,0x000200f9,0x000010ea,0x000200f8,0x000010e8,0x000200f9,
	0x000010ea,0x000200f8,0x000010ea,0x000700f5,0x00000025,0x00001af0,0x00000160,0x000010e8,
	0x00000163,0x000010e9,0x000700f5,0x00000025,0x00001aed,0x0000015e,0x000010e8,0x00000162,
	0x000010e9,0x000200f9,0x000010f1,0x000200f8,0x000010f1,0x000700f5,0x00000025,0x00001aef,
	0x00001af0,0x000010ea,0x00001af1,0x000010f0,0x000700f5,0x00000025,0x00001aec,0x00001aed,
	0x000010ea,0x00001aee,0x000010f0,0x00050085,0x00000025,0x000010f4,0x000010e2,0x00001aec,
	0x0006000c,0x00000025,0x000010f5,0x00000001,0x00000003,0x000010f4,0x00050085,0x00000025,
	0x000010f6,0x000010f5,0x00000172,0x00050081,0x00000025,0x000010f8,0x000010f6,0x00001aef,
	0x00050041,0x0000002a,0x00001051,0x00000fa4,0x000001a5,0x0004003d,0x00000025,0x00001052,
	0x00001051,0x0008000c,0x00000025,0x000010fe,0x00000001,0x0000002b,0x00001052,0x000000fb,
	0x00000151,0x000500be,0x000000db,0x00001100,0x000010fe,0x00000154,0x000300f7,0x0000110d,
	0x00000000,0x000400fa,0x00001100,0x00001101,0x00001107,0x000200f8,0x00001107,0x000500be,
	0x000000db,0x00001109,0x000010fe,0x00000166,0x000300f7,0x0000110c,0x00000000,0x000400fa,
	0x00001109,0x0000110a,0x0000110b,0x000200f8,0x0000110b,0x000200f9,0x0000110c,0x000200f8,
	0x0000110a,0x000200f9,0x0000110c,0x000200f8,0x0000110c,0x000700f5,0x00000025,0x00001af7,
	0x0000016b,0x0000110a,0x000000fb,0x0000110b,0x000700f5,0x00000025,0x00001af4,0x0000016a,
	0x0000110a,0x0000016d,0x0000110b,0x000200f9,0x0000110d,0x000200f8,0x00001101,0x000500be,
	0x000000db,0x00001103,0x000010fe,0x00000159,0x000300f7,0x00001106,0x00000000,0x000400fa,
	0x00001103,0x00001104,0x00001105,0x000200f8,0x00001105,0x000200f9,0x00001106,0x000200f8,
	0x00001104,0x000200f9,0x00001106,0x000200f8,0x00001106,0x000700f5,0x00000025,0x00001af6,
	0x00000160,0x00001104,0x00000163,0x00001105,0x000700f5,0x00000025,0x00001af3,0x0000015e,
	0x00001104,0x00000162,0x00001105,0x000200f9,0x0000110d,0x000200f8,0x0000110d,0x000700f5,
	0x00000025,0x00001af5,0x00001af6,0x00001106,0x00001af7,0x0000110c,0x000700f5,0x00000025,
	0x00001af2,0x00001af3,0x00001106,0x00001af4,0x0000110c,0x00050085,0x00000025,0x00001110,
	0x000010fe,0x00001af2,0x0006000c,0x00000025,0x00001111,0x00000001,0x00000003,0x00001110,
	0x00050085,0x00000025,0x00001112,0x00001111,0x00000172,0x00050081,0x00000025,0x00001114,
	0x00001112,0x00001af5,0x00050041,0x0000002a,0x00001055,0x00000fa4,0x00000098,0x0003003e,
	0x00001055,0x000010dc,0x00050041,0x0000002a,0x00001057,0x00000fa4,0x00000095,0x0003003e,
	0x00001057,0x000010f8,0x00050041,0x0000002a,0x00001059,0x00000fa4,0x000001a5,0x0003003e,
	0x00001059,0x00001114,0x000200f9,0x0000105b,0x000200f8,0x0000105b,0x0004003d,0x0000003e,
	0x0000105c,0x00000fa4,0x0003003e,0x00000faa,0x0000105c,0x000200f9,0x0000112e,0x000200f8,
	0x0000112e,0x000300f7,0x0000116e,0x00000000,0x001100fb,0x000010c0,0x00001130,0x00000000,
	0x00001131,0x00000001,0x00001131,0x00000002,0x00001144,0x0000000a,0x00001144,0x00000003,
	0x00001157,0x0000000c,0x00001157,0x0000000e,0x0000116a,0x000200f8,0x0000116a,0x00050041,
	0x0000002a,0x0000116b,0x00000faa,0x00000098,0x0004003d,0x00000025,0x0000116c,0x0000116b,
	0x0004007c,0x00000006,0x0000116d,0x0000116c,0x000200f9,0x0000116e,0x000200f8,0x00001157,
	0x00050041,0x0000002a,0x00001158,0x00000faa,0x00000098,0x0004003d,0x00000025,0x00001159,
	0x00001158,0x0008000c,0x00000025,0x000011b8,0x00000001,0x0000002b,0x00001159,0x000000fb,
	0x00000101,0x0004007c,0x00000006,0x000011b9,0x000011b8,0x000500b0,0x000000db,0x000011bb,
	0x000011b9,0x00000106,0x000500c7,0x00000006,0x000011bd,0x000011b9,0x0000010a,0x000500c5,
	0x00000006,0x000011be,0x00000108,0x000011bd,0x000500c2,0x00000006,0x000011c0,0x000011b9,
	0x000000c3,0x00050082,0x00000006,0x000011c1,0x0000010d,0x000011c0,0x0007000c,0x00000006,
	0x000011c2,0x00000001,0x00000026,0x000011c1,0x00000111,0x000500c2,0x00000006,0x000011c3,
	0x000011be,0x000011c2,0x00050080,0x00000006,0x000011c5,0x000011b9,0x00000115,0x000600a9,
	0x00000006,0x000011c6,0x000011bb,0x000011c3,0x000011c5,0x00050080,0x00000006,0x000011c8,
	0x000011c6,0x00000119,0x000500c2,0x00000006,0x000011ca,0x000011c6,0x0000011c,0x000500c7,
	0x00000006,0x000011cb,0x000011ca,0x00000095,0x00050080,0x00000006,0x000011cc,0x000011c8,
	0x000011cb,0x000500c2,0x00000006,0x000011cd,0x000011cc,0x0000011c,0x000500c7,0x00000006,
	0x000011ce,0x000011cd,0x00000121,0x00050041,0x0000002a,0x0000115b,0x00000faa,0x00000095,
	0x0004003d,0x00000025,0x0000115c,0x0000115b,0x0008000c,0x00000025,0x000011d4,0x00000001,
	0x0000002b,0x0000115c,0x000000fb,0x00000101,0x0004007c,0x00000006,0x000011d5,0x000011d4,
	0x000500b0,0x000000db,0x000011d7,0x000011d5,0x00000106,0x000500c7,0x00000006,0x000011d9,
	0x000011d5,0x0000010a,0x000500c5,0x00000006,0x000011da,0x00000108,0x000011d9,0x000500c2,
	0x00000006,0x000011dc,0x000011d5,0x000000c3,0x00050082,0x00000006,0x000011dd,0x0000010d,
	0x000011dc,0x0007000c,0x00000006,0x000011de,0x00000001,0x00000026,0x000011dd,0x00000111,
	0x000500c2,0x00000006,0x000011df,0x000011da,0x000011de,0x00050080,0x00000006,0x000011e1,
	0x000011d5,0x00000115,0x000600a9,0x00000006,0x000011e2,0x000011d7,0x000011df,0x000011e1,
	0x00050080,0x00000006,0x000011e4,0x000011e2,0x00000119,0x000500c2,0x00000006,0x000011e6,
	0x000011e2,0x0000011c,0x000500c7,0x00000006,0x000011e7,0x000011e6,0x00000095,0x00050080,
	0x00000006,0x000011e8,0x000011e4,0x000011e7,0x000500c2,0x00000006,0x000011e9,0x000011e8,
	0x0000011c,0x000500c7,0x00000006,0x000011ea,0x000011e9,0x00000121,0x000500c4,0x00000006,
	0x0000115e,0x000011ea,0x000001be,0x000500c5,0x00000006,0x0000115f,0x000011ce,0x0000115e,
	0x00050041,0x0000002a,0x00001160,0x00000faa,0x000001a5,0x0004003d,0x00000025,0x00001161,
	0x00001160,0x0008000c,0x00000025,0x000011f0,0x00000001,0x0000002b,0x00001161,0x000000fb,
	0x00000101,0x0004007c,0x00000006,0x000011f1,0x000011f0,0x000500b0,0x000000db,0x000011f3,
	0x000011f1,0x00000106,0x000500c7,0x00000006,0x000011f5,0x000011f1,0x0000010a,0x000500c5,
	0x00000006,0x000011f6,0x00000108,0x000011f5,0x000500c2,0x00000006,0x000011f8,0x000011f1,
	0x000000c3,0x00050082,0x00000006,0x000011f9,0x0000010d,0x000011f8,0x0007000c,0x00000006,
	0x000011fa,0x00000001,0x00000026,0x000011f9,0x00000111,0x000500c2,0x00000006,0x000011fb,
	0x000011f6,0x000011fa,0x00050080,0x00000006,0x000011fd,0x000011f1,0x00000115,0x000600a9,
	0x00000006,0x000011fe,0x000011f3,0x000011fb,0x000011fd,0x00050080,0x00000006,0x00001200,
	0x000011fe,0x00000119,0x000500c2,0x00000006,0x00001202,0x000011fe,0x0000011c,0x000500c7,
	0x00000006,0x00001203,0x00001202,0x00000095,0x00050080,0x00000006,0x00001204,0x00001200,
	0x00001203,0x000500c2,0x00000006,0x00001205,0x00001204,0x0000011c,0x000500c7,0x00000006,
	0x00001206,0x00001205,0x00000121,0x000500c4,0x00000006,0x00001163,0x00001206,0x000000d8,
	0x000500c5,0x00000006,0x00001164,0x0000115f,0x00001163,0x00050041,0x0000002a,0x00001165,
	0x00000faa,0x000000b2,0x0004003d,0x00000025,0x00001166,0x00001165,0x0008000c,0x00000025,
	0x0000120a,0x00000001,0x0000002b,0x00001166,0x000000fb,0x00000151,0x00050085,0x00000025,
	0x0000120c,0x0000120a,0x000001c8,0x00050081,0x00000025,0x0000120d,0x0000120c,0x0000018a,
	0x0004006d,0x00000006,0x0000120e,0x0000120d,0x000500c4,0x00000006,0x00001168,0x0000120e,
	0x000001ce,0x000500c5,0x00000006,0x00001169,0x00001164,0x00001168,0x000200f9,0x0000116e,
	0x000200f8,0x00001144,0x00050041,0x0000002a,0x00001145,0x00000faa,0x00000098,0x0004003d,
	0x00000025,0x00001146,0x00001145,0x0008000c,0x00000025,0x00001196,0x00000001,0x0000002b,
	0x00001146,0x000000fb,0x00000151,0x00050085,0x00000025,0x00001198,0x00001196,0x0000016d,
	0x00050081,0x00000025,0x00001199,0x00001198,0x0000018a,0x0004006d,0x00000006,0x0000119a,
	0x00001199,0x00050041,0x0000002a,0x00001148,0x00000faa,0x00000095,0x0004003d,0x00000025,
	0x00001149,0x00001148,0x0008000c,0x00000025,0x0000119e,0x00000001,0x0000002b,0x00001149,
	0x000000fb,0x00000151,0x00050085,0x00000025,0x000011a0,0x0000119e,0x0000016d,0x00050081,
	0x00000025,0x000011a1,0x000011a0,0x0000018a,0x0004006d,0x00000006,0x000011a2,0x000011a1,
	0x000500c4,0x00000006,0x0000114b,0x000011a2,0x000001be,0x000500c5,0x00000006,0x0000114c,
	0x0000119a,0x0000114b,0x00050041,0x0000002a,0x0000114d,0x00000faa,0x000001a5,0x0004003d,
	0x00000025,0x0000114e,0x0000114d,0x0008000c,0x00000025,0x000011a6,0x00000001,0x0000002b,
	0x0000114e,0x000000fb,0x00000151,0x00050085,0x00000025,0x000011a8,0x000011a6,0x0000016d,
	0x00050081,0x00000025,0x000011a9,0x000011a8,0x0000018a,0x0004006d,0x00000006,0x000011aa,
	0x000011a9,0x000500c4,0x00000006,0x00001150,0x000011aa,0x000000d8,0x000500c5,0x00000006,
	0x00001151,0x0000114c,0x00001150,0x00050041,0x0000002a,0x00001152,0x00000faa,0x000000b2,
	0x0004003d,0x00000025,0x00001153,0x00001152,0x0008000c,0x00000025,0x000011ae,0x00000001,
	0x0000002b,0x00001153,0x000000fb,0x00000151,0x00050085,0x00000025,0x000011b0,0x000011ae,
	0x000001c8,0x00050081,0x00000025,0x000011b1,0x000011b0,0x0000018a,0x0004006d,0x00000006,
	0x000011b2,0x000011b1,0x000500c4,0x00000006,0x00001155,0x000011b2,0x000001ce,0x000500c5,
	0x00000006,0x00001156,0x00001151,0x00001155,0x000200f9,0x0000116e,0x000200f8,0x00001131,
	0x00050041,0x0000002a,0x00001132,0x00000faa,0x00000098,0x0004003d,0x00000025,0x00001133,
	0x00001132,0x0008000c,0x00000025,0x00001176,0x00000001,0x0000002b,0x00001133,0x000000fb,
	0x00000151,0x00050085,0x00000025,0x00001178,0x00001176,0x00000196,0x00050081,0x00000025,
	0x00001179,0x00001178,0x0000018a,0x0004006d,0x00000006,0x0000117a,0x00001179,0x00050041,
	0x0000002a,0x00001135,0x00000faa,0x00000095,0x0004003d,0x00000025,0x00001136,0x00001135,
	0x0008000c,0x00000025,0x0000117e,0x00000001,0x0000002b,0x00001136,0x000000fb,0x00000151,
	0x00050085,0x00000025,0x00001180,0x0000117e,0x00000196,0x00050081,0x00000025,0x00001181,
	0x00001180,0x0000018a,0x0004006d,0x00000006,0x00001182,0x00001181,0x000500c4,0x00000006,
	0x00001138,0x00001182,0x000001a1,0x000500c5,0x00000006,0x00001139,0x0000117a,0x00001138,
	0x00050041,0x0000002a,0x0000113a,0x00000faa,0x000001a5,0x0004003d,0x00000025,0x0000113b,
	0x0000113a,0x0008000c,0x00000025,0x00001186,0x00000001,0x0000002b,0x0000113b,0x000000fb,
	0x00000151,0x00050085,0x00000025,0x00001188,0x00001186,0x00000196,0x00050081,0x00000025,
	0x00001189,0x00001188,0x0000018a,0x0004006d,0x00000006,0x0000118a,0x00001189,0x000500c4,
	0x00000006,0x0000113d,0x0000118a,0x0000011c,0x000500c5,0x00000006,0x0000113e,0x00001139,
	0x0000113d,0x00050041,0x0000002a,0x0000113f,0x00000faa,0x000000b2,0x0004003d,0x00000025,
	0x00001140,0x0000113f,0x0008000c,0x00000025,0x0000118e,0x00000001,0x0000002b,0x00001140,
	0x000000fb,0x00000151,0x00050085,0x00000025,0x00001190,0x0000118e,0x00000196,0x00050081,
	0x00000025,0x00001191,0x00001190,0x0000018a,0x0004006d,0x00000006,0x00001192,0x00001191,
	0x000500c4,0x00000006,0x00001142,0x00001192,0x00000111,0x000500c5,0x00000006,0x00001143,
	0x0000113e,0x00001142,0x000200f9,0x0000116e,0x000200f8,0x00001130,0x000200f9,0x0000116e,
	0x000200f8,0x0000116e,0x000d00f5,0x00000006,0x00001afa,0x00000098,0x00001130,0x00001143,
	0x00001131,0x00001156,0x00001144,0x00001169,0x00001157,0x0000116d,0x0000116a,0x000200f9,
	0x00001171,0x000200f8,0x00001171,0x00050050,0x00000007,0x00000c9d,0x00001a97,0x00001afa,
	0x0003003e,0x00000c8b,0x00000c9d,0x000200f9,0x00001217,0x000200f8,0x00001217,0x000300f7,
	0x00001246,0x00000000,0x000900fb,0x00000c81,0x00001219,0x00000005,0x0000121a,0x00000007,
	0x0000122a,0x0000000f,0x0000123e,0x000200f8,0x0000123e,0x00050041,0x00000009,0x0000123f,
	0x00000c8b,0x00000098,0x0004003d,0x00000006,0x00001240,0x0000123f,0x0004007c,0x00000025,
	0x00001241,0x00001240,0x00050041,0x00000009,0x00001242,0x00000c8b,0x00000095,0x0004003d,
	0x00000006,0x00001243,0x00001242,0x0004007c,0x00000025,0x00001244,0x00001243,0x00070050,
	0x0000003e,0x00001245,0x00001241,0x00001244,0x000000fb,0x000000fb,0x000200f9,0x00001246,
	0x000200f8,0x0000122a,0x00050041,0x00000009,0x0000122b,0x00000c8b,0x00000098,0x0004003d,
	0x00000006,0x0000122c,0x0000122b,0x0006000c,0x00000243,0x0000122d,0x00000001,0x0000003e,
	0x0000122c,0x00050051,0x00000025,0x0000122e,0x0000122d,0x00000000,0x00050041,0x00000009,
	0x0000122f,0x00000c8b,0x00000098,0x0004003d,0x00000006,0x00001230,0x0000122f,0x000500c2,
	0x00000006,0x00001231,0x00001230,0x0000011c,0x0006000c,0x00000243,0x00001232,0x00000001,
	0x0000003e,0x00001231,0x00050051,0x00000025,0x00001233,0x00001232,0x00000000,0x00050041,
	0x00000009,0x00001234,0x00000c8b,0x00000095,0x0004003d,0x00000006,0x00001235,0x00001234,
	0x0006000c,0x00000243,0x00001236,0x00000001,0x0000003e,0x00001235,0x00050051,0x00000025,
	0x00001237,0x00001236,0x00000000,0x00050041,0x00000009,0x00001238,0x00000c8b,0x00000095,
	0x0004003d,0x00000006,0x00001239,0x00001238,0x000500c2,0x00000006,0x0000123a,0x00001239,
	0x0000011c,0x0006000c,0x00000243,0x0000123b,0x00000001,0x0000003e,0x0000123a,0x00050051,
	0x00000025,0x0000123c,0x0000123b,0x00000000,0x00070050,0x0000003e,0x0000123d,0x0000122e,
	0x00001233,0x00001237,0x0000123c,0x000200f9,0x00001246,0x000200f8,0x0000121a,0x00050041,
	0x00000009,0x0000121b,0x00000c8b,0x00000098,0x0004003d,0x00000006,0x0000121c,0x0000121b,
	0x000500c4,0x00000006,0x0000124e,0x0000121c,0x0000011c,0x0004007c,0x0000005e,0x0000124f,
	0x0000124e,0x000500c3,0x0000005e,0x00001250,0x0000124f,0x0000017b,0x0004006f,0x00000025,
	0x00001251,0x00001250,0x00050085,0x00000025,0x00001252,0x00001251,0x0000017e,0x0007000c,
	0x00000025,0x00001253,0x00000001,0x00000028,0x00001252,0x00000180,0x00050085,0x00000025,
	0x00001255,0x00001253,0x000006d2,0x00050041,0x00000009,0x0000121e,0x00000c8b,0x00000098,
	0x0004003d,0x00000006,0x0000121f,0x0000121e,0x000500c2,0x00000006,0x00001220,0x0000121f,
	0x0000011c,0x000500c4,0x00000006,0x00001259,0x00001220,0x0000011c,0x0004007c,0x0000005e,
	0x0000125a,0x00001259,0x000500c3,0x0000005e,0x0000125b,0x0000125a,0x0000017b,0x0004006f,
	0x00000025,0x0000125c,0x0000125b,0x00050085,0x00000025,0x0000125d,0x0000125c,0x0000017e,
	0x0007000c,0x00000025,0x0000125e,0x00000001,0x00000028,0x0000125d,0x00000180,0x00050085,
	0x00000025,0x00001260,0x0000125e,0x000006d2,0x00050041,0x00000009,0x00001222,0x00000c8b,
	0x00000095,0x0004003d,0x00000006,0x00001223,0x00001222,0x000500c4,0x00000006,0x00001264,
	0x00001223,0x0000011c,0x0004007c,0x0000005e,0x00001265,0x00001264,0x000500c3,0x0000005e,
	0x00001266,0x00001265,0x0000017b,0x0004006f,0x00000025,0x00001267,0x00001266,0x00050085,
	0x00000025,0x00001268,0x00001267,0x0000017e,0x0007000c,0x00000025,0x00001269,0x00000001,
	0x00000028,0x00001268,0x00000180,0x00050085,0x00000025,0x0000126b,0x00001269,0x000006d2,
	0x00050041,0x00000009,0x00001225,0x00000c8b,0x00000095,0x0004003d,0x00000006,0x00001226,
	0x00001225,0x000500c2,0x00000006,0x00001227,0x00001226,0x0000011c,0x000500c4,0x00000006,
	0x0000126f,0x00001227,0x0000011c,0x0004007c,0x0000005e,0x00001270,0x0000126f,0x000500c3,
	0x0000005e,0x00001271,0x00001270,0x0000017b,0x0004006f,0x00000025,0x00001272,0x00001271,
	0x00050085,0x00000025,0x00001273,0x00001272,0x0000017e,0x0007000c,0x00000025,0x00001274,
	0x00000001,0x00000028,0x00001273,0x00000180,0x00050085,0x00000025,0x00001276,0x00001274,
	0x000006d2,0x00070050,0x0000003e,0x00001229,0x00001255,0x00001260,0x0000126b,0x00001276,
	0x000200f9,0x00001246,0x000200f8,0x00001219,0x000200f9,0x00001246,0x000200f8,0x00001246,
	0x000b00f5,0x0000003e,0x00001b11,0x0000024c,0x00001219,0x00001229,0x0000121a,0x0000123d,
	0x0000122a,0x00001245,0x0000123e,0x000200f9,0x00001249,0x000200f8,0x00001249,0x000200f9,
	0x00000ca4,0x000200f8,0x00000ca4,0x000700f5,0x0000003e,0x00001b12,0x00001b11,0x00001249,
	0x00001ab8,0x000012cf,0x0004003d,0x0000003e,0x00000739,0x0000068d,0x00050081,0x0000003e,
	0x0000073a,0x00000739,0x00001b12,0x0003003e,0x0000068d,0x0000073a,0x000200f9,0x0000073b,
	0x000200f8,0x0000073b,0x00050080,0x00000006,0x0000073d,0x00001a12,0x000000e8,0x000200f9,
	0x0000072d,0x000200f8,0x0000073e,0x00040070,0x00000025,0x00000740,0x00001a14,0x00050088,
	0x00000025,0x00000741,0x00000151,0x00000740,0x0004003d,0x0000003e,0x00000742,0x0000068d,
	0x0005008e,0x0000003e,0x00000743,0x00000742,0x00000741,0x00050041,0x00000486,0x00000744,
	0x00000485,0x00000398,0x0004003d,0x00000006,0x00000745,0x00000744,0x000500c4,0x00000006,
	0x00000746,0x00000745,0x0000011c,0x0004007c,0x0000005e,0x00000747,0x00000746,0x000500c3,
	0x0000005e,0x00000748,0x00000747,0x000005c7,0x00050080,0x0000005e,0x0000074a,0x000005c9,
	0x00000748,0x0004007c,0x00000006,0x0000074b,0x0000074a,0x000500c4,0x00000006,0x0000074c,
	0x0000074b,0x000000c3,0x0004007c,0x00000025,0x0000074d,0x0000074c,0x0005008e,0x0000003e,
	0x0000074f,0x00000743,0x0000074d,0x0003003e,0x0000068d,0x0000074f,0x00050041,0x00000486,
	0x00000750,0x00000485,0x00000398,0x0004003d,0x00000006,0x00000751,0x00000750,0x000500c2,
	0x00000006,0x00000752,0x00000751,0x000005d3,0x000500c7,0x00000006,0x00000753,0x00000752,
	0x00000095,0x000500ab,0x000000db,0x00000754,0x00000753,0x00000098,0x000300f7,0x00000758,
	0x00000000,0x000400fa,0x00000754,0x00000755,0x00000758,0x000200f8,0x00000755,0x0004003d,
	0x0000003e,0x00000756,0x0000068d,0x0009004f,0x0000003e,0x00000757,0x00000756,0x00000756,
	0x00000002,0x00000001,0x00000000,0x00000003,0x0003003e,0x0000068d,0x00000757,0x000200f9,
	0x00000758,0x000200f8,0x00000758,0x000500aa,0x000000db,0x0000075a,0x000006e8,0x00000098,
	0x000300f7,0x000007ad,0x00000000,0x000400fa,0x0000075a,0x0000075b,0x00000763,0x000200f8,
	0x00000763,0x000500aa,0x000000db,0x00000765,0x000006e8,0x00000095,0x000300f7,0x000007ac,
	0x00000000,0x000400fa,0x00000765,0x00000766,0x0000076e,0x000200f8,0x0000076e,0x000500aa,
	0x000000db,0x00000770,0x000006e8,0x000001a5,0x000300f7,0x000007ab,0x00000000,0x000400fa,
	0x00000770,0x00000771,0x0000077a,0x000200f8,0x0000077a,0x00050041,0x0000002a,0x0000077b,
	0x0000068d,0x00000098,0x0004003d,0x00000025,0x0000077c,0x0000077b,0x00050050,0x00000243,
	0x0000077d,0x0000077c,0x000000fb,0x0006000c,0x00000006,0x0000077e,0x00000001,0x0000003a,
	0x0000077d,0x00050041,0x0000002a,0x0000077f,0x0000068d,0x00000095,0x0004003d,0x00000025,
	0x00000780,0x0000077f,0x00050050,0x00000243,0x00000781,0x00000780,0x000000fb,0x0006000c,
	0x00000006,0x00000782,0x00000001,0x0000003a,0x00000781,0x000500c4,0x00000006,0x00000783,
	0x00000782,0x0000011c,0x000500c5,0x00000006,0x00000784,0x0000077e,0x00000783,0x00050041,
	0x0000002a,0x00000785,0x0000068d,0x000001a5,0x0004003d,0x00000025,0x00000786,0x00000785,
	0x00050050,0x00000243,0x00000787,0x00000786,0x000000fb,0x0006000c,0x00000006,0x00000788,
	0x00000001,0x0000003a,0x00000787,0x00050041,0x0000002a,0x00000789,0x0000068d,0x000000b2,
	0x0004003d,0x00000025,0x0000078a,0x00000789,0x00050050,0x00000243,0x0000078b,0x0000078a,
	0x000000fb,0x0006000c,0x00000006,0x0000078c,0x00000001,0x0000003a,0x0000078b,0x000500c4,
	0x00000006,0x0000078d,0x0000078c,0x0000011c,0x000500c5,0x00000006,0x0000078e,0x00000788,
	0x0000078d,0x00050050,0x00000007,0x0000078f,0x00000784,0x0000078e,0x0003003e,0x000006a8,
	0x0000078f,0x000500c2,0x0000005e,0x00000791,0x00001a18,0x000003ab,0x00050041,0x00000009,
	0x00000793,0x000006a8,0x00000098,0x0004003d,0x00000006,0x00000794,0x00000793,0x000500aa,
	0x000000db,0x00001970,0x000006ec,0x00000095,0x000300f7,0x00001994,0x00000000,0x000400fa,
	0x00001970,0x00001971,0x00001979,0x000200f8,0x00001979,0x000500aa,0x000000db,0x0000197b,
	0x000006ec,0x000001a5,0x000300f7,0x00001993,0x00000000,0x000400fa,0x0000197b,0x0000197c,
	0x00001989,0x000200f8,0x00001989,0x000500aa,0x000000db,0x0000198b,0x000006ec,0x000000b2,
	0x000300f7,0x00001992,0x00000000,0x000400fa,0x0000198b,0x0000198c,0x00001992,0x000200f8,
	0x0000198c,0x000500c4,0x00000006,0x0000198e,0x00000794,0x0000011c,0x000500c2,0x00000006,
	0x00001990,0x00000794,0x0000011c,0x000500c5,0x00000006,0x00001991,0x0000198e,0x00001990,
	0x000200f9,0x00001992,0x000200f8,0x00001992,0x000700f5,0x00000006,0x00001a1b,0x00000794,
	0x00001989,0x00001991,0x0000198c,0x000200f9,0x00001993,0x000200f8,0x0000197c,0x000500c7,
	0x00000006,0x0000197e,0x00000794,0x0000041b,0x000500c4,0x00000006,0x0000197f,0x0000197e,
	0x000001a1,0x000500c7,0x00000006,0x00001981,0x00000794,0x0000041f,0x000500c2,0x00000006,
	0x00001982,0x00001981,0x000001a1,0x000500c5,0x00000006,0x00001983,0x0000197f,0x00001982,
	0x000500c4,0x00000006,0x00001985,0x00001983,0x0000011c,0x000500c2,0x00000006,0x00001987,
	0x00001983,0x0000011c,0x000500c5,0x00000006,0x00001988,0x00001985,0x00001987,0x000200f9,
	0x00001993,0x000200f8,0x00001993,0x000700f5,0x00000006,0x00001a1a,0x00001988,0x0000197c,
	0x00001a1b,0x00001992,0x000200f9,0x00001994,0x000200f8,0x00001971,0x000500c7,0x00000006,
	0x00001973,0x00000794,0x0000041b,0x000500c4,0x00000006,0x00001974,0x00001973,0x000001a1,
	0x000500c7,0x00000006,0x00001976,0x00000794,0x0000041f,0x000500c2,0x00000006,0x00001977,
	0x00001976,0x000001a1,0x000500c5,0x00000006,0x00001978,0x00001974,0x00001977,0x000200f9,
	0x00001994,0x000200f8,0x00001994,0x000700f5,0x00000006,0x00001a19,0x00001978,0x00001971,
	0x00001a1a,0x00001993,0x000200f9,0x000019bd,0x000200f8,0x000019bd,0x00060041,0x00000472,
	0x0000079d,0x0000046e,0x0000046f,0x00000791,0x0003003e,0x0000079d,0x00001a19,0x00050080,
	0x0000005e,0x0000079f,0x00000791,0x000000e8,0x000200f9,0x000019e6,0x000200f8,0x000019e6,
	0x00050041,0x00000009,0x000007a4,0x000006a8,0x00000095,0x0004003d,0x00000006,0x000007a5,
	0x000007a4,0x000500aa,0x000000db,0x000019eb,0x000006ec,0x00000095,0x000300f7,0x00001a0f,
	0x00000000,0x000400fa,0x000019eb,0x000019ec,0x000019f4,0x000200f8,0x000019f4,0x000500aa,
	0x000000db,0x000019f6,0x000006ec,0x000001a5,0x000300f7,0x00001a0e,0x00000000,0x000400fa,
	0x000019f6,0x000019f7,0x00001a04,0x000200f8,0x00001a04,0x000500aa,0x000000db,0x00001a06,
	0x000006ec,0x000000b2,0x000300f7,0x00001a0d,0x00000000,0x000400fa,0x00001a06,0x00001a07,
	0x00001a0d,0x000200f8,0x00001a07,0x000500c4,0x00000006,0x00001a09,0x000007a5,0x0000011c,
	0x000500c2,0x00000006,0x00001a0b,0x000007a5,0x0000011c,0x000500c5,0x00000006,0x00001a0c,
	0x00001a09,0x00001a0b,0x000200f9,0x00001a0d,0x000200f8,0x00001a0d,0x000700f5,0x00000006,
	0x00001a24,0x000007a5,0x00001a04,0x00001a0c,0x00001a07,0x000200f9,0x00001a0e,0x000200f8,
	0x000019f7,0x000500c7,0x00000006,0x000019f9,0x000007a5,0x0000041b,0x000500c4,0x00000006,
	0x000019fa,0x000019f9,0x000001a1,0x000500c7,0x00000006,0x000019fc,0x000007a5,0x0000041f,
	0x000500c2,0x00000006,0x000019fd,0x000019fc,0x000001a1,0x000500c5,0x00000006,0x000019fe,
	0x000019fa,0x000019fd,0x000500c4,0x00000006,0x00001a00,0x000019fe,0x0000011c,0x000500c2,
	0x00000006,0x00001a02,0x000019fe,0x0000011c,0x000500c5,0x00000006,0x00001a03,0x00001a00,
	0x00001a02,0x000200f9,0x00001a0e,0x000200f8,0x00001a0e,0x000700f5,0x00000006,0x00001a23,
	0x00001a03,0x000019f7,0x00001a24,0x00001a0d,0x000200f9,0x00001a0f,0x000200f8,0x000019ec,
	0x000500c7,0x00000006,0x000019ee,0x000007a5,0x0000041b,0x000500c4,0x00000006,0x000019ef,
	0x000019ee,0x000001a1,0x000500c7,0x00000006,0x000019f1,0x000007a5,0x0000041f,0x000500c2,
	0x00000006,0x000019f2,0x000019f1,0x000001a1,0x000500c5,0x00000006,0x000019f3,0x000019ef,
	0x000019f2,0x000200f9,0x00001a0f,0x000200f8,0x00001a0f,0x000700f5,0x00000006,0x00001a22,
	0x000019f3,0x000019ec,0x00001a23,0x00001a0e,0x00060041,0x00000472,0x000007aa,0x0000046e,
	0x0000046f,0x0000079f,0x0003003e,0x000007aa,0x00001a22,0x000200f9,0x000007ab,0x000200f8,
	0x00000771,0x00050041,0x0000002a,0x00000772,0x0000068d,0x00000098,0x0004003d,0x00000025,
	0x00000773,0x00000772,0x0004007c,0x00000006,0x00000774,0x00000773,0x000500aa,0x000000db,
	0x00001812,0x000006ec,0x00000095,0x000300f7,0x00001836,0x00000000,0x000400fa,0x00001812,
	0x00001813,0x0000181b,0x000200f8,0x0000181b,0x000500aa,0x000000db,0x0000181d,0x000006ec,
	0x000001a5,0x000300f7,0x00001835,0x00000000,0x000400fa,0x0000181d,0x0000181e,0x0000182b,
	0x000200f8,0x0000182b,0x000500aa,0x000000db,0x0000182d,0x000006ec,0x000000b2,0x000300f7,
	0x00001834,0x00000000,0x000400fa,0x0000182d,0x0000182e,0x00001834,0x000200f8,0x0000182e,
	0x000500c4,0x00000006,0x00001830,0x00000774,0x0000011c,0x000500c2,0x00000006,0x00001832,
	0x00000774,0x0000011c,0x000500c5,0x00000006,0x00001833,0x00001830,0x00001832,0x000200f9,
	0x00001834,0x000200f8,0x00001834,0x000700f5,0x00000006,0x00001a27,0x00000774,0x0000182b,
	0x00001833,0x0000182e,0x000200f9,0x00001835,0x000200f8,0x0000181e,0x000500c7,0x00000006,
	0x00001820,0x00000774,0x0000041b,0x000500c4,0x00000006,0x00001821,0x00001820,0x000001a1,
	0x000500c7,0x00000006,0x00001823,0x00000774,0x0000041f,0x000500c2,0x00000006,0x00001824,
	0x00001823,0x000001a1,0x000500c5,0x00000006,0x00001825,0x00001821,0x00001824,0x000500c4,
	0x00000006,0x00001827,0x00001825,0x0000011c,0x000500c2,0x00000006,0x00001829,0x00001825,
	0x0000011c,0x000500c5,0x00000006,0x0000182a,0x00001827,0x00001829,0x000200f9,0x00001835,
	0x000200f8,0x00001835,0x000700f5,0x00000006,0x00001a26,0x0000182a,0x0000181e,0x00001a27,
	0x00001834,0x000200f9,0x00001836,0x000200f8,0x00001813,0x000500c7,0x00000006,0x00001815,
	0x00000774,0x0000041b,0x000500c4,0x00000006,0x00001816,0x00001815,0x000001a1,0x000500c7,
	0x00000006,0x00001818,0x00000774,0x0000041f,0x000500c2,0x00000006,0x00001819,0x00001818,
	0x000001a1,0x000500c5,0x00000006,0x0000181a,0x00001816,0x00001819,0x000200f9,0x00001836,
	0x000200f8,0x00001836,0x000700f5,0x00000006,0x00001a25,0x0000181a,0x00001813,0x00001a26,
	0x00001835,0x000500c2,0x0000005e,0x00001845,0x00001a18,0x000003ab,0x00060041,0x00000472,
	0x00001848,0x0000046e,0x0000046f,0x00001845,0x0003003e,0x00001848,0x00001a25,0x0004003d,
	0x00000475,0x00001849,0x00000477,0x00040068,0x00000007,0x0000184a,0x00001849,0x0003003e,
	0x00001839,0x0000184a,0x00050041,0x00000009,0x0000184b,0x00001839,0x00000098,0x0004003d,
	0x00000006,0x0000184c,0x0000184b,0x00050041,0x00000009,0x0000184d,0x0000183a,0x00000098,
	0x0003003e,0x0000184d,0x0000184c,0x00050041,0x00000009,0x0000184e,0x00001839,0x00000095,
	0x0004003d,0x00000006,0x0000184f,0x0000184e,0x00050041,0x00000009,0x00001850,0x0000183a,
	0x00000095,0x0003003e,0x00001850,0x0000184f,0x00050041,0x00000486,0x00001852,0x00000485,
	0x000003cf,0x0004003d,0x00000006,0x00001853,0x00001852,0x00050050,0x00000007,0x00001854,
	0x00000098,0x00001853,0x00050080,0x00000007,0x00001855,0x000006cb,0x00001854,0x0004003d,
	0x00000007,0x00001857,0x0000183a,0x000500b0,0x0000048d,0x00001858,0x00001855,0x00001857,
	0x0004009b,0x000000db,0x00001859,0x00001858,0x000300f7,0x00001862,0x00000000,0x000400fa,
	0x00001859,0x0000185a,0x00001862,0x000200f8,0x0000185a,0x00050041,0x00000486,0x0000185c,
	0x00000485,0x00000493,0x0004003d,0x00000006,0x0000185d,0x0000185c,0x000500c7,0x00000006,
	0x00001888,0x0000185d,0x0000012d,0x000500aa,0x000000db,0x000018a8,0x00001888,0x00000095,
	0x000300f7,0x000018cc,0x00000000,0x000400fa,0x000018a8,0x000018a9,0x000018b1,0x000200f8,
	0x000018b1,0x000500aa,0x000000db,0x000018b3,0x00001888,0x000001a5,0x000300f7,0x000018cb,
	0x00000000,0x000400fa,0x000018b3,0x000018b4,0x000018c1,0x000200f8,0x000018c1,0x000500aa,
	0x000000db,0x000018c3,0x00001888,0x000000b2,0x000300f7,0x000018ca,0x00000000,0x000400fa,
	0x000018c3,0x000018c4,0x000018ca,0x000200f8,0x000018c4,0x000500c4,0x00000006,0x000018c6,
	0x00001a25,0x0000011c,0x000500c2,0x00000006,0x000018c8,0x00001a25,0x0000011c,0x000500c5,
	0x00000006,0x000018c9,0x000018c6,0x000018c8,0x000200f9,0x000018ca,0x000200f8,0x000018ca,
	0x000700f5,0x00000006,0x00001a2d,0x00001a25,0x000018c1,0x000018c9,0x000018c4,0x000200f9,
	0x000018cb,0x000200f8,0x000018b4,0x000500c7,0x00000006,0x000018b6,0x00001a25,0x0000041b,
	0x000500c4,0x00000006,0x000018b7,0x000018b6,0x000001a1,0x000500c7,0x00000006,0x000018b9,
	0x00001a25,0x0000041f,0x000500c2,0x00000006,0x000018ba,0x000018b9,0x000001a1,0x000500c5,
	0x00000006,0x000018bb,0x000018b7,0x000018ba,0x000500c4,0x00000006,0x000018bd,0x000018bb,
	0x0000011c,0x000500c2,0x00000006,0x000018bf,0x000018bb,0x0000011c,0x000500c5,0x00000006,
	0x000018c0,0x000018bd,0x000018bf,0x000200f9,0x000018cb,0x000200f8,0x000018cb,0x000700f5,
	0x00000006,0x00001a2c,0x000018c0,0x000018b4,0x00001a2d,0x000018ca,0x000200f9,0x000018cc,
	0x000200f8,0x000018a9,0x000500c7,0x00000006,0x000018ab,0x00001a25,0x0000041b,0x000500c4,
	0x00000006,0x000018ac,0x000018ab,0x000001a1,0x000500c7,0x00000006,0x000018ae,0x00001a25,
	0x0000041f,0x000500c2,0x00000006,0x000018af,0x000018ae,0x000001a1,0x000500c5,0x00000006,
	0x000018b0,0x000018ac,0x000018af,0x000200f9,0x000018cc,0x000200f8,0x000018cc,0x000700f5,
	0x00000006,0x00001a2b,0x000018b0,0x000018a9,0x00001a2c,0x000018cb,0x000500c2,0x00000006,
	0x0000188c,0x0000185d,0x000000b2,0x000500c7,0x00000006,0x0000188d,0x0000188c,0x000000b2,
	0x000500aa,0x000000db,0x0000188f,0x0000188d,0x00000095,0x000300f7,0x000018a3,0x00000000,
	0x000400fa,0x0000188f,0x00001890,0x0000189a,0x000200f8,0x0000189a,0x000500aa,0x000000db,
	0x0000189c,0x0000188d,0x000001a5,0x000300f7,0x000018a2,0x00000000,0x000400fa,0x0000189c,
	0x0000189d,0x000018a2,0x000200f8,0x0000189d,0x000500c2,0x00000006,0x0000189f,0x00001a2b,
	0x000001a1,0x000500c7,0x00000006,0x000018d4,0x0000189f,0x000000cf,0x000500c7,0x00000006,
	0x000018d6,0x0000189f,0x000000d4,0x000500c2,0x00000006,0x000018d8,0x000018d4,0x000000d8,
	0x000500aa,0x000000db,0x000018da,0x000018d8,0x00000098,0x000500ab,0x000000db,0x000018dc,
	0x000018d6,0x00000098,0x000500a7,0x000000db,0x000018dd,0x000018da,0x000018dc,0x000300f7,
	0x000018eb,0x00000000,0x000400fa,0x000018dd,0x000018de,0x000018eb,0x000200f8,0x000018de,
	0x0006000c,0x00000006,0x000018e0,0x00000001,0x0000004b,0x000018d6,0x00050082,0x00000006,
	0x000018e2,0x000000d8,0x000018e0,0x0004007c,0x0000005e,0x000018e4,0x000018e2,0x00050082,
	0x0000005e,0x000018e5,0x000000e8,0x000018e4,0x0004007c,0x00000006,0x000018e6,0x000018e5,
	0x000500c4,0x00000006,0x000018e9,0x000018d6,0x000018e2,0x000500c7,0x00000006,0x000018ea,
	0x000018e9,0x000000d4,0x000200f9,0x000018eb,0x000200f8,0x000018eb,0x000700f5,0x00000006,
	0x00001a2f,0x000018d6,0x0000189d,0x000018ea,0x000018de,0x000700f5,0x00000006,0x00001a2e,
	0x000018d8,0x0000189d,0x000018e6,0x000018de,0x000500ab,0x000000db,0x000018ed,0x000018d4,
	0x00000098,0x00050080,0x00000006,0x000018ef,0x00001a2e,0x000000f4,0x000500c4,0x00000006,
	0x000018f0,0x000018ef,0x000000c3,0x000500c4,0x00000006,0x000018f2,0x00001a2f,0x000000b2,
	0x000500c5,0x00000006,0x000018f3,0x000018f0,0x000018f2,0x0004007c,0x00000025,0x000018f4,
	0x000018f3,0x000600a9,0x00000025,0x000018f5,0x000018ed,0x000018f4,0x000000fb,0x0004007c,
	0x00000006,0x000018a1,0x000018f5,0x000200f9,0x000018a2,0x000200f8,0x000018a2,0x000700f5,
	0x00000006,0x00001a31,0x00001a2b,0x0000189a,0x000018a1,0x000018eb,0x000200f9,0x000018a3,
	0x000200f8,0x00001890,0x000500c2,0x00000006,0x00001892,0x00001a2b,0x000001a1,0x000500c2,
	0x00000006,0x00001895,0x00001892,0x000000c3,0x00050080,0x00000006,0x00001896,0x00001892,
	0x00001895,0x00040070,0x00000025,0x00001897,0x00001896,0x00050085,0x00000025,0x00001898,
	0x00001897,0x00000458,0x0004007c,0x00000006,0x00001899,0x00001898,0x000200f9,0x000018a3,
	0x000200f8,0x000018a3,0x000700f5,0x00000006,0x00001a30,0x00001899,0x00001890,0x00001a31,
	0x000018a2,0x0004003d,0x00000475,0x0000185f,0x00000477,0x00040063,0x0000185f,0x00001855,
	0x00001a30,0x000200f9,0x00001862,0x000200f8,0x00001862,0x00050041,0x00000486,0x00001863,
	0x00000485,0x0000049d,0x0004003d,0x00000006,0x00001864,0x00001863,0x000500c2,0x00000006,
	0x00001865,0x00001864,0x000004a0,0x000500c7,0x00000006,0x00001866,0x00001865,0x00000095,
	0x000500ab,0x000000db,0x00001867,0x00001866,0x00000098,0x000300f7,0x0000187e,0x00000000,
	0x000400fa,0x00001867,0x00001868,0x0000187e,0x000200f8,0x00001868,0x0004003d,0x00000475,
	0x00001869,0x000004a7,0x00040068,0x00000007,0x0000186a,0x00001869,0x0003003e,0x0000183f,
	0x0000186a,0x00050041,0x00000009,0x0000186b,0x0000183f,0x00000098,0x0004003d,0x00000006,
	0x0000186c,0x0000186b,0x00050041,0x00000009,0x0000186d,0x0000183a,0x00000098,0x0003003e,
	0x0000186d,0x0000186c,0x00050041,0x00000009,0x0000186e,0x0000183f,0x00000095,0x0004003d,
	0x00000006,0x0000186f,0x0000186e,0x00050041,0x00000009,0x00001870,0x0000183a,0x00000095,
	0x0003003e,0x00001870,0x0000186f,0x0004003d,0x00000007,0x00001872,0x0000183a,0x000500b0,
	0x0000048d,0x00001873,0x00001855,0x00001872,0x0004009b,0x000000db,0x00001874,0x00001873,
	0x000300f7,0x0000187d,0x00000000,0x000400fa,0x00001874,0x00001875,0x0000187d,0x000200f8,
	0x00001875,0x00050041,0x00000486,0x00001877,0x00000485,0x0000049d,0x0004003d,0x00000006,
	0x00001878,0x00001877,0x000500c7,0x00000006,0x000018ff,0x00001878,0x0000012d,0x000500aa,
	0x000000db,0x0000191f,0x000018ff,0x00000095,0x000300f7,0x00001943,0x00000000,0x000400fa,
	0x0000191f,0x00001920,0x00001928,0x000200f8,0x00001928,0x000500aa,0x000000db,0x0000192a,
	0x000018ff,0x000001a5,0x000300f7,0x00001942,0x00000000,0x000400fa,0x0000192a,0x0000192b,
	0x00001938,0x000200f8,0x00001938,0x000500aa,0x000000db,0x0000193a,0x000018ff,0x000000b2,
	0x000300f7,0x00001941,0x00000000,0x000400fa,0x0000193a,0x0000193b,0x00001941,0x000200f8,
	0x0000193b,0x000500c4,0x00000006,0x0000193d,0x00001a25,0x0000011c,0x000500c2,0x00000006,
	0x0000193f,0x00001a25,0x0000011c,0x000500c5,0x00000006,0x00001940,0x0000193d,0x0000193f,
	0x000200f9,0x00001941,0x000200f8,0x00001941,0x000700f5,0x00000006,0x00001a34,0x00001a25,
	0x00001938,0x00001940,0x0000193b,0x000200f9,0x00001942,0x000200f8,0x0000192b,0x000500c7,
	0x00000006,0x0000192d,0x00001a25,0x0000041b,0x000500c4,0x00000006,0x0000192e,0x0000192d,
	0x000001a1,0x000500c7,0x00000006,0x00001930,0x00001a25,0x0000041f,0x000500c2,0x00000006,
	0x00001931,0x00001930,0x000001a1,0x000500c5,0x00000006,0x00001932,0x0000192e,0x00001931,
	0x000500c4,0x00000006,0x00001934,0x00001932,0x0000011c,0x000500c2,0x00000006,0x00001936,
	0x00001932,0x0000011c,0x000500c5,0x00000006,0x00001937,0x00001934,0x00001936,0x000200f9,
	0x00001942,0x000200f8,0x00001942,0x000700f5,0x00000006,0x00001a33,0x00001937,0x0000192b,
	0x00001a34,0x00001941,0x000200f9,0x00001943,0x000200f8,0x00001920,0x000500c7,0x00000006,
	0x00001922,0x00001a25,0x0000041b,0x000500c4,0x00000006,0x00001923,0x00001922,0x000001a1,
	0x000500c7,0x00000006,0x00001925,0x00001a25,0x0000041f,0x000500c2,0x00000006,0x00001926,
	0x00001925,0x000001a1,0x000500c5,0x00000006,0x00001927,0x00001923,0x00001926,0x000200f9,
	0x00001943,0x000200f8,0x00001943,0x000700f5,0x00000006,0x00001a32,0x00001927,0x00001920,
	0x00001a33,0x00001942,0x000500c2,0x00000006,0x00001903,0x00001878,0x000000b2,0x000500c7,
	0x00000006,0x00001904,0x00001903,0x000000b2,0x000500aa,0x000000db,0x00001906,0x00001904,
	0x00000095,0x000300f7,0x0000191a,0x00000000,0x000400fa,0x00001906,0x00001907,0x00001911,
	0x000200f8,0x00001911,0x000500aa,0x000000db,0x00001913,0x00001904,0x000001a5,0x000300f7,
	0x00001919,0x00000000,0x000400fa,0x00001913,0x00001914,0x00001919,0x000200f8,0x00001914,
	0x000500c2,0x00000006,0x00001916,0x00001a32,0x000001a1,0x000500c7,0x00000006,0x0000194b,
	0x00001916,0x000000cf,0x000500c7,0x00000006,0x0000194d,0x00001916,0x000000d4,0x000500c2,
	0x00000006,0x0000194f,0x0000194b,0x000000d8,0x000500aa,0x000000db,0x00001951,0x0000194f,
	0x00000098,0x000500ab,0x000000db,0x00001953,0x0000194d,0x00000098,0x000500a7,0x000000db,
	0x00001954,0x00001951,0x00001953,0x000300f7,0x00001962,0x00000000,0x000400fa,0x00001954,
	0x00001955,0x00001962,0x000200f8,0x00001955,0x0006000c,0x00000006,0x00001957,0x00000001,
	0x0000004b,0x0000194d,0x00050082,0x00000006,0x00001959,0x000000d8,0x00001957,0x0004007c,
	0x0000005e,0x0000195b,0x00001959,0x00050082,0x0000005e,0x0000195c,0x000000e8,0x0000195b,
	0x0004007c,0x00000006,0x0000195d,0x0000195c,0x000500c4,0x00000006,0x00001960,0x0000194d,
	0x00001959,0x000500c7,0x00000006,0x00001961,0x00001960,0x000000d4,0x000200f9,0x00001962,
	0x000200f8,0x00001962,0x000700f5,0x00000006,0x00001a36,0x0000194d,0x00001914,0x00001961,
	0x00001955,0x000700f5,0x00000006,0x00001a35,0x0000194f,0x00001914,0x0000195d,0x00001955,
	0x000500ab,0x000000db,0x00001964,0x0000194b,0x00000098,0x00050080,0x00000006,0x00001966,
	0x00001a35,0x000000f4,0x000500c4,0x00000006,0x00001967,0x00001966,0x000000c3,0x000500c4,
	0x00000006,0x00001969,0x00001a36,0x000000b2,0x000500c5,0x00000006,0x0000196a,0x00001967,
	0x00001969,0x0004007c,0x00000025,0x0000196b,0x0000196a,0x000600a9,0x00000025,0x0000196c,
	0x00001964,0x0000196b,0x000000fb,0x0004007c,0x00000006,0x00001918,0x0000196c,0x000200f9,
	0x00001919,0x000200f8,0x00001919,0x000700f5,0x00000006,0x00001a38,0x00001a32,0x00001911,
	0x00001918,0x00001962,0x000200f9,0x0000191a,0x000200f8,0x00001907,0x000500c2,0x00000006,
	0x00001909,0x00001a32,0x000001a1,0x000500c2,0x00000006,0x0000190c,0x00001909,0x000000c3,
	0x00050080,0x00000006,0x0000190d,0x00001909,0x0000190c,0x00040070,0x00000025,0x0000190e,
	0x0000190d,0x00050085,0x00000025,0x0000190f,0x0000190e,0x00000458,0x0004007c,0x00000006,
	0x00001910,0x0000190f,0x000200f9,0x0000191a,0x000200f8,0x0000191a,0x000700f5,0x00000006,
	0x00001a37,0x00001910,0x00001907,0x00001a38,0x00001919,0x0004003d,0x00000475,0x0000187a,
	0x000004a7,0x00040063,0x0000187a,0x00001855,0x00001a37,0x000200f9,0x0000187d,0x000200f8,
	0x0000187d,0x000200f9,0x0000187e,0x000200f8,0x0000187e,0x000200f9,0x000007ab,0x000200f8,
	0x000007ab,0x000200f9,0x000007ac,0x000200f8,0x00000766,0x0004003d,0x0000003e,0x00000767,
	0x0000068d,0x0003003e,0x0000069c,0x00000767,0x000200f9,0x000015d0,0x000200f8,0x000015d0,
	0x000200f9,0x000015e6,0x000200f8,0x000015e6,0x00050041,0x0000002a,0x000015e7,0x0000069c,
	0x00000098,0x0004003d,0x00000025,0x000015e8,0x000015e7,0x0008000c,0x00000025,0x00001638,
	0x00000001,0x0000002b,0x000015e8,0x000000fb,0x00000151,0x00050085,0x00000025,0x0000163a,
	0x00001638,0x0000016d,0x00050081,0x00000025,0x0000163b,0x0000163a,0x0000018a,0x0004006d,
	0x00000006,0x0000163c,0x0000163b,0x00050041,0x0000002a,0x000015ea,0x0000069c,0x00000095,
	0x0004003d,0x00000025,0x000015eb,0x000015ea,0x0008000c,0x00000025,0x00001640,0x00000001,
	0x0000002b,0x000015eb,0x000000fb,0x00000151,0x00050085,0x00000025,0x00001642,0x00001640,
	0x0000016d,0x00050081,0x00000025,0x00001643,0x00001642,0x0000018a,0x0004006d,0x00000006,
	0x00001644,0x00001643,0x000500c4,0x00000006,0x000015ed,0x00001644,0x000001be,0x000500c5,
	0x00000006,0x000015ee,0x0000163c,0x000015ed,0x00050041,0x0000002a,0x000015ef,0x0000069c,
	0x000001a5,0x0004003d,0x00000025,0x000015f0,0x000015ef,0x0008000c,0x00000025,0x00001648,
	0x00000001,0x0000002b,0x000015f0,0x000000fb,0x00000151,0x00050085,0x00000025,0x0000164a,
	0x00001648,0x0000016d,0x00050081,0x00000025,0x0000164b,0x0000164a,0x0000018a,0x0004006d,
	0x00000006,0x0000164c,0x0000164b,0x000500c4,0x00000006,0x000015f2,0x0000164c,0x000000d8,
	0x000500c5,0x00000006,0x000015f3,0x000015ee,0x000015f2,0x00050041,0x0000002a,0x000015f4,
	0x0000069c,0x000000b2,0x0004003d,0x00000025,0x000015f5,0x000015f4,0x0008000c,0x00000025,
	0x00001650,0x00000001,0x0000002b,0x000015f5,0x000000fb,0x00000151,0x00050085,0x00000025,
	0x00001652,0x00001650,0x000001c8,0x00050081,0x00000025,0x00001653,0x00001652,0x0000018a,
	0x0004006d,0x00000006,0x00001654,0x00001653,0x000500c4,0x00000006,0x000015f7,0x00001654,
	0x000001ce,0x000500c5,0x00000006,0x000015f8,0x000015f3,0x000015f7,0x000200f9,0x00001610,
	0x000200f8,0x00001610,0x000200f9,0x00001613,0x000200f8,0x00001613,0x000500aa,0x000000db,
	0x000016b4,0x000006ec,0x00000095,0x000300f7,0x000016d8,0x00000000,0x000400fa,0x000016b4,
	0x000016b5,0x000016bd,0x000200f8,0x000016bd,0x000500aa,0x000000db,0x000016bf,0x000006ec,
	0x000001a5,0x000300f7,0x000016d7,0x00000000,0x000400fa,0x000016bf,0x000016c0,0x000016cd,
	0x000200f8,0x000016cd,0x000500aa,0x000000db,0x000016cf,0x000006ec,0x000000b2,0x000300f7,
	0x000016d6,0x00000000,0x000400fa,0x000016cf,0x000016d0,0x000016d6,0x000200f8,0x000016d0,
	0x000500c4,0x00000006,0x000016d2,0x000015f8,0x0000011c,0x000500c2,0x00000006,0x000016d4,
	0x000015f8,0x0000011c,0x000500c5,0x00000006,0x000016d5,0x000016d2,0x000016d4,0x000200f9,
	0x000016d6,0x000200f8,0x000016d6,0x000700f5,0x00000006,0x00001a3e,0x000015f8,0x000016cd,
	0x000016d5,0x000016d0,0x000200f9,0x000016d7,0x000200f8,0x000016c0,0x000500c7,0x00000006,
	0x000016c2,0x000015f8,0x0000041b,0x000500c4,0x00000006,0x000016c3,0x000016c2,0x000001a1,
	0x000500c7,0x00000006,0x000016c5,0x000015f8,0x0000041f,0x000500c2,0x00000006,0x000016c6,
	0x000016c5,0x000001a1,0x000500c5,0x00000006,0x000016c7,0x000016c3,0x000016c6,0x000500c4,
	0x00000006,0x000016c9,0x000016c7,0x0000011c,0x000500c2,0x00000006,0x000016cb,0x000016c7,
	0x0000011c,0x000500c5,0x00000006,0x000016cc,0x000016c9,0x000016cb,0x000200f9,0x000016d7,
	0x000200f8,0x000016d7,0x000700f5,0x00000006,0x00001a3d,0x000016cc,0x000016c0,0x00001a3e,
	0x000016d6,0x000200f9,0x000016d8,0x000200f8,0x000016b5,0x000500c7,0x00000006,0x000016b7,
	0x000015f8,0x0000041b,0x000500c4,0x00000006,0x000016b8,0x000016b7,0x000001a1,0x000500c7,
	0x00000006,0x000016ba,0x000015f8,0x0000041f,0x000500c2,0x00000006,0x000016bb,0x000016ba,
	0x000001a1,0x000500c5,0x00000006,0x000016bc,0x000016b8,0x000016bb,0x000200f9,0x000016d8,
	0x000200f8,0x000016d8,0x000700f5,0x00000006,0x00001a3c,0x000016bc,0x000016b5,0x00001a3d,
	0x000016d7,0x000500c2,0x0000005e,0x000016e7,0x00001a18,0x000003ab,0x00060041,0x00000472,
	0x000016ea,0x0000046e,0x0000046f,0x000016e7,0x0003003e,0x000016ea,0x00001a3c,0x0004003d,
	0x00000475,0x000016eb,0x00000477,0x00040068,0x00000007,0x000016ec,0x000016eb,0x0003003e,
	0x000016db,0x000016ec,0x00050041,0x00000009,0x000016ed,0x000016db,0x00000098,0x0004003d,
	0x00000006,0x000016ee,0x000016ed,0x00050041,0x00000009,0x000016ef,0x000016dc,0x00000098,
	0x0003003e,0x000016ef,0x000016ee,0x00050041,0x00000009,0x000016f0,0x000016db,0x00000095,
	0x0004003d,0x00000006,0x000016f1,0x000016f0,0x00050041,0x00000009,0x000016f2,0x000016dc,
	0x00000095,0x0003003e,0x000016f2,0x000016f1,0x00050041,0x00000486,0x000016f4,0x00000485,
	0x000003cf,0x0004003d,0x00000006,0x000016f5,0x000016f4,0x00050050,0x00000007,0x000016f6,
	0x00000098,0x000016f5,0x00050080,0x00000007,0x000016f7,0x000006cb,0x000016f6,0x0004003d,
	0x00000007,0x000016f9,0x000016dc,0x000500b0,0x0000048d,0x000016fa,0x000016f7,0x000016f9,
	0x0004009b,0x000000db,0x000016fb,0x000016fa,0x000300f7,0x00001704,0x00000000,0x000400fa,
	0x000016fb,0x000016fc,0x00001704,0x000200f8,0x000016fc,0x00050041,0x00000486,0x000016fe,
	0x00000485,0x00000493,0x0004003d,0x00000006,0x000016ff,0x000016fe,0x000500c7,0x00000006,
	0x0000172a,0x000016ff,0x0000012d,0x000500aa,0x000000db,0x0000174a,0x0000172a,0x00000095,
	0x000300f7,0x0000176e,0x00000000,0x000400fa,0x0000174a,0x0000174b,0x00001753,0x000200f8,
	0x00001753,0x000500aa,0x000000db,0x00001755,0x0000172a,0x000001a5,0x000300f7,0x0000176d,
	0x00000000,0x000400fa,0x00001755,0x00001756,0x00001763,0x000200f8,0x00001763,0x000500aa,
	0x000000db,0x00001765,0x0000172a,0x000000b2,0x000300f7,0x0000176c,0x00000000,0x000400fa,
	0x00001765,0x00001766,0x0000176c,0x000200f8,0x00001766,0x000500c4,0x00000006,0x00001768,
	0x00001a3c,0x0000011c,0x000500c2,0x00000006,0x0000176a,0x00001a3c,0x0000011c,0x000500c5,
	0x00000006,0x0000176b,0x00001768,0x0000176a,0x000200f9,0x0000176c,0x000200f8,0x0000176c,
	0x000700f5,0x00000006,0x00001a49,0x00001a3c,0x00001763,0x0000176b,0x00001766,0x000200f9,
	0x0000176d,0x000200f8,0x00001756,0x000500c7,0x00000006,0x00001758,0x00001a3c,0x0000041b,
	0x000500c4,0x00000006,0x00001759,0x00001758,0x000001a1,0x000500c7,0x00000006,0x0000175b,
	0x00001a3c,0x0000041f,0x000500c2,0x00000006,0x0000175c,0x0000175b,0x000001a1,0x000500c5,
	0x00000006,0x0000175d,0x00001759,0x0000175c,0x000500c4,0x00000006,0x0000175f,0x0000175d,
	0x0000011c,0x000500c2,0x00000006,0x00001761,0x0000175d,0x0000011c,0x000500c5,0x00000006,
	0x00001762,0x0000175f,0x00001761,0x000200f9,0x0000176d,0x000200f8,0x0000176d,0x000700f5,
	0x00000006,0x00001a48,0x00001762,0x00001756,0x00001a49,0x0000176c,0x000200f9,0x0000176e,
	0x000200f8,0x0000174b,0x000500c7,0x00000006,0x0000174d,0x00001a3c,0x0000041b,0x000500c4,
	0x00000006,0x0000174e,0x0000174d,0x000001a1,0x000500c7,0x00000006,0x00001750,0x00001a3c,
	0x0000041f,0x000500c2,0x00000006,0x00001751,0x00001750,0x000001a1,0x000500c5,0x00000006,
	0x00001752,0x0000174e,0x00001751,0x000200f9,0x0000176e,0x000200f8,0x0000176e,0x000700f5,
	0x00000006,0x00001a47,0x00001752,0x0000174b,0x00001a48,0x0000176d,0x000500c2,0x00000006,
	0x0000172e,0x000016ff,0x000000b2,0x000500c7,0x00000006,0x0000172f,0x0000172e,0x000000b2,
	0x000500aa,0x000000db,0x00001731,0x0000172f,0x00000095,0x000300f7,0x00001745,0x00000000,
	0x000400fa,0x00001731,0x00001732,0x0000173c,0x000200f8,0x0000173c,0x000500aa,0x000000db,
	0x0000173e,0x0000172f,0x000001a5,0x000300f7,0x00001744,0x00000000,0x000400fa,0x0000173e,
	0x0000173f,0x00001744,0x000200f8,0x0000173f,0x000500c2,0x00000006,0x00001741,0x00001a47,
	0x000001a1,0x000500c7,0x00000006,0x00001776,0x00001741,0x000000cf,0x000500c7,0x00000006,
	0x00001778,0x00001741,0x000000d4,0x000500c2,0x00000006,0x0000177a,0x00001776,0x000000d8,
	0x000500aa,0x000000db,0x0000177c,0x0000177a,0x00000098,0x000500ab,0x000000db,0x0000177e,
	0x00001778,0x00000098,0x000500a7,0x000000db,0x0000177f,0x0000177c,0x0000177e,0x000300f7,
	0x0000178d,0x00000000,0x000400fa,0x0000177f,0x00001780,0x0000178d,0x000200f8,0x00001780,
	0x0006000c,0x00000006,0x00001782,0x00000001,0x0000004b,0x00001778,0x00050082,0x00000006,
	0x00001784,0x000000d8,0x00001782,0x0004007c,0x0000005e,0x00001786,0x00001784,0x00050082,
	0x0000005e,0x00001787,0x000000e8,0x00001786,0x0004007c,0x00000006,0x00001788,0x00001787,
	0x000500c4,0x00000006,0x0000178b,0x00001778,0x00001784,0x000500c7,0x00000006,0x0000178c,
	0x0000178b,0x000000d4,0x000200f9,0x0000178d,0x000200f8,0x0000178d,0x000700f5,0x00000006,
	0x00001a4b,0x00001778,0x0000173f,0x0000178c,0x00001780,0x000700f5,0x00000006,0x00001a4a,
	0x0000177a,0x0000173f,0x00001788,0x00001780,0x000500ab,0x000000db,0x0000178f,0x00001776,
	0x00000098,0x00050080,0x00000006,0x00001791,0x00001a4a,0x000000f4,0x000500c4,0x00000006,
	0x00001792,0x00001791,0x000000c3,0x000500c4,0x00000006,0x00001794,0x00001a4b,0x000000b2,
	0x000500c5,0x00000006,0x00001795,0x00001792,0x00001794,0x0004007c,0x00000025,0x00001796,
	0x00001795,0x000600a9,0x00000025,0x00001797,0x0000178f,0x00001796,0x000000fb,0x0004007c,
	0x00000006,0x00001743,0x00001797,0x000200f9,0x00001744,0x000200f8,0x00001744,0x000700f5,
	0x00000006,0x00001a4d,0x00001a47,0x0000173c,0x00001743,0x0000178d,0x000200f9,0x00001745,
	0x000200f8,0x00001732,0x000500c2,0x00000006,0x00001734,0x00001a47,0x000001a1,0x000500c2,
	0x00000006,0x00001737,0x00001734,0x000000c3,0x00050080,0x00000006,0x00001738,0x00001734,
	0x00001737,0x00040070,0x00000025,0x00001739,0x00001738,0x00050085,0x00000025,0x0000173a,
	0x00001739,0x00000458,0x0004007c,0x00000006,0x0000173b,0x0000173a,0x000200f9,0x00001745,
	0x000200f8,0x00001745,0x000700f5,0x00000006,0x00001a4c,0x0000173b,0x00001732,0x00001a4d,
	0x00001744,0x0004003d,0x00000475,0x00001701,0x00000477,0x00040063,0x00001701,0x000016f7,
	0x00001a4c,0x000200f9,0x00001704,0x000200f8,0x00001704,0x00050041,0x00000486,0x00001705,
	0x00000485,0x0000049d,0x0004003d,0x00000006,0x00001706,0x00001705,0x000500c2,0x00000006,
	0x00001707,0x00001706,0x000004a0,0x000500c7,0x00000006,0x00001708,0x00001707,0x00000095,
	0x000500ab,0x000000db,0x00001709,0x00001708,0x00000098,0x000300f7,0x00001720,0x00000000,
	0x000400fa,0x00001709,0x0000170a,0x00001720,0x000200f8,0x0000170a,0x0004003d,0x00000475,
	0x0000170b,0x000004a7,0x00040068,0x00000007,0x0000170c,0x0000170b,0x0003003e,0x000016e1,
	0x0000170c,0x00050041,0x00000009,0x0000170d,0x000016e1,0x00000098,0x0004003d,0x00000006,
	0x0000170e,0x0000170d,0x00050041,0x00000009,0x0000170f,0x000016dc,0x00000098,0x0003003e,
	0x0000170f,0x0000170e,0x00050041,0x00000009,0x00001710,0x000016e1,0x00000095,0x0004003d,
	0x00000006,0x00001711,0x00001710,0x00050041,0x00000009,0x00001712,0x000016dc,0x00000095,
	0x0003003e,0x00001712,0x00001711,0x0004003d,0x00000007,0x00001714,0x000016dc,0x000500b0,
	0x0000048d,0x00001715,0x000016f7,0x00001714,0x0004009b,0x000000db,0x00001716,0x00001715,
	0x000300f7,0x0000171f,0x00000000,0x000400fa,0x00001716,0x00001717,0x0000171f,0x000200f8,
	0x00001717,0x00050041,0x00000486,0x00001719,0x00000485,0x0000049d,0x0004003d,0x00000006,
	0x0000171a,0x00001719,0x000500c7,0x00000006,0x000017a1,0x0000171a,0x0000012d,0x000500aa,
	0x000000db,0x000017c1,0x000017a1,0x00000095,0x000300f7,0x000017e5,0x00000000,0x000400fa,
	0x000017c1,0x000017c2,0x000017ca,0x000200f8,0x000017ca,0x000500aa,0x000000db,0x000017cc,
	0x000017a1,0x000001a5,0x000300f7,0x000017e4,0x00000000,0x000400fa,0x000017cc,0x000017cd,
	0x000017da,0x000200f8,0x000017da,0x000500aa,0x000000db,0x000017dc,0x000017a1,0x000000b2,
	0x000300f7,0x000017e3,0x00000000,0x000400fa,0x000017dc,0x000017dd,0x000017e3,0x000200f8,
	0x000017dd,0x000500c4,0x00000006,0x000017df,0x00001a3c,0x0000011c,0x000500c2,0x00000006,
	0x000017e1,0x00001a3c,0x0000011c,0x000500c5,0x00000006,0x000017e2,0x000017df,0x000017e1,
	0x000200f9,0x000017e3,0x000200f8,0x000017e3,0x000700f5,0x00000006,0x00001a50,0x00001a3c,
	0x000017da,0x000017e2,0x000017dd,0x000200f9,0x000017e4,0x000200f8,0x000017cd,0x000500c7,
	0x00000006,0x000017cf,0x00001a3c,0x0000041b,0x000500c4,0x00000006,0x000017d0,0x000017cf,
	0x000001a1,0x000500c7,0x00000006,0x000017d2,0x00001a3c,0x0000041f,0x000500c2,0x00000006,
	0x000017d3,0x000017d2,0x000001a1,0x000500c5,0x00000006,0x000017d4,0x000017d0,0x000017d3,
	0x000500c4,0x00000006,0x000017d6,0x000017d4,0x0000011c,0x000500c2,0x00000006,0x000017d8,
	0x000017d4,0x0000011c,0x000500c5,0x00000006,0x000017d9,0x000017d6,0x000017d8,0x000200f9,
	0x000017e4,0x000200f8,0x000017e4,0x000700f5,0x00000006,0x00001a4f,0x000017d9,0x000017cd,
	0x00001a50,0x000017e3,0x000200f9,0x000017e5,0x000200f8,0x000017c2,0x000500c7,0x00000006,
	0x000017c4,0x00001a3c,0x0000041b,0x000500c4,0x00000006,0x000017c5,0x000017c4,0x000001a1,
	0x000500c7,0x00000006,0x000017c7,0x00001a3c,0x0000041f,0x000500c2,0x00000006,0x000017c8,
	0x000017c7,0x000001a1,0x000500c5,0x00000006,0x000017c9,0x000017c5,0x000017c8,0x000200f9,
	0x000017e5,0x000200f8,0x000017e5,0x000700f5,0x00000006,0x00001a4e,0x000017c9,0x000017c2,
	0x00001a4f,0x000017e4,0x000500c2,0x00000006,0x000017a5,0x0000171a,0x000000b2,0x000500c7,
	0x00000006,0x000017a6,0x000017a5,0x000000b2,0x000500aa,0x000000db,0x000017a8,0x000017a6,
	0x00000095,0x000300f7,0x000017bc,0x00000000,0x000400fa,0x000017a8,0x000017a9,0x000017b3,
	0x000200f8,0x000017b3,0x000500aa,0x000000db,0x000017b5,0x000017a6,0x000001a5,0x000300f7,
	0x000017bb,0x00000000,0x000400fa,0x000017b5,0x000017b6,0x000017bb,0x000200f8,0x000017b6,
	0x000500c2,0x00000006,0x000017b8,0x00001a4e,0x000001a1,0x000500c7,0x00000006,0x000017ed,
	0x000017b8,0x000000cf,0x000500c7,0x00000006,0x000017ef,0x000017b8,0x000000d4,0x000500c2,
	0x00000006,0x000017f1,0x000017ed,0x000000d8,0x000500aa,0x000000db,0x000017f3,0x000017f1,
	0x00000098,0x000500ab,0x000000db,0x000017f5,0x000017ef,0x00000098,0x000500a7,0x000000db,
	0x000017f6,0x000017f3,0x000017f5,0x000300f7,0x00001804,0x00000000,0x000400fa,0x000017f6,
	0x000017f7,0x00001804,0x000200f8,0x000017f7,0x0006000c,0x00000006,0x000017f9,0x00000001,
	0x0000004b,0x000017ef,0x00050082,0x00000006,0x000017fb,0x000000d8,0x000017f9,0x0004007c,
	0x0000005e,0x000017fd,0x000017fb,0x00050082,0x0000005e,0x000017fe,0x000000e8,0x000017fd,
	0x0004007c,0x00000006,0x000017ff,0x000017fe,0x000500c4,0x00000006,0x00001802,0x000017ef,
	0x000017fb,0x000500c7,0x00000006,0x00001803,0x00001802,0x000000d4,0x000200f9,0x00001804,
	0x000200f8,0x00001804,0x000700f5,0x00000006,0x00001a52,0x000017ef,0x000017b6,0x00001803,
	0x000017f7,0x000700f5,0x00000006,0x00001a51,0x000017f1,0x000017b6,0x000017ff,0x000017f7,
	0x000500ab,0x000000db,0x00001806,0x000017ed,0x00000098,0x00050080,0x00000006,0x00001808,
	0x00001a51,0x000000f4,0x000500c4,0x00000006,0x00001809,0x00001808,0x000000c3,0x000500c4,
	0x00000006,0x0000180b,0x00001a52,0x000000b2,0x000500c5,0x00000006,0x0000180c,0x00001809,
	0x0000180b,0x0004007c,0x00000025,0x0000180d,0x0000180c,0x000600a9,0x00000025,0x0000180e,
	0x00001806,0x0000180d,0x000000fb,0x0004007c,0x00000006,0x000017ba,0x0000180e,0x000200f9,
	0x000017bb,0x000200f8,0x000017bb,0x000700f5,0x00000006,0x00001a54,0x00001a4e,0x000017b3,
	0x000017ba,0x00001804,0x000200f9,0x000017bc,0x000200f8,0x000017a9,0x000500c2,0x00000006,
	0x000017ab,0x00001a4e,0x000001a1,0x000500c2,0x00000006,0x000017ae,0x000017ab,0x000000c3,
	0x00050080,0x00000006,0x000017af,0x000017ab,0x000017ae,0x00040070,0x00000025,0x000017b0,
	0x000017af,0x00050085,0x00000025,0x000017b1,0x000017b0,0x00000458,0x0004007c,0x00000006,
	0x000017b2,0x000017b1,0x000200f9,0x000017bc,0x000200f8,0x000017bc,0x000700f5,0x00000006,
	0x00001a53,0x000017b2,0x000017a9,0x00001a54,0x000017bb,0x0004003d,0x00000475,0x0000171c,
	0x000004a7,0x00040063,0x0000171c,0x000016f7,0x00001a53,0x000200f9,0x0000171f,0x000200f8,
	0x0000171f,0x000200f9,0x00001720,0x000200f8,0x00001720,0x000200f9,0x000007ac,0x000200f8,
	0x000007ac,0x000200f9,0x000007ad,0x000200f8,0x0000075b,0x0004003d,0x0000003e,0x0000075c,
	0x0000068d,0x0003003e,0x00000695,0x0000075c,0x000200f9,0x00001378,0x000200f8,0x00001378,
	0x000200f9,0x0000137b,0x000200f8,0x0000137b,0x00050041,0x0000002a,0x0000137c,0x00000695,
	0x00000098,0x0004003d,0x00000025,0x0000137d,0x0000137c,0x0008000c,0x00000025,0x000013c0,
	0x00000001,0x0000002b,0x0000137d,0x000000fb,0x00000151,0x00050085,0x00000025,0x000013c2,
	0x000013c0,0x00000196,0x00050081,0x00000025,0x000013c3,0x000013c2,0x0000018a,0x0004006d,
	0x00000006,0x000013c4,0x000013c3,0x00050041,0x0000002a,0x0000137f,0x00000695,0x00000095,
	0x0004003d,0x00000025,0x00001380,0x0000137f,0x0008000c,0x00000025,0x000013c8,0x00000001,
	0x0000002b,0x00001380,0x000000fb,0x00000151,0x00050085,0x00000025,0x000013ca,0x000013c8,
	0x00000196,0x00050081,0x00000025,0x000013cb,0x000013ca,0x0000018a,0x0004006d,0x00000006,
	0x000013cc,0x000013cb,0x000500c4,0x00000006,0x00001382,0x000013cc,0x000001a1,0x000500c5,
	0x00000006,0x00001383,0x000013c4,0x00001382,0x00050041,0x0000002a,0x00001384,0x00000695,
	0x000001a5,0x0004003d,0x00000025,0x00001385,0x00001384,0x0008000c,0x00000025,0x000013d0,
	0x00000001,0x0000002b,0x00001385,0x000000fb,0x00000151,0x00050085,0x00000025,0x000013d2,
	0x000013d0,0x00000196,0x00050081,0x00000025,0x000013d3,0x000013d2,0x0000018a,0x0004006d,
	0x00000006,0x000013d4,0x000013d3,0x000500c4,0x00000006,0x00001387,0x000013d4,0x0000011c,
	0x000500c5,0x00000006,0x00001388,0x00001383,0x00001387,0x00050041,0x0000002a,0x00001389,
	0x00000695,0x000000b2,0x0004003d,0x00000025,0x0000138a,0x00001389,0x0008000c,0x00000025,
	0x000013d8,0x00000001,0x0000002b,0x0000138a,0x000000fb,0x00000151,0x00050085,0x00000025,
	0x000013da,0x000013d8,0x00000196,0x00050081,0x00000025,0x000013db,0x000013da,0x0000018a,
	0x0004006d,0x00000006,0x000013dc,0x000013db,0x000500c4,0x00000006,0x0000138c,0x000013dc,
	0x00000111,0x000500c5,0x00000006,0x0000138d,0x00001388,0x0000138c,0x000200f9,0x000013b8,
	0x000200f8,0x000013b8,0x000200f9,0x000013bb,0x000200f8,0x000013bb,0x000500aa,0x000000db,
	0x0000145c,0x000006ec,0x00000095,0x000300f7,0x00001480,0x00000000,0x000400fa,0x0000145c,
	0x0000145d,0x00001465,0x000200f8,0x00001465,0x000500aa,0x000000db,0x00001467,0x000006ec,
	0x000001a5,0x000300f7,0x0000147f,0x00000000,0x000400fa,0x00001467,0x00001468,0x00001475,
	0x000200f8,0x00001475,0x000500aa,0x000000db,0x00001477,0x000006ec,0x000000b2,0x000300f7,
	0x0000147e,0x00000000,0x000400fa,0x00001477,0x00001478,0x0000147e,0x000200f8,0x00001478,
	0x000500c4,0x00000006,0x0000147a,0x0000138d,0x0000011c,0x000500c2,0x00000006,0x0000147c,
	0x0000138d,0x0000011c,0x000500c5,0x00000006,0x0000147d,0x0000147a,0x0000147c,0x000200f9,
	0x0000147e,0x000200f8,0x0000147e,0x000700f5,0x00000006,0x00001a5a,0x0000138d,0x00001475,
	0x0000147d,0x00001478,0x000200f9,0x0000147f,0x000200f8,0x00001468,0x000500c7,0x00000006,
	0x0000146a,0x0000138d,0x0000041b,0x000500c4,0x00000006,0x0000146b,0x0000146a,0x000001a1,
	0x000500c7,0x00000006,0x0000146d,0x0000138d,0x0000041f,0x000500c2,0x00000006,0x0000146e,
	0x0000146d,0x000001a1,0x000500c5,0x00000006,0x0000146f,0x0000146b,0x0000146e,0x000500c4,
	0x00000006,0x00001471,0x0000146f,0x0000011c,0x000500c2,0x00000006,0x00001473,0x0000146f,
	0x0000011c,0x000500c5,0x00000006,0x00001474,0x00001471,0x00001473,0x000200f9,0x0000147f,
	0x000200f8,0x0000147f,0x000700f5,0x00000006,0x00001a59,0x00001474,0x00001468,0x00001a5a,
	0x0000147e,0x000200f9,0x00001480,0x000200f8,0x0000145d,0x000500c7,0x00000006,0x0000145f,
	0x0000138d,0x0000041b,0x000500c4,0x00000006,0x00001460,0x0000145f,0x000001a1,0x000500c7,
	0x00000006,0x00001462,0x0000138d,0x0000041f,0x000500c2,0x00000006,0x00001463,0x00001462,
	0x000001a1,0x000500c5,0x00000006,0x00001464,0x00001460,0x00001463,0x000200f9,0x00001480,
	0x000200f8,0x00001480,0x000700f5,0x00000006,0x00001a58,0x00001464,0x0000145d,0x00001a59,
	0x0000147f,0x000500c2,0x0000005e,0x0000148f,0x00001a18,0x000003ab,0x00060041,0x00000472,
	0x00001492,0x0000046e,0x0000046f,0x0000148f,0x0003003e,0x00001492,0x00001a58,0x0004003d,
	0x00000475,0x00001493,0x00000477,0x00040068,0x00000007,0x00001494,0x00001493,0x0003003e,
	0x00001483,0x00001494,0x00050041,0x00000009,0x00001495,0x00001483,0x00000098,0x0004003d,
	0x00000006,0x00001496,0x00001495,0x00050041,0x00000009,0x00001497,0x00001484,0x00000098,
	0x0003003e,0x00001497,0x00001496,0x00050041,0x00000009,0x00001498,0x00001483,0x00000095,
	0x0004003d,0x00000006,0x00001499,0x00001498,0x00050041,0x00000009,0x0000149a,0x00001484,
	0x00000095,0x0003003e,0x0000149a,0x00001499,0x00050041,0x00000486,0x0000149c,0x00000485,
	0x000003cf,0x0004003d,0x00000006,0x0000149d,0x0000149c,0x00050050,0x00000007,0x0000149e,
	0x00000098,0x0000149d,0x00050080,0x00000007,0x0000149f,0x000006cb,0x0000149e,0x0004003d,
	0x00000007,0x000014a1,0x00001484,0x000500b0,0x0000048d,0x000014a2,0x0000149f,0x000014a1,
	0x0004009b,0x000000db,0x000014a3,0x000014a2,0x000300f7,0x000014ac,0x00000000,0x000400fa,
	0x000014a3,0x000014a4,0x000014ac,0x000200f8,0x000014a4,0x00050041,0x00000486,0x000014a6,
	0x00000485,0x00000493,0x0004003d,0x00000006,0x000014a7,0x000014a6,0x000500c7,0x00000006,
	0x000014d2,0x000014a7,0x0000012d,0x000500aa,0x000000db,0x000014f2,0x000014d2,0x00000095,
	0x000300f7,0x00001516,0x00000000,0x000400fa,0x000014f2,0x000014f3,0x000014fb,0x000200f8,
	0x000014fb,0x000500aa,0x000000db,0x000014fd,0x000014d2,0x000001a5,0x000300f7,0x00001515,
	0x00000000,0x000400fa,0x000014fd,0x000014fe,0x0000150b,0x000200f8,0x0000150b,0x000500aa,
	0x000000db,0x0000150d,0x000014d2,0x000000b2,0x000300f7,0x00001514,0x00000000,0x000400fa,
	0x0000150d,0x0000150e,0x00001514,0x000200f8,0x0000150e,0x000500c4,0x00000006,0x00001510,
	0x00001a58,0x0000011c,0x000500c2,0x00000006,0x00001512,0x00001a58,0x0000011c,0x000500c5,
	0x00000006,0x00001513,0x00001510,0x00001512,0x000200f9,0x00001514,0x000200f8,0x00001514,
	0x000700f5,0x00000006,0x00001a65,0x00001a58,0x0000150b,0x00001513,0x0000150e,0x000200f9,
	0x00001515,0x000200f8,0x000014fe,0x000500c7,0x00000006,0x00001500,0x00001a58,0x0000041b,
	0x000500c4,0x00000006,0x00001501,0x00001500,0x000001a1,0x000500c7,0x00000006,0x00001503,
	0x00001a58,0x0000041f,0x000500c2,0x00000006,0x00001504,0x00001503,0x000001a1,0x000500c5,
	0x00000006,0x00001505,0x00001501,0x00001504,0x000500c4,0x00000006,0x00001507,0x00001505,
	0x0000011c,0x000500c2,0x00000006,0x00001509,0x00001505,0x0000011c,0x000500c5,0x00000006,
	0x0000150a,0x00001507,0x00001509,0x000200f9,0x00001515,0x000200f8,0x00001515,0x000700f5,
	0x00000006,0x00001a64,0x0000150a,0x000014fe,0x00001a65,0x00001514,0x000200f9,0x00001516,
	0x000200f8,0x000014f3,0x000500c7,0x00000006,0x000014f5,0x00001a58,0x0000041b,0x000500c4,
	0x00000006,0x000014f6,0x000014f5,0x000001a1,0x000500c7,0x00000006,0x000014f8,0x00001a58,
	0x0000041f,0x000500c2,0x00000006,0x000014f9,0x000014f8,0x000001a1,0x000500c5,0x00000006,
	0x000014fa,0x000014f6,0x000014f9,0x000200f9,0x00001516,0x000200f8,0x00001516,0x000700f5,
	0x00000006,0x00001a63,0x000014fa,0x000014f3,0x00001a64,0x00001515,0x000500c2,0x00000006,
	0x000014d6,0x000014a7,0x000000b2,0x000500c7,0x00000006,0x000014d7,0x000014d6,0x000000b2,
	0x000500aa,0x000000db,0x000014d9,0x000014d7,0x00000095,0x000300f7,0x000014ed,0x00000000,
	0x000400fa,0x000014d9,0x000014da,0x000014e4,0x000200f8,0x000014e4,0x000500aa,0x000000db,
	0x000014e6,0x000014d7,0x000001a5,0x000300f7,0x000014ec,0x00000000,0x000400fa,0x000014e6,
	0x000014e7,0x000014ec,0x000200f8,0x000014e7,0x000500c2,0x00000006,0x000014e9,0x00001a63,
	0x000001a1,0x000500c7,0x00000006,0x0000151e,0x000014e9,0x000000cf,0x000500c7,0x00000006,
	0x00001520,0x000014e9,0x000000d4,0x000500c2,0x00000006,0x00001522,0x0000151e,0x000000d8,
	0x000500aa,0x000000db,0x00001524,0x00001522,0x00000098,0x000500ab,0x000000db,0x00001526,
	0x00001520,0x00000098,0x000500a7,0x000000db,0x00001527,0x00001524,0x00001526,0x000300f7,
	0x00001535,0x00000000,0x000400fa,0x00001527,0x00001528,0x00001535,0x000200f8,0x00001528,
	0x0006000c,0x00000006,0x0000152a,0x00000001,0x0000004b,0x00001520,0x00050082,0x00000006,
	0x0000152c,0x000000d8,0x0000152a,0x0004007c,0x0000005e,0x0000152e,0x0000152c,0x00050082,
	0x0000005e,0x0000152f,0x000000e8,0x0000152e,0x0004007c,0x00000006,0x00001530,0x0000152f,
	0x000500c4,0x00000006,0x00001533,0x00001520,0x0000152c,0x000500c7,0x00000006,0x00001534,
	0x00001533,0x000000d4,0x000200f9,0x00001535,0x000200f8,0x00001535,0x000700f5,0x00000006,
	0x00001a67,0x00001520,0x000014e7,0x00001534,0x00001528,0x000700f5,0x00000006,0x00001a66,
	0x00001522,0x000014e7,0x00001530,0x00001528,0x000500ab,0x000000db,0x00001537,0x0000151e,
	0x00000098,0x00050080,0x00000006,0x00001539,0x00001a66,0x000000f4,0x000500c4,0x00000006,
	0x0000153a,0x00001539,0x000000c3,0x000500c4,0x00000006,0x0000153c,0x00001a67,0x000000b2,
	0x000500c5,0x00000006,0x0000153d,0x0000153a,0x0000153c,0x0004007c,0x00000025,0x0000153e,
	0x0000153d,0x000600a9,0x00000025,0x0000153f,0x00001537,0x0000153e,0x000000fb,0x0004007c,
	0x00000006,0x000014eb,0x0000153f,0x000200f9,0x000014ec,0x000200f8,0x000014ec,0x000700f5,
	0x00000006,0x00001a69,0x00001a63,0x000014e4,0x000014eb,0x00001535,0x000200f9,0x000014ed,
	0x000200f8,0x000014da,0x000500c2,0x00000006,0x000014dc,0x00001a63,0x000001a1,0x000500c2,
	0x00000006,0x000014df,0x000014dc,0x000000c3,0x00050080,0x00000006,0x000014e0,0x000014dc,
	0x000014df,0x00040070,0x00000025,0x000014e1,0x000014e0,0x00050085,0x00000025,0x000014e2,
	0x000014e1,0x00000458,0x0004007c,0x00000006,0x000014e3,0x000014e2,0x000200f9,0x000014ed,
	0x000200f8,0x000014ed,0x000700f5,0x00000006,0x00001a68,0x000014e3,0x000014da,0x00001a69,
	0x000014ec,0x0004003d,0x00000475,0x000014a9,0x00000477,0x00040063,0x000014a9,0x0000149f,
	0x00001a68,0x000200f9,0x000014ac,0x000200f8,0x000014ac,0x00050041,0x00000486,0x000014ad,
	0x00000485,0x0000049d,0x0004003d,0x00000006,0x000014ae,0x000014ad,0x000500c2,0x00000006,
	0x000014af,0x000014ae,0x000004a0,0x000500c7,0x00000006,0x000014b0,0x000014af,0x00000095,
	0x000500ab,0x000000db,0x000014b1,0x000014b0,0x00000098,0x000300f7,0x000014c8,0x00000000,
	0x000400fa,0x000014b1,0x000014b2,0x000014c8,0x000200f8,0x000014b2,0x0004003d,0x00000475,
	0x000014b3,0x000004a7,0x00040068,0x00000007,0x000014b4,0x000014b3,0x0003003e,0x00001489,
	0x000014b4,0x00050041,0x00000009,0x000014b5,0x00001489,0x00000098,0x0004003d,0x00000006,
	0x000014b6,0x000014b5,0x00050041,0x00000009,0x000014b7,0x00001484,0x00000098,0x0003003e,
	0x000014b7,0x000014b6,0x00050041,0x00000009,0x000014b8,0x00001489,0x00000095,0x0004003d,
	0x00000006,0x000014b9,0x000014b8,0x00050041,0x00000009,0x000014ba,0x00001484,0x00000095,
	0x0003003e,0x000014ba,0x000014b9,0x0004003d,0x00000007,0x000014bc,0x00001484,0x000500b0,
	0x0000048d,0x000014bd,0x0000149f,0x000014bc,0x0004009b,0x000000db,0x000014be,0x000014bd,
	0x000300f7,0x000014c7,0x00000000,0x000400fa,0x000014be,0x000014bf,0x000014c7,0x000200f8,
	0x000014bf,0x00050041,0x00000486,0x000014c1,0x00000485,0x0000049d,0x0004003d,0x00000006,
	0x000014c2,0x000014c1,0x000500c7,0x00000006,0x00001549,0x000014c2,0x0000012d,0x000500aa,
	0x000000db,0x00001569,0x00001549,0x00000095,0x000300f7,0x0000158d,0x00000000,0x000400fa,
	0x00001569,0x0000156a,0x00001572,0x000200f8,0x00001572,0x000500aa,0x000000db,0x00001574,
	0x00001549,0x000001a5,0x000300f7,0x0000158c,0x00000000,0x000400fa,0x00001574,0x00001575,
	0x00001582,0x000200f8,0x00001582,0x000500aa,0x000000db,0x00001584,0x00001549,0x000000b2,
	0x000300f7,0x0000158b,0x00000000,0x000400fa,0x00001584,0x00001585,0x0000158b,0x000200f8,
	0x00001585,0x000500c4,0x00000006,0x00001587,0x00001a58,0x0000011c,0x000500c2,0x00000006,
	0x00001589,0x00001a58,0x0000011c,0x000500c5,0x00000006,0x0000158a,0x00001587,0x00001589,
	0x000200f9,0x0000158b,0x000200f8,0x0000158b,0x000700f5,0x00000006,0x00001a6c,0x00001a58,
	0x00001582,0x0000158a,0x00001585,0x000200f9,0x0000158c,0x000200f8,0x00001575,0x000500c7,
	0x00000006,0x00001577,0x00001a58,0x0000041b,0x000500c4,0x00000006,0x00001578,0x00001577,
	0x000001a1,0x000500c7,0x00000006,0x0000157a,0x00001a58,0x0000041f,0x000500c2,0x00000006,
	0x0000157b,0x0000157a,0x000001a1,0x000500c5,0x00000006,0x0000157c,0x00001578,0x0000157b,
	0x000500c4,0x00000006,0x0000157e,0x0000157c,0x0000011c,0x000500c2,0x00000006,0x00001580,
	0x0000157c,0x0000011c,0x000500c5,0x00000006,0x00001581,0x0000157e,0x00001580,0x000200f9,
	0x0000158c,0x000200f8,0x0000158c,0x000700f5,0x00000006,0x00001a6b,0x00001581,0x00001575,
	0x00001a6c,0x0000158b,0x000200f9,0x0000158d,0x000200f8,0x0000156a,0x000500c7,0x00000006,
	0x0000156c,0x00001a58,0x0000041b,0x000500c4,0x00000006,0x0000156d,0x0000156c,0x000001a1,
	0x000500c7,0x00000006,0x0000156f,0x00001a58,0x0000041f,0x000500c2,0x00000006,0x00001570,
	0x0000156f,0x000001a1,0x000500c5,0x00000006,0x00001571,0x0000156d,0x00001570,0x000200f9,
	0x0000158d,0x000200f8,0x0000158d,0x000700f5,0x00000006,0x00001a6a,0x00001571,0x0000156a,
	0x00001a6b,0x0000158c,0x000500c2,0x00000006,0x0000154d,0x000014c2,0x000000b2,0x000500c7,
	0x00000006,0x0000154e,0x0000154d,0x000000b2,0x000500aa,0x000000db,0x00001550,0x0000154e,
	0x00000095,0x000300f7,0x00001564,0x00000000,0x000400fa,0x00001550,0x00001551,0x0000155b,
	0x000200f8,0x0000155b,0x000500aa,0x000000db,0x0000155d,0x0000154e,0x000001a5,0x000300f7,
	0x00001563,0x00000000,0x000400fa,0x0000155d,0x0000155e,0x00001563,0x000200f8,0x0000155e,
	0x000500c2,0x00000006,0x00001560,0x00001a6a,0x000001a1,0x000500c7,0x00000006,0x00001595,
	0x00001560,0x000000cf,0x000500c7,0x00000006,0x00001597,0x00001560,0x000000d4,0x000500c2,
	0x00000006,0x00001599,0x00001595,0x000000d8,0x000500aa,0x000000db,0x0000159b,0x00001599,
	0x00000098,0x000500ab,0x000000db,0x0000159d,0x00001597,0x00000098,0x000500a7,0x000000db,
	0x0000159e,0x0000159b,0x0000159d,0x000300f7,0x000015ac,0x00000000,0x000400fa,0x0000159e,
	0x0000159f,0x000015ac,0x000200f8,0x0000159f,0x0006000c,0x00000006,0x000015a1,0x00000001,
	0x0000004b,0x00001597,0x00050082,0x00000006,0x000015a3,0x000000d8,0x000015a1,0x0004007c,
	0x0000005e,0x000015a5,0x000015a3,0x00050082,0x0000005e,0x000015a6,0x000000e8,0x000015a5,
	0x0004007c,0x00000006,0x000015a7,0x000015a6,0x000500c4,0x00000006,0x000015aa,0x00001597,
	0x000015a3,0x000500c7,0x00000006,0x000015ab,0x000015aa,0x000000d4,0x000200f9,0x000015ac,
	0x000200f8,0x000015ac,0x000700f5,0x00000006,0x00001a6e,0x00001597,0x0000155e,0x000015ab,
	0x0000159f,0x000700f5,0x00000006,0x00001a6d,0x00001599,0x0000155e,0x000015a7,0x0000159f,
	0x000500ab,0x000000db,0x000015ae,0x00001595,0x00000098,0x00050080,0x00000006,0x000015b0,
	0x00001a6d,0x000000f4,0x000500c4,0x00000006,0x000015b1,0x000015b0,0x000000c3,0x000500c4,
	0x00000006,0x000015b3,0x00001a6e,0x000000b2,0x000500c5,0x00000006,0x000015b4,0x000015b1,
	0x000015b3,0x0004007c,0x00000025,0x000015b5,0x000015b4,0x000600a9,0x00000025,0x000015b6,
	0x000015ae,0x000015b5,0x000000fb,0x0004007c,0x00000006,0x00001562,0x000015b6,0x000200f9,
	0x00001563,0x000200f8,0x00001563,0x000700f5,0x00000006,0x00001a70,0x00001a6a,0x0000155b,
	0x00001562,0x000015ac,0x000200f9,0x00001564,0x000200f8,0x00001551,0x000500c2,0x00000006,
	0x00001553,0x00001a6a,0x000001a1,0x000500c2,0x00000006,0x00001556,0x00001553,0x000000c3,
	0x00050080,0x00000006,0x00001557,0x00001553,0x00001556,0x00040070,0x00000025,0x00001558,
	0x00001557,0x00050085,0x00000025,0x00001559,0x00001558,0x00000458,0x0004007c,0x00000006,
	0x0000155a,0x00001559,0x000200f9,0x00001564,0x000200f8,0x00001564,0x000700f5,0x00000006,
	0x00001a6f,0x0000155a,0x00001551,0x00001a70,0x00001563,0x0004003d,0x00000475,0x000014c4,
	0x000004a7,0x00040063,0x000014c4,0x0000149f,0x00001a6f,0x000200f9,0x000014c7,0x000200f8,
	0x000014c7,0x000200f9,0x000014c8,0x000200f8,0x000014c8,0x000200f9,0x000007ad,0x000200f8,
	0x000007ad,0x000200f9,0x000007ae,0x000200f8,0x000007ae,0x000100fd,0x00010038
};
