	// 1116.5.0
	 #pragma once
const uint32_t fh1_native_resolve_image_color_cs[] = {
	0x07230203,0x00010000,0x0008000b,0x00001be1,0x00000000,0x00020011,0x00000001,0x00020011,
	0x00000032,0x0006000b,0x00000001,0x4c534c47,0x6474732e,0x3035342e,0x00000000,0x0003000e,
	0x00000000,0x00000001,0x0006000f,0x00000005,0x00000004,0x6e69616d,0x00000000,0x0000066a,
	0x00060010,0x00000004,0x00000011,0x00000008,0x00000008,0x00000001,0x00030003,0x00000005,
	0x000001f4,0x00040005,0x00000004,0x6e69616d,0x00000000,0x00070005,0x00000374,0x5f316866,
	0x72756f73,0x635f6563,0x726f6c6f,0x00000000,0x00050005,0x00000483,0x5f316866,0x6f6d656d,
	0x00007972,0x00050006,0x00000483,0x00000000,0x74616440,0x00000061,0x00050005,0x00000485,
	0x5f316866,0x6f6d656d,0x00007972,0x00050005,0x0000048d,0x5f316866,0x67616d69,0x00000065,
	0x000a0005,0x00000499,0x4e316846,0x76697461,0x73655265,0x65766c6f,0x6f6d654d,0x6f437972,
	0x6174736e,0x0073746e,0x00070006,0x00000499,0x00000000,0x5f316866,0x74636572,0x69726f5f,
	0x006e6967,0x00070006,0x00000499,0x00000001,0x5f316866,0x74636572,0x7a69735f,0x00000065,
	0x00080006,0x00000499,0x00000002,0x5f316866,0x6f736572,0x5f65766c,0x6f79616c,0x00007475,
	0x00080006,0x00000499,0x00000003,0x5f316866,0x656e776f,0x616c5f72,0x74756f79,0x00000000,
	0x00080006,0x00000499,0x00000004,0x5f316866,0x706d6173,0x735f656c,0x63656c65,0x00000074,
	0x00070006,0x00000499,0x00000005,0x5f316866,0x74736564,0x666e695f,0x0000006f,0x00070006,
	0x00000499,0x00000006,0x5f316866,0x74736564,0x7361625f,0x00000065,0x00070006,0x00000499,
	0x00000007,0x5f316866,0x74736564,0x7469705f,0x00006863,0x00070006,0x00000499,0x00000008,
	0x5f316866,0x67616d69,0x6f725f65,0x00000077,0x00080006,0x00000499,0x00000009,0x5f316866,
	0x67616d69,0x6e655f65,0x6e616964,0x00000000,0x00080006,0x00000499,0x0000000a,0x5f316866,
	0x67616d69,0x655f3265,0x6169646e,0x0000006e,0x00030005,0x0000049b,0x00000000,0x00050005,
	0x000004bd,0x5f316866,0x67616d69,0x00003265,0x00040005,0x0000066a,0x65726874,0x00006461,
	0x00040047,0x00000374,0x00000021,0x00000010,0x00040047,0x00000374,0x00000022,0x00000000,
	0x00040047,0x00000482,0x00000006,0x00000004,0x00030047,0x00000483,0x00000003,0x00050048,
	0x00000483,0x00000000,0x00000023,0x00000000,0x00040047,0x00000485,0x00000021,0x00000020,
	0x00040047,0x00000485,0x00000022,0x00000000,0x00040047,0x0000048d,0x00000021,0x00000021,
	0x00040047,0x0000048d,0x00000022,0x00000000,0x00030047,0x00000499,0x00000002,0x00050048,
	0x00000499,0x00000000,0x00000023,0x00000000,0x00050048,0x00000499,0x00000001,0x00000023,
	0x00000004,0x00050048,0x00000499,0x00000002,0x00000023,0x00000008,0x00050048,0x00000499,
	0x00000003,0x00000023,0x0000000c,0x00050048,0x00000499,0x00000004,0x00000023,0x00000010,
	0x00050048,0x00000499,0x00000005,0x00000023,0x00000014,0x00050048,0x00000499,0x00000006,
	0x00000023,0x00000018,0x00050048,0x00000499,0x00000007,0x00000023,0x0000001c,0x00050048,
	0x00000499,0x00000008,0x00000023,0x00000020,0x00050048,0x00000499,0x00000009,0x00000023,
	0x00000024,0x00050048,0x00000499,0x0000000a,0x00000023,0x00000028,0x00040047,0x000004bd,
	0x00000021,0x00000022,0x00040047,0x000004bd,0x00000022,0x00000000,0x00040047,0x0000066a,
	0x0000000b,0x0000001c,0x00020013,0x00000002,0x00030021,0x00000003,0x00000002,0x00040015,
	0x00000006,0x00000020,0x00000000,0x00040017,0x00000007,0x00000006,0x00000002,0x00040020,
	0x00000008,0x00000007,0x00000007,0x00040020,0x00000009,0x00000007,0x00000006,0x00030016,
	0x00000025,0x00000020,0x00040020,0x0000002a,0x00000007,0x00000025,0x00040017,0x0000003e,
	0x00000025,0x00000004,0x00040020,0x0000003f,0x00000007,0x0000003e,0x00040015,0x0000005e,
	0x00000020,0x00000001,0x00040017,0x0000008a,0x00000006,0x00000003,0x0004002b,0x00000025,
	0x00000092,0x42000000,0x0004002b,0x00000006,0x00000095,0x00000001,0x0004002b,0x00000006,
	0x00000097,0x00000000,0x0005002c,0x00000007,0x0000009a,0x00000097,0x00000097,0x0004002b,
	0x00000006,0x000000a5,0x000007ff,0x0004002b,0x00000006,0x000000aa,0x0000000b,0x0004002b,
	0x00000006,0x000000ac,0x000000ff,0x0004002b,0x00000006,0x000000b1,0x00000013,0x0004002b,
	0x00000006,0x000000b3,0x00000003,0x0004002b,0x00000006,0x000000b8,0x00000015,0x0004002b,
	0x00000006,0x000000be,0x00000016,0x0004002b,0x00000006,0x000000c4,0x00000017,0x0004002b,
	0x00000006,0x000000c6,0x0000000f,0x0004002b,0x00000006,0x000000cd,0x00000007,0x0004002b,
	0x00000006,0x000000d1,0x00ffffff,0x0004002b,0x00000006,0x000000d6,0x000fffff,0x0004002b,
	0x00000006,0x000000da,0x00000014,0x00020014,0x000000dd,0x0004002b,0x00000006,0x000000e5,
	0x0000001f,0x0004002b,0x0000005e,0x000000ea,0x00000001,0x0004002b,0x00000006,0x000000f6,
	0x00000070,0x0004002b,0x00000025,0x000000fd,0x00000000,0x0004002b,0x00000025,0x00000103,
	0x41ff0000,0x0004002b,0x00000006,0x00000108,0x3e800000,0x0004002b,0x00000006,0x0000010a,
	0x00800000,0x0004002b,0x00000006,0x0000010c,0x007fffff,0x0004002b,0x00000006,0x0000010f,
	0x0000007d,0x0004002b,0x00000006,0x00000113,0x00000018,0x0004002b,0x00000006,0x00000117,
	0xc2000000,0x0004002b,0x00000006,0x0000011b,0x00007fff,0x0004002b,0x00000006,0x0000011e,
	0x00000010,0x0004002b,0x00000006,0x00000123,0x000003ff,0x0004002b,0x00000006,0x0000012b,
	0x0000007f,0x0004002b,0x00000006,0x00000147,0x0000007c,0x0004002b,0x00000025,0x00000152,
	0x3f800000,0x0004002b,0x00000025,0x00000155,0x3e002008,0x0004002b,0x00000025,0x0000015a,
	0x3f002008,0x0004002b,0x00000025,0x0000015f,0x42ffc000,0x0004002b,0x00000025,0x00000161,
	0x3f008081,0x0004002b,0x00000025,0x00000163,0x437fc000,0x0004002b,0x00000025,0x00000164,
	0x3e808081,0x0004002b,0x00000025,0x00000167,0x3d802008,0x0004002b,0x00000025,0x0000016b,
	0x43ffc000,0x0004002b,0x00000025,0x0000016c,0x3e008081,0x0004002b,0x00000025,0x0000016e,
	0x447fc000,0x0004002b,0x00000025,0x00000173,0x3b808081,0x0004002b,0x0000005e,0x0000017c,
	0x00000010,0x0004002b,0x00000025,0x0000017f,0x38000100,0x0004002b,0x00000025,0x00000181,
	0xbf800000,0x0004002b,0x00000025,0x0000018b,0x3f000000,0x0004002b,0x00000025,0x00000197,
	0x437f0000,0x0004002b,0x00000006,0x000001a2,0x00000008,0x0004002b,0x00000006,0x000001a6,
	0x00000002,0x0004002b,0x00000006,0x000001bf,0x0000000a,0x0004002b,0x00000025,0x000001c9,
	0x40400000,0x0004002b,0x00000006,0x000001cf,0x0000001e,0x00040017,0x00000217,0x00000025,
	0x00000003,0x0004002b,0x00000025,0x00000219,0x3a802008,0x0004002b,0x00000025,0x0000021e,
	0x3eaaaaab,0x00040017,0x00000244,0x00000025,0x00000002,0x0007002c,0x0000003e,0x0000024d,
	0x000000fd,0x000000fd,0x000000fd,0x000000fd,0x0004002b,0x00000006,0x000002a9,0x00000004,
	0x0004002b,0x00000006,0x000002e7,0x00000050,0x0004002b,0x00000006,0x00000324,0x00000028,
	0x00040017,0x00000348,0x0000005e,0x00000002,0x00090019,0x00000372,0x00000025,0x00000001,
	0x00000000,0x00000000,0x00000000,0x00000001,0x00000000,0x00040020,0x00000373,0x00000000,
	0x00000372,0x0004003b,0x00000373,0x00000374,0x00000000,0x0004002b,0x0000005e,0x00000377,
	0x00000000,0x00040017,0x00000378,0x0000005e,0x00000003,0x0004002b,0x00000006,0x000003ab,
	0xffffffe0,0x0004002b,0x0000005e,0x000003af,0x00000005,0x0004002b,0x0000005e,0x000003bd,
	0x00000007,0x0004002b,0x0000005e,0x000003c0,0x0000000e,0x0004002b,0x0000005e,0x000003c2,
	0x00000002,0x0004002b,0x0000005e,0x000003ca,0xfffffff0,0x0004002b,0x0000005e,0x000003cf,
	0x0000000f,0x0004002b,0x0000005e,0x000003d4,0x00000004,0x0004002b,0x0000005e,0x000003d8,
	0xfffffe00,0x0004002b,0x0000005e,0x000003da,0x00000003,0x0004002b,0x0000005e,0x000003e1,
	0x000001c0,0x0004002b,0x0000005e,0x000003e6,0x00000008,0x0004002b,0x0000005e,0x000003ed,
	0x00000006,0x0004002b,0x0000005e,0x000003f1,0x0000003f,0x0004002b,0x00000006,0x00000417,
	0xfffffff0,0x0004002b,0x00000006,0x00000432,0x00ff00ff,0x0004002b,0x00000006,0x00000436,
	0xff00ff00,0x0004002b,0x00000025,0x0000046f,0x33800000,0x0003001d,0x00000482,0x00000006,
	0x0003001e,0x00000483,0x00000482,0x00040020,0x00000484,0x00000002,0x00000483,0x0004003b,
	0x00000484,0x00000485,0x00000002,0x00040020,0x00000488,0x00000002,0x00000006,0x00090019,
	0x0000048b,0x00000006,0x00000001,0x00000000,0x00000000,0x00000000,0x00000002,0x00000021,
	0x00040020,0x0000048c,0x00000000,0x0000048b,0x0004003b,0x0000048c,0x0000048d,0x00000000,
	0x000d001e,0x00000499,0x00000006,0x00000006,0x00000006,0x00000006,0x00000006,0x00000006,
	0x00000006,0x00000006,0x00000006,0x00000006,0x00000006,0x00040020,0x0000049a,0x00000009,
	0x00000499,0x0004003b,0x0000049a,0x0000049b,0x00000009,0x00040020,0x0000049c,0x00000009,
	0x00000006,0x00040017,0x000004a3,0x000000dd,0x00000002,0x0004002b,0x0000005e,0x000004a9,
	0x00000009,0x0004002b,0x0000005e,0x000004b3,0x0000000a,0x0004002b,0x00000006,0x000004b6,
	0x00000005,0x0004003b,0x0000048c,0x000004bd,0x00000000,0x0004002b,0x00000006,0x000004df,
	0x00000012,0x0004002b,0x00000006,0x0000051d,0x0000ffff,0x0004002b,0x0000005e,0x000005e2,
	0x00000018,0x0004002b,0x0000005e,0x000005e4,0x0000007f,0x0004002b,0x00000006,0x000005ee,
	0x00000006,0x00040020,0x00000669,0x00000001,0x0000008a,0x0004003b,0x00000669,0x0000066a,
	0x00000001,0x00050036,0x00000002,0x00000004,0x00000000,0x00000003,0x000200f8,0x00000005,
	0x0004003b,0x00000008,0x00001895,0x00000007,0x0004003b,0x00000008,0x00001896,0x00000007,
	0x0004003b,0x00000008,0x0000189b,0x00000007,0x0004003b,0x00000008,0x00001737,0x00000007,
	0x0004003b,0x00000008,0x00001738,0x00000007,0x0004003b,0x00000008,0x0000173d,0x00000007,
	0x0004003b,0x00000008,0x000014df,0x00000007,0x0004003b,0x00000008,0x000014e0,0x00000007,
	0x0004003b,0x00000008,0x000014e5,0x00000007,0x0004003b,0x0000003f,0x00000fec,0x00000007,
	0x0004003b,0x0000003f,0x00000ff2,0x00000007,0x0004003b,0x00000008,0x00000fa7,0x00000007,
	0x0004003b,0x0000003f,0x00000d21,0x00000007,0x0004003b,0x0000003f,0x00000d27,0x00000007,
	0x0004003b,0x00000008,0x00000cdc,0x00000007,0x0004003b,0x00000008,0x00000cbf,0x00000007,
	0x0004003b,0x00000008,0x00000b7d,0x00000007,0x0004003b,0x00000008,0x00000b7e,0x00000007,
	0x0004003b,0x00000008,0x00000b83,0x00000007,0x0004003b,0x0000003f,0x000008d4,0x00000007,
	0x0004003b,0x0000003f,0x000008da,0x00000007,0x0004003b,0x00000008,0x0000088f,0x00000007,
	0x0004003b,0x00000008,0x0000068b,0x00000007,0x0004003b,0x00000008,0x00000695,0x00000007,
	0x0004003b,0x00000008,0x00000696,0x00000007,0x0004003b,0x0000003f,0x000006a9,0x00000007,
	0x0004003b,0x0000003f,0x000006b1,0x00000007,0x0004003b,0x0000003f,0x000006b8,0x00000007,
	0x0004003b,0x00000008,0x000006c4,0x00000007,0x0004003d,0x0000008a,0x0000066b,0x0000066a,
	0x000300f7,0x000007ce,0x00000000,0x000300fb,0x00000097,0x000006cf,0x000200f8,0x000006cf,
	0x00050041,0x0000049c,0x000006d0,0x0000049b,0x000000ea,0x0004003d,0x00000006,0x000006d1,
	0x000006d0,0x000500c7,0x00000006,0x000006d2,0x000006d1,0x0000051d,0x00050041,0x0000049c,
	0x000006d3,0x0000049b,0x000000ea,0x0004003d,0x00000006,0x000006d4,0x000006d3,0x000500c2,
	0x00000006,0x000006d5,0x000006d4,0x0000011e,0x00050050,0x00000007,0x000006d6,0x000006d2,
	0x000006d5,0x0007004f,0x00000007,0x000006d8,0x0000066b,0x0000066b,0x00000000,0x00000001,
	0x000500ae,0x000004a3,0x000006da,0x000006d8,0x000006d6,0x0004009a,0x000000dd,0x000006db,
	0x000006da,0x000300f7,0x000006dd,0x00000000,0x000400fa,0x000006db,0x000006dc,0x000006dd,
	0x000200f8,0x000006dc,0x000200f9,0x000007ce,0x000200f8,0x000006dd,0x00050041,0x0000049c,
	0x000006de,0x0000049b,0x00000377,0x0004003d,0x00000006,0x000006df,0x000006de,0x000500c7,
	0x00000006,0x000006e0,0x000006df,0x0000051d,0x00050041,0x0000049c,0x000006e1,0x0000049b,
	0x00000377,0x0004003d,0x00000006,0x000006e2,0x000006e1,0x000500c2,0x00000006,0x000006e3,
	0x000006e2,0x0000011e,0x00050050,0x00000007,0x000006e4,0x000006e0,0x000006e3,0x0007004f,
	0x00000007,0x000006e6,0x0000066b,0x0000066b,0x00000000,0x00000001,0x00050080,0x00000007,
	0x000006e7,0x000006e4,0x000006e6,0x0003003e,0x0000068b,0x000006e7,0x00050041,0x0000049c,
	0x000006e9,0x0000049b,0x000003af,0x0004003d,0x00000006,0x000006ea,0x000006e9,0x000500c2,
	0x00000006,0x000006eb,0x000006ea,0x000000b1,0x000500c7,0x00000006,0x000006ec,0x000006eb,
	0x00000095,0x000500ab,0x000000dd,0x000006ed,0x000006ec,0x00000097,0x000600a9,0x00000025,
	0x000006ee,0x000006ed,0x00000092,0x00000152,0x00050041,0x0000049c,0x000006ef,0x0000049b,
	0x000003af,0x0004003d,0x00000006,0x000006f0,0x000006ef,0x000500c2,0x00000006,0x000006f1,
	0x000006f0,0x000000da,0x000500c7,0x00000006,0x000006f2,0x000006f1,0x000000b3,0x00050080,
	0x00000006,0x000006f3,0x000006f2,0x00000095,0x00050041,0x0000049c,0x000006f4,0x0000049b,
	0x000003af,0x0004003d,0x00000006,0x000006f5,0x000006f4,0x000500c2,0x00000006,0x000006f6,
	0x000006f5,0x000000be,0x000500c7,0x00000006,0x000006f7,0x000006f6,0x00000095,0x000500ab,
	0x000000dd,0x000006f8,0x000006f7,0x00000097,0x000300f7,0x00000701,0x00000000,0x000400fa,
	0x000006f8,0x000006fa,0x000006fc,0x000200f8,0x000006fc,0x0004003d,0x00000007,0x000006fd,
	0x0000068b,0x00050050,0x00000007,0x000007d3,0x000006f3,0x000006f3,0x00050089,0x00000007,
	0x000007d4,0x000006fd,0x000007d3,0x00050050,0x00000007,0x000007d7,0x000006f3,0x000006f3,
	0x00050086,0x00000007,0x000007d8,0x000006fd,0x000007d7,0x0003003e,0x0000068b,0x000007d8,
	0x000200f9,0x00000701,0x000200f8,0x000006fa,0x000200f9,0x00000701,0x000200f8,0x00000701,
	0x000700f5,0x00000007,0x00001a6d,0x0000009a,0x000006fa,0x000007d4,0x000006fc,0x00050041,
	0x0000049c,0x00000702,0x0000049b,0x000003af,0x0004003d,0x00000006,0x00000703,0x00000702,
	0x000500c7,0x00000006,0x00000704,0x00000703,0x000000cd,0x00050041,0x0000049c,0x00000705,
	0x0000049b,0x000003af,0x0004003d,0x00000006,0x00000706,0x00000705,0x000500c2,0x00000006,
	0x00000707,0x00000706,0x000000b3,0x000500c7,0x00000006,0x00000708,0x00000707,0x000000cd,
	0x00050041,0x0000049c,0x00000709,0x0000049b,0x000003af,0x0004003d,0x00000006,0x0000070a,
	0x00000709,0x000500c2,0x00000006,0x0000070b,0x0000070a,0x0000011e,0x000500c7,0x00000006,
	0x0000070c,0x0000070b,0x000000b3,0x000500ac,0x000000dd,0x0000070e,0x000006f3,0x00000095,
	0x000400a8,0x000000dd,0x00000710,0x000006f8,0x000500a7,0x000000dd,0x00000711,0x0000070e,
	0x00000710,0x000300f7,0x00000730,0x00000002,0x000400fa,0x00000711,0x00000712,0x00000721,
	0x000200f8,0x00000721,0x00050041,0x0000049c,0x00000722,0x0000049b,0x000003ed,0x0004003d,
	0x00000006,0x00000723,0x00000722,0x00050041,0x00000009,0x00000724,0x0000068b,0x00000097,
	0x0004003d,0x00000006,0x00000725,0x00000724,0x0004007c,0x0000005e,0x00000726,0x00000725,
	0x00050041,0x00000009,0x00000727,0x0000068b,0x00000095,0x0004003d,0x00000006,0x00000728,
	0x00000727,0x0004007c,0x0000005e,0x00000729,0x00000728,0x00050041,0x0000049c,0x0000072a,
	0x0000049b,0x000003bd,0x0004003d,0x00000006,0x0000072b,0x0000072a,0x00050080,0x00000006,
	0x00000854,0x0000072b,0x000000e5,0x000500c7,0x00000006,0x00000855,0x00000854,0x000003ab,
	0x000500c3,0x0000005e,0x00000857,0x00000726,0x000003af,0x000500c3,0x0000005e,0x00000859,
	0x00000729,0x000003af,0x000500c2,0x00000006,0x0000085b,0x00000855,0x000003af,0x0004007c,
	0x0000005e,0x0000085c,0x0000085b,0x00050084,0x0000005e,0x0000085d,0x00000859,0x0000085c,
	0x00050080,0x0000005e,0x0000085e,0x00000857,0x0000085d,0x00050080,0x00000006,0x00000860,
	0x0000070c,0x000000cd,0x000500c4,0x0000005e,0x00000861,0x0000085e,0x00000860,0x000500c7,
	0x0000005e,0x00000863,0x00000726,0x000003bd,0x000500c7,0x0000005e,0x00000865,0x00000729,
	0x000003c0,0x000500c4,0x0000005e,0x00000866,0x00000865,0x000003c2,0x00050080,0x0000005e,
	0x00000867,0x00000863,0x00000866,0x000500c4,0x0000005e,0x00000869,0x00000867,0x0000070c,
	0x000500c7,0x0000005e,0x0000086c,0x00000869,0x000003ca,0x000500c4,0x0000005e,0x0000086d,
	0x0000086c,0x000000ea,0x00050080,0x0000005e,0x0000086e,0x00000861,0x0000086d,0x000500c7,
	0x0000005e,0x00000870,0x00000869,0x000003cf,0x00050080,0x0000005e,0x00000871,0x0000086e,
	0x00000870,0x000500c7,0x0000005e,0x00000873,0x00000729,0x000000ea,0x000500c4,0x0000005e,
	0x00000874,0x00000873,0x000003d4,0x00050080,0x0000005e,0x00000875,0x00000871,0x00000874,
	0x000500c7,0x0000005e,0x00000877,0x00000875,0x000003d8,0x000500c4,0x0000005e,0x00000878,
	0x00000877,0x000003da,0x000500c7,0x0000005e,0x0000087a,0x00000729,0x0000017c,0x000500c4,
	0x0000005e,0x0000087b,0x0000087a,0x000003bd,0x00050080,0x0000005e,0x0000087c,0x00000878,
	0x0000087b,0x000500c7,0x0000005e,0x0000087e,0x00000875,0x000003e1,0x000500c4,0x0000005e,
	0x0000087f,0x0000087e,0x000003c2,0x00050080,0x0000005e,0x00000880,0x0000087c,0x0000087f,
	0x000500c7,0x0000005e,0x00000882,0x00000729,0x000003e6,0x000500c3,0x0000005e,0x00000883,
	0x00000882,0x000003c2,0x000500c3,0x0000005e,0x00000885,0x00000726,0x000003da,0x00050080,
	0x0000005e,0x00000886,0x00000883,0x00000885,0x000500c7,0x0000005e,0x00000887,0x00000886,
	0x000003da,0x000500c4,0x0000005e,0x00000888,0x00000887,0x000003ed,0x00050080,0x0000005e,
	0x00000889,0x00000880,0x00000888,0x000500c7,0x0000005e,0x0000088b,0x00000875,0x000003f1,
	0x00050080,0x0000005e,0x0000088c,0x00000889,0x0000088b,0x0004007c,0x00000006,0x0000072e,
	0x0000088c,0x00050080,0x00000006,0x0000072f,0x00000723,0x0000072e,0x000200f9,0x00000730,
	0x000200f8,0x00000712,0x00050041,0x0000049c,0x00000713,0x0000049b,0x000003ed,0x0004003d,
	0x00000006,0x00000714,0x00000713,0x00050084,0x00000006,0x00000716,0x00000714,0x000006f3,
	0x00050084,0x00000006,0x00000718,0x00000716,0x000006f3,0x0004003d,0x00000007,0x00000719,
	0x0000068b,0x0003003e,0x00000695,0x00000719,0x0003003e,0x00000696,0x00001a6d,0x00050041,
	0x0000049c,0x0000071b,0x0000049b,0x000003bd,0x0004003d,0x00000006,0x0000071c,0x0000071b,
	0x00050041,0x00000009,0x000007e3,0x00000695,0x00000097,0x0004003d,0x00000006,0x000007e4,
	0x000007e3,0x0004007c,0x0000005e,0x000007e5,0x000007e4,0x00050041,0x00000009,0x000007e6,
	0x00000695,0x00000095,0x0004003d,0x00000006,0x000007e7,0x000007e6,0x0004007c,0x0000005e,
	0x000007e8,0x000007e7,0x00050080,0x00000006,0x00000815,0x0000071c,0x000000e5,0x000500c7,
	0x00000006,0x00000816,0x00000815,0x000003ab,0x000500c3,0x0000005e,0x00000818,0x000007e5,
	0x000003af,0x000500c3,0x0000005e,0x0000081a,0x000007e8,0x000003af,0x000500c2,0x00000006,
	0x0000081c,0x00000816,0x000003af,0x0004007c,0x0000005e,0x0000081d,0x0000081c,0x00050084,
	0x0000005e,0x0000081e,0x0000081a,0x0000081d,0x00050080,0x0000005e,0x0000081f,0x00000818,
	0x0000081e,0x00050080,0x00000006,0x00000821,0x0000070c,0x000000cd,0x000500c4,0x0000005e,
	0x00000822,0x0000081f,0x00000821,0x000500c7,0x0000005e,0x00000824,0x000007e5,0x000003bd,
	0x000500c7,0x0000005e,0x00000826,0x000007e8,0x000003c0,0x000500c4,0x0000005e,0x00000827,
	0x00000826,0x000003c2,0x00050080,0x0000005e,0x00000828,0x00000824,0x00000827,0x000500c4,
	0x0000005e,0x0000082a,0x00000828,0x0000070c,0x000500c7,0x0000005e,0x0000082d,0x0000082a,
	0x000003ca,0x000500c4,0x0000005e,0x0000082e,0x0000082d,0x000000ea,0x00050080,0x0000005e,
	0x0000082f,0x00000822,0x0000082e,0x000500c7,0x0000005e,0x00000831,0x0000082a,0x000003cf,
	0x00050080,0x0000005e,0x00000832,0x0000082f,0x00000831,0x000500c7,0x0000005e,0x00000834,
	0x000007e8,0x000000ea,0x000500c4,0x0000005e,0x00000835,0x00000834,0x000003d4,0x00050080,
	0x0000005e,0x00000836,0x00000832,0x00000835,0x000500c7,0x0000005e,0x00000838,0x00000836,
	0x000003d8,0x000500c4,0x0000005e,0x00000839,0x00000838,0x000003da,0x000500c7,0x0000005e,
	0x0000083b,0x000007e8,0x0000017c,0x000500c4,0x0000005e,0x0000083c,0x0000083b,0x000003bd,
	0x00050080,0x0000005e,0x0000083d,0x00000839,0x0000083c,0x000500c7,0x0000005e,0x0000083f,
	0x00000836,0x000003e1,0x000500c4,0x0000005e,0x00000840,0x0000083f,0x000003c2,0x00050080,
	0x0000005e,0x00000841,0x0000083d,0x00000840,0x000500c7,0x0000005e,0x00000843,0x000007e8,
	0x000003e6,0x000500c3,0x0000005e,0x00000844,0x00000843,0x000003c2,0x000500c3,0x0000005e,
	0x00000846,0x000007e5,0x000003da,0x00050080,0x0000005e,0x00000847,0x00000844,0x00000846,
	0x000500c7,0x0000005e,0x00000848,0x00000847,0x000003da,0x000500c4,0x0000005e,0x00000849,
	0x00000848,0x000003ed,0x00050080,0x0000005e,0x0000084a,0x00000841,0x00000849,0x000500c7,
	0x0000005e,0x0000084c,0x00000836,0x000003f1,0x00050080,0x0000005e,0x0000084d,0x0000084a,
	0x0000084c,0x0004007c,0x00000006,0x000007ec,0x0000084d,0x000500c2,0x00000006,0x000007ee,
	0x0000011e,0x0000070c,0x000500c7,0x00000006,0x000007f0,0x000007ec,0x000000c6,0x000500c2,
	0x00000006,0x000007f2,0x000007f0,0x0000070c,0x00050084,0x00000006,0x000007f4,0x000007f2,
	0x000006f3,0x00050041,0x00000009,0x000007f5,0x00000696,0x00000097,0x0004003d,0x00000006,
	0x000007f6,0x000007f5,0x00050080,0x00000006,0x000007f7,0x000007f4,0x000007f6,0x00050086,
	0x00000006,0x000007fa,0x000007f7,0x000007ee,0x000500c7,0x00000006,0x000007fc,0x000007ec,
	0x00000417,0x00050084,0x00000006,0x000007fe,0x000007fc,0x000006f3,0x00050084,0x00000006,
	0x00000800,0x000007fe,0x000006f3,0x00050084,0x00000006,0x00000803,0x000007fa,0x000006f3,
	0x00050041,0x00000009,0x00000804,0x00000696,0x00000095,0x0004003d,0x00000006,0x00000805,
	0x00000804,0x00050080,0x00000006,0x00000806,0x00000803,0x00000805,0x000500c4,0x00000006,
	0x00000807,0x00000806,0x000002a9,0x00050080,0x00000006,0x00000808,0x00000800,0x00000807,
	0x00050089,0x00000006,0x0000080b,0x000007f7,0x000007ee,0x000500c4,0x00000006,0x0000080d,
	0x0000080b,0x0000070c,0x00050080,0x00000006,0x0000080e,0x00000808,0x0000080d,0x00050080,
	0x00000006,0x00000720,0x00000718,0x0000080e,0x000200f9,0x00000730,0x000200f8,0x00000730,
	0x000700f5,0x00000006,0x00001a74,0x00000720,0x00000712,0x0000072f,0x00000721,0x00050041,
	0x0000049c,0x00000731,0x0000049b,0x000003d4,0x0004003d,0x00000006,0x00000732,0x00000731,
	0x000500c2,0x00000006,0x00000733,0x00000732,0x0000011e,0x00050041,0x0000049c,0x00000734,
	0x0000049b,0x000003d4,0x0004003d,0x00000006,0x00000735,0x00000734,0x000500c7,0x00000006,
	0x00000736,0x00000735,0x0000051d,0x000300f7,0x0000073d,0x00000000,0x000900fb,0x00000736,
	0x00000738,0x00000004,0x0000073a,0x00000005,0x0000073b,0x00000006,0x0000073c,0x000200f8,
	0x0000073c,0x000200f9,0x0000073d,0x000200f8,0x0000073b,0x000200f9,0x0000073d,0x000200f8,
	0x0000073a,0x000200f9,0x0000073d,0x000200f8,0x00000738,0x000200f9,0x0000073d,0x000200f8,
	0x0000073d,0x000b00f5,0x00000006,0x00001ace,0x00000736,0x00000738,0x00000097,0x0000073a,
	0x000001a6,0x0000073b,0x00000097,0x0000073c,0x000b00f5,0x00000006,0x00001a70,0x00000095,
	0x00000738,0x000001a6,0x0000073a,0x000001a6,0x0000073b,0x000002a9,0x0000073c,0x000500aa,
	0x000000dd,0x0000073f,0x00000704,0x000002a9,0x000300f7,0x00000749,0x00000000,0x000400fa,
	0x0000073f,0x00000740,0x00000749,0x000200f8,0x00000740,0x0004003d,0x00000007,0x00000741,
	0x0000068b,0x00050041,0x0000049c,0x00000896,0x0000049b,0x000003af,0x0004003d,0x00000006,
	0x00000897,0x00000896,0x000500c2,0x00000006,0x00000898,0x00000897,0x000000cd,0x000500c7,
	0x00000006,0x00000899,0x00000898,0x00000095,0x000500ab,0x000000dd,0x0000089a,0x00000899,
	0x00000097,0x000600a9,0x00000006,0x0000089b,0x0000089a,0x00000095,0x00000097,0x00050041,
	0x0000049c,0x0000089c,0x0000049b,0x000003af,0x0004003d,0x00000006,0x0000089d,0x0000089c,
	0x000500c2,0x00000006,0x0000089e,0x0000089d,0x000004df,0x000500c7,0x00000006,0x0000089f,
	0x0000089e,0x00000095,0x000500ab,0x000000dd,0x000008a0,0x0000089f,0x00000097,0x000600a9,
	0x00000006,0x000008a1,0x000008a0,0x000001a6,0x00000097,0x000500c5,0x00000006,0x000008a2,
	0x0000089b,0x000008a1,0x00050041,0x0000049c,0x000008a3,0x0000049b,0x000003c2,0x0004003d,
	0x00000006,0x000008a4,0x000008a3,0x0003003e,0x0000088f,0x00000741,0x00050041,0x0000049c,
	0x000008a8,0x0000049b,0x000003da,0x0004003d,0x00000006,0x000008a9,0x000008a8,0x000500c2,
	0x00000006,0x0000099b,0x000008a4,0x000000b1,0x000500c7,0x00000006,0x0000099c,0x0000099b,
	0x000000b3,0x000500ae,0x000000dd,0x000008e1,0x0000099c,0x000001a6,0x000600a9,0x00000006,
	0x000008e2,0x000008e1,0x00000095,0x00000097,0x000500ae,0x000000dd,0x000008e4,0x0000099c,
	0x00000095,0x000600a9,0x00000006,0x000008e5,0x000008e4,0x00000095,0x00000097,0x00050041,
	0x00000009,0x000008e6,0x0000088f,0x00000097,0x0004003d,0x00000006,0x000008e7,0x000008e6,
	0x000500c4,0x00000006,0x000008e9,0x000008e7,0x000008e2,0x000500ae,0x000000dd,0x000008eb,
	0x0000099c,0x000001a6,0x000500c7,0x00000006,0x000008ed,0x00001ace,0x00000095,0x000600a9,
	0x00000006,0x000008ee,0x000008eb,0x000008ed,0x00000097,0x00050080,0x00000006,0x000008ef,
	0x000008e9,0x000008ee,0x00050041,0x00000009,0x000008f0,0x0000088f,0x00000095,0x0004003d,
	0x00000006,0x000008f1,0x000008f0,0x000500c4,0x00000006,0x000008f3,0x000008f1,0x000008e5,
	0x000500ae,0x000000dd,0x000008f5,0x0000099c,0x000001a6,0x000500c2,0x00000006,0x000008f7,
	0x00001ace,0x00000095,0x000500aa,0x000000dd,0x000008f9,0x0000099c,0x00000095,0x000600a9,
	0x00000006,0x000008fb,0x000008f9,0x00001ace,0x00000097,0x000600a9,0x00000006,0x000008fc,
	0x000008f5,0x000008f7,0x000008fb,0x00050080,0x00000006,0x000008fd,0x000008f3,0x000008fc,
	0x000500c2,0x00000006,0x000009a0,0x000008a4,0x000000b8,0x000500c7,0x00000006,0x000009a1,
	0x000009a0,0x00000095,0x000500ab,0x000000dd,0x00000900,0x000009a1,0x00000097,0x00050084,
	0x00000006,0x00000902,0x000008ef,0x000001a6,0x000600a9,0x00000006,0x00000906,0x00000900,
	0x00000902,0x000008ef,0x00050086,0x00000006,0x00000908,0x00000906,0x000002e7,0x00050089,
	0x00000006,0x0000090a,0x00000906,0x000002e7,0x000500c2,0x00000006,0x0000090c,0x000008fd,
	0x000002a9,0x000500c7,0x00000006,0x0000090e,0x000008fd,0x000000c6,0x000500c7,0x00000006,
	0x000009a5,0x000008a4,0x000000a5,0x000500c2,0x00000006,0x000009a9,0x000008a4,0x000000aa,
	0x000500c7,0x00000006,0x000009aa,0x000009a9,0x000000ac,0x000500c2,0x00000006,0x000009ae,
	0x000008a4,0x000000b8,0x000500c7,0x00000006,0x000009af,0x000009ae,0x00000095,0x000500c4,
	0x00000006,0x00000916,0x000009aa,0x000009af,0x00050084,0x00000006,0x00000917,0x0000090c,
	0x00000916,0x00050080,0x00000006,0x00000918,0x000009a5,0x00000917,0x00050080,0x00000006,
	0x0000091a,0x00000918,0x00000908,0x000500c7,0x00000006,0x0000091b,0x0000091a,0x000000a5,
	0x000500c7,0x00000006,0x000009b3,0x000008a9,0x000000a5,0x00050082,0x00000006,0x0000091f,
	0x0000091b,0x000009b3,0x000500c7,0x00000006,0x00000920,0x0000091f,0x000000a5,0x000500c2,
	0x00000006,0x000009b7,0x000008a9,0x000000aa,0x000500c7,0x00000006,0x000009b8,0x000009b7,
	0x000000ac,0x000500c2,0x00000006,0x000009bc,0x000008a9,0x000000b8,0x000500c7,0x00000006,
	0x000009bd,0x000009bc,0x00000095,0x000500c4,0x00000006,0x00000925,0x000009b8,0x000009bd,
	0x00050089,0x00000006,0x00000928,0x00000920,0x00000925,0x00050086,0x00000006,0x0000092b,
	0x00000920,0x00000925,0x000500c2,0x00000006,0x000009c1,0x000008a9,0x000000be,0x000500c7,
	0x00000006,0x000009c2,0x000009c1,0x00000095,0x000500c2,0x00000006,0x000009c6,0x000008a4,
	0x000000be,0x000500c7,0x00000006,0x000009c7,0x000009c6,0x00000095,0x000500ab,0x000000dd,
	0x00000930,0x000009c2,0x000009c7,0x000300f7,0x00000935,0x00000000,0x000400fa,0x00000930,
	0x00000931,0x00000935,0x000200f8,0x00000931,0x00050080,0x00000006,0x00000933,0x0000090a,
	0x00000324,0x00050089,0x00000006,0x00000934,0x00000933,0x000002e7,0x000200f9,0x00000935,
	0x000200f8,0x00000935,0x000700f5,0x00000006,0x00001b9f,0x0000090a,0x00000740,0x00000934,
	0x00000931,0x000500c2,0x00000006,0x000009cb,0x000008a9,0x000000b1,0x000500c7,0x00000006,
	0x000009cc,0x000009cb,0x000000b3,0x00050084,0x00000006,0x00000939,0x00000928,0x000002e7,
	0x00050080,0x00000006,0x0000093b,0x00000939,0x00001b9f,0x000500c2,0x00000006,0x000009d0,
	0x000008a9,0x000000b8,0x000500c7,0x00000006,0x000009d1,0x000009d0,0x00000095,0x000500ab,
	0x000000dd,0x0000093e,0x000009d1,0x00000097,0x000300f7,0x00000944,0x00000000,0x000400fa,
	0x0000093e,0x0000093f,0x00000944,0x000200f8,0x0000093f,0x000500c2,0x00000006,0x00000943,
	0x0000093b,0x00000095,0x000200f9,0x00000944,0x000200f8,0x00000944,0x000700f5,0x00000006,
	0x00001ba0,0x0000093b,0x00000935,0x00000943,0x0000093f,0x00050084,0x00000006,0x00000946,
	0x0000092b,0x0000011e,0x00050080,0x00000006,0x00000948,0x00000946,0x0000090e,0x000500ae,
	0x000000dd,0x0000094a,0x000009cc,0x000001a6,0x000600a9,0x00000006,0x0000094b,0x0000094a,
	0x00000095,0x00000097,0x000500ae,0x000000dd,0x0000094d,0x000009cc,0x00000095,0x000600a9,
	0x00000006,0x0000094e,0x0000094d,0x00000095,0x00000097,0x000500c2,0x00000006,0x00000951,
	0x00001ba0,0x0000094b,0x0004007c,0x0000005e,0x00000952,0x00000951,0x000500c2,0x00000006,
	0x00000955,0x00000948,0x0000094e,0x00050080,0x00000006,0x00000957,0x00000955,0x00000733,
	0x0004007c,0x0000005e,0x00000958,0x00000957,0x00050050,0x00000348,0x00000959,0x00000952,
	0x00000958,0x0004007c,0x0000005e,0x0000095b,0x000006f3,0x00050050,0x00000348,0x0000095c,
	0x0000095b,0x0000095b,0x00050084,0x00000348,0x0000095d,0x00000959,0x0000095c,0x0004007c,
	0x00000348,0x0000095f,0x00001a6d,0x00050080,0x00000348,0x00000960,0x0000095d,0x0000095f,
	0x000200f9,0x000009fe,0x000200f8,0x000009fe,0x0004003d,0x00000372,0x0000096f,0x00000374,
	0x00050051,0x0000005e,0x00000971,0x00000960,0x00000000,0x00050051,0x0000005e,0x00000972,
	0x00000960,0x00000001,0x00060050,0x00000378,0x00000973,0x00000971,0x00000972,0x00000377,
	0x0007004f,0x00000348,0x00000974,0x00000973,0x00000973,0x00000000,0x00000001,0x0007005f,
	0x0000003e,0x0000097a,0x0000096f,0x00000974,0x00000002,0x00000377,0x0003003e,0x000008d4,
	0x0000097a,0x000500c2,0x00000006,0x00000a03,0x000008a9,0x000000c4,0x000500c7,0x00000006,
	0x00000a04,0x00000a03,0x000000c6,0x000500aa,0x000000dd,0x0000097e,0x00000a04,0x00000095,
	0x000500c7,0x00000006,0x00000980,0x000008a2,0x000001a6,0x000500ab,0x000000dd,0x00000981,
	0x00000980,0x00000097,0x000500a7,0x000000dd,0x00000982,0x0000097e,0x00000981,0x000300f7,
	0x00000994,0x00000000,0x000400fa,0x00000982,0x00000983,0x00000994,0x000200f8,0x00000983,
	0x00050041,0x0000002a,0x00000984,0x000008d4,0x00000097,0x0004003d,0x00000025,0x00000985,
	0x00000984,0x0008000c,0x00000025,0x00000a0a,0x00000001,0x0000002b,0x00000985,0x000000fd,
	0x00000152,0x000500be,0x000000dd,0x00000a0c,0x00000a0a,0x00000155,0x000300f7,0x00000a19,
	0x00000000,0x000400fa,0x00000a0c,0x00000a0d,0x00000a13,0x000200f8,0x00000a13,0x000500be,
	0x000000dd,0x00000a15,0x00000a0a,0x00000167,0x000300f7,0x00000a18,0x00000000,0x000400fa,
	0x00000a15,0x00000a16,0x00000a17,0x000200f8,0x00000a17,0x000200f9,0x00000a18,0x000200f8,
	0x00000a16,0x000200f9,0x00000a18,0x000200f8,0x00000a18,0x000700f5,0x00000025,0x00001bac,
	0x0000016c,0x00000a16,0x000000fd,0x00000a17,0x000700f5,0x00000025,0x00001ba9,0x0000016b,
	0x00000a16,0x0000016e,0x00000a17,0x000200f9,0x00000a19,0x000200f8,0x00000a0d,0x000500be,
	0x000000dd,0x00000a0f,0x00000a0a,0x0000015a,0x000300f7,0x00000a12,0x00000000,0x000400fa,
	0x00000a0f,0x00000a10,0x00000a11,0x000200f8,0x00000a11,0x000200f9,0x00000a12,0x000200f8,
	0x00000a10,0x000200f9,0x00000a12,0x000200f8,0x00000a12,0x000700f5,0x00000025,0x00001bab,
	0x00000161,0x00000a10,0x00000164,0x00000a11,0x000700f5,0x00000025,0x00001ba8,0x0000015f,
	0x00000a10,0x00000163,0x00000a11,0x000200f9,0x00000a19,0x000200f8,0x00000a19,0x000700f5,
	0x00000025,0x00001baa,0x00001bab,0x00000a12,0x00001bac,0x00000a18,0x000700f5,0x00000025,
	0x00001ba7,0x00001ba8,0x00000a12,0x00001ba9,0x00000a18,0x00050085,0x00000025,0x00000a1c,
	0x00000a0a,0x00001ba7,0x0006000c,0x00000025,0x00000a1d,0x00000001,0x00000003,0x00000a1c,
	0x00050085,0x00000025,0x00000a1e,0x00000a1d,0x00000173,0x00050081,0x00000025,0x00000a20,
	0x00000a1e,0x00001baa,0x00050041,0x0000002a,0x00000987,0x000008d4,0x00000095,0x0004003d,
	0x00000025,0x00000988,0x00000987,0x0008000c,0x00000025,0x00000a26,0x00000001,0x0000002b,
	0x00000988,0x000000fd,0x00000152,0x000500be,0x000000dd,0x00000a28,0x00000a26,0x00000155,
	0x000300f7,0x00000a35,0x00000000,0x000400fa,0x00000a28,0x00000a29,0x00000a2f,0x000200f8,
	0x00000a2f,0x000500be,0x000000dd,0x00000a31,0x00000a26,0x00000167,0x000300f7,0x00000a34,
	0x00000000,0x000400fa,0x00000a31,0x00000a32,0x00000a33,0x000200f8,0x00000a33,0x000200f9,
	0x00000a34,0x000200f8,0x00000a32,0x000200f9,0x00000a34,0x000200f8,0x00000a34,0x000700f5,
	0x00000025,0x00001bb2,0x0000016c,0x00000a32,0x000000fd,0x00000a33,0x000700f5,0x00000025,
	0x00001baf,0x0000016b,0x00000a32,0x0000016e,0x00000a33,0x000200f9,0x00000a35,0x000200f8,
	0x00000a29,0x000500be,0x000000dd,0x00000a2b,0x00000a26,0x0000015a,0x000300f7,0x00000a2e,
	0x00000000,0x000400fa,0x00000a2b,0x00000a2c,0x00000a2d,0x000200f8,0x00000a2d,0x000200f9,
	0x00000a2e,0x000200f8,0x00000a2c,0x000200f9,0x00000a2e,0x000200f8,0x00000a2e,0x000700f5,
	0x00000025,0x00001bb1,0x00000161,0x00000a2c,0x00000164,0x00000a2d,0x000700f5,0x00000025,
	0x00001bae,0x0000015f,0x00000a2c,0x00000163,0x00000a2d,0x000200f9,0x00000a35,0x000200f8,
	0x00000a35,0x000700f5,0x00000025,0x00001bb0,0x00001bb1,0x00000a2e,0x00001bb2,0x00000a34,
	0x000700f5,0x00000025,0x00001bad,0x00001bae,0x00000a2e,0x00001baf,0x00000a34,0x00050085,
	0x00000025,0x00000a38,0x00000a26,0x00001bad,0x0006000c,0x00000025,0x00000a39,0x00000001,
	0x00000003,0x00000a38,0x00050085,0x00000025,0x00000a3a,0x00000a39,0x00000173,0x00050081,
	0x00000025,0x00000a3c,0x00000a3a,0x00001bb0,0x00050041,0x0000002a,0x0000098a,0x000008d4,
	0x000001a6,0x0004003d,0x00000025,0x0000098b,0x0000098a,0x0008000c,0x00000025,0x00000a42,
	0x00000001,0x0000002b,0x0000098b,0x000000fd,0x00000152,0x000500be,0x000000dd,0x00000a44,
	0x00000a42,0x00000155,0x000300f7,0x00000a51,0x00000000,0x000400fa,0x00000a44,0x00000a45,
	0x00000a4b,0x000200f8,0x00000a4b,0x000500be,0x000000dd,0x00000a4d,0x00000a42,0x00000167,
	0x000300f7,0x00000a50,0x00000000,0x000400fa,0x00000a4d,0x00000a4e,0x00000a4f,0x000200f8,
	0x00000a4f,0x000200f9,0x00000a50,0x000200f8,0x00000a4e,0x000200f9,0x00000a50,0x000200f8,
	0x00000a50,0x000700f5,0x00000025,0x00001bb8,0x0000016c,0x00000a4e,0x000000fd,0x00000a4f,
	0x000700f5,0x00000025,0x00001bb5,0x0000016b,0x00000a4e,0x0000016e,0x00000a4f,0x000200f9,
	0x00000a51,0x000200f8,0x00000a45,0x000500be,0x000000dd,0x00000a47,0x00000a42,0x0000015a,
	0x000300f7,0x00000a4a,0x00000000,0x000400fa,0x00000a47,0x00000a48,0x00000a49,0x000200f8,
	0x00000a49,0x000200f9,0x00000a4a,0x000200f8,0x00000a48,0x000200f9,0x00000a4a,0x000200f8,
	0x00000a4a,0x000700f5,0x00000025,0x00001bb7,0x00000161,0x00000a48,0x00000164,0x00000a49,
	0x000700f5,0x00000025,0x00001bb4,0x0000015f,0x00000a48,0x00000163,0x00000a49,0x000200f9,
	0x00000a51,0x000200f8,0x00000a51,0x000700f5,0x00000025,0x00001bb6,0x00001bb7,0x00000a4a,
	0x00001bb8,0x00000a50,0x000700f5,0x00000025,0x00001bb3,0x00001bb4,0x00000a4a,0x00001bb5,
	0x00000a50,0x00050085,0x00000025,0x00000a54,0x00000a42,0x00001bb3,0x0006000c,0x00000025,
	0x00000a55,0x00000001,0x00000003,0x00000a54,0x00050085,0x00000025,0x00000a56,0x00000a55,
	0x00000173,0x00050081,0x00000025,0x00000a58,0x00000a56,0x00001bb6,0x00050041,0x0000002a,
	0x0000098e,0x000008d4,0x00000097,0x0003003e,0x0000098e,0x00000a20,0x00050041,0x0000002a,
	0x00000990,0x000008d4,0x00000095,0x0003003e,0x00000990,0x00000a3c,0x00050041,0x0000002a,
	0x00000992,0x000008d4,0x000001a6,0x0003003e,0x00000992,0x00000a58,0x000200f9,0x00000994,
	0x000200f8,0x00000994,0x0004003d,0x0000003e,0x00000995,0x000008d4,0x0003003e,0x000008da,
	0x00000995,0x000200f9,0x00000a72,0x000200f8,0x00000a72,0x000300f7,0x00000ab2,0x00000000,
	0x001100fb,0x00000a04,0x00000a74,0x00000000,0x00000a75,0x00000001,0x00000a75,0x00000002,
	0x00000a88,0x0000000a,0x00000a88,0x00000003,0x00000a9b,0x0000000c,0x00000a9b,0x0000000e,
	0x00000aae,0x000200f8,0x00000aae,0x00050041,0x0000002a,0x00000aaf,0x000008da,0x00000097,
	0x0004003d,0x00000025,0x00000ab0,0x00000aaf,0x0004007c,0x00000006,0x00000ab1,0x00000ab0,
	0x000200f9,0x00000ab2,0x000200f8,0x00000a9b,0x00050041,0x0000002a,0x00000a9c,0x000008da,
	0x00000097,0x0004003d,0x00000025,0x00000a9d,0x00000a9c,0x0008000c,0x00000025,0x00000afc,
	0x00000001,0x0000002b,0x00000a9d,0x000000fd,0x00000103,0x0004007c,0x00000006,0x00000afd,
	0x00000afc,0x000500b0,0x000000dd,0x00000aff,0x00000afd,0x00000108,0x000500c7,0x00000006,
	0x00000b01,0x00000afd,0x0000010c,0x000500c5,0x00000006,0x00000b02,0x0000010a,0x00000b01,
	0x000500c2,0x00000006,0x00000b04,0x00000afd,0x000000c4,0x00050082,0x00000006,0x00000b05,
	0x0000010f,0x00000b04,0x0007000c,0x00000006,0x00000b06,0x00000001,0x00000026,0x00000b05,
	0x00000113,0x000500c2,0x00000006,0x00000b07,0x00000b02,0x00000b06,0x00050080,0x00000006,
	0x00000b09,0x00000afd,0x00000117,0x000600a9,0x00000006,0x00000b0a,0x00000aff,0x00000b07,
	0x00000b09,0x00050080,0x00000006,0x00000b0c,0x00000b0a,0x0000011b,0x000500c2,0x00000006,
	0x00000b0e,0x00000b0a,0x0000011e,0x000500c7,0x00000006,0x00000b0f,0x00000b0e,0x00000095,
	0x00050080,0x00000006,0x00000b10,0x00000b0c,0x00000b0f,0x000500c2,0x00000006,0x00000b11,
	0x00000b10,0x0000011e,0x000500c7,0x00000006,0x00000b12,0x00000b11,0x00000123,0x00050041,
	0x0000002a,0x00000a9f,0x000008da,0x00000095,0x0004003d,0x00000025,0x00000aa0,0x00000a9f,
	0x0008000c,0x00000025,0x00000b18,0x00000001,0x0000002b,0x00000aa0,0x000000fd,0x00000103,
	0x0004007c,0x00000006,0x00000b19,0x00000b18,0x000500b0,0x000000dd,0x00000b1b,0x00000b19,
	0x00000108,0x000500c7,0x00000006,0x00000b1d,0x00000b19,0x0000010c,0x000500c5,0x00000006,
	0x00000b1e,0x0000010a,0x00000b1d,0x000500c2,0x00000006,0x00000b20,0x00000b19,0x000000c4,
	0x00050082,0x00000006,0x00000b21,0x0000010f,0x00000b20,0x0007000c,0x00000006,0x00000b22,
	0x00000001,0x00000026,0x00000b21,0x00000113,0x000500c2,0x00000006,0x00000b23,0x00000b1e,
	0x00000b22,0x00050080,0x00000006,0x00000b25,0x00000b19,0x00000117,0x000600a9,0x00000006,
	0x00000b26,0x00000b1b,0x00000b23,0x00000b25,0x00050080,0x00000006,0x00000b28,0x00000b26,
	0x0000011b,0x000500c2,0x00000006,0x00000b2a,0x00000b26,0x0000011e,0x000500c7,0x00000006,
	0x00000b2b,0x00000b2a,0x00000095,0x00050080,0x00000006,0x00000b2c,0x00000b28,0x00000b2b,
	0x000500c2,0x00000006,0x00000b2d,0x00000b2c,0x0000011e,0x000500c7,0x00000006,0x00000b2e,
	0x00000b2d,0x00000123,0x000500c4,0x00000006,0x00000aa2,0x00000b2e,0x000001bf,0x000500c5,
	0x00000006,0x00000aa3,0x00000b12,0x00000aa2,0x00050041,0x0000002a,0x00000aa4,0x000008da,
	0x000001a6,0x0004003d,0x00000025,0x00000aa5,0x00000aa4,0x0008000c,0x00000025,0x00000b34,
	0x00000001,0x0000002b,0x00000aa5,0x000000fd,0x00000103,0x0004007c,0x00000006,0x00000b35,
	0x00000b34,0x000500b0,0x000000dd,0x00000b37,0x00000b35,0x00000108,0x000500c7,0x00000006,
	0x00000b39,0x00000b35,0x0000010c,0x000500c5,0x00000006,0x00000b3a,0x0000010a,0x00000b39,
	0x000500c2,0x00000006,0x00000b3c,0x00000b35,0x000000c4,0x00050082,0x00000006,0x00000b3d,
	0x0000010f,0x00000b3c,0x0007000c,0x00000006,0x00000b3e,0x00000001,0x00000026,0x00000b3d,
	0x00000113,0x000500c2,0x00000006,0x00000b3f,0x00000b3a,0x00000b3e,0x00050080,0x00000006,
	0x00000b41,0x00000b35,0x00000117,0x000600a9,0x00000006,0x00000b42,0x00000b37,0x00000b3f,
	0x00000b41,0x00050080,0x00000006,0x00000b44,0x00000b42,0x0000011b,0x000500c2,0x00000006,
	0x00000b46,0x00000b42,0x0000011e,0x000500c7,0x00000006,0x00000b47,0x00000b46,0x00000095,
	0x00050080,0x00000006,0x00000b48,0x00000b44,0x00000b47,0x000500c2,0x00000006,0x00000b49,
	0x00000b48,0x0000011e,0x000500c7,0x00000006,0x00000b4a,0x00000b49,0x00000123,0x000500c4,
	0x00000006,0x00000aa7,0x00000b4a,0x000000da,0x000500c5,0x00000006,0x00000aa8,0x00000aa3,
	0x00000aa7,0x00050041,0x0000002a,0x00000aa9,0x000008da,0x000000b3,0x0004003d,0x00000025,
	0x00000aaa,0x00000aa9,0x0008000c,0x00000025,0x00000b4e,0x00000001,0x0000002b,0x00000aaa,
	0x000000fd,0x00000152,0x00050085,0x00000025,0x00000b50,0x00000b4e,0x000001c9,0x00050081,
	0x00000025,0x00000b51,0x00000b50,0x0000018b,0x0004006d,0x00000006,0x00000b52,0x00000b51,
	0x000500c4,0x00000006,0x00000aac,0x00000b52,0x000001cf,0x000500c5,0x00000006,0x00000aad,
	0x00000aa8,0x00000aac,0x000200f9,0x00000ab2,0x000200f8,0x00000a88,0x00050041,0x0000002a,
	0x00000a89,0x000008da,0x00000097,0x0004003d,0x00000025,0x00000a8a,0x00000a89,0x0008000c,
	0x00000025,0x00000ada,0x00000001,0x0000002b,0x00000a8a,0x000000fd,0x00000152,0x00050085,
	0x00000025,0x00000adc,0x00000ada,0x0000016e,0x00050081,0x00000025,0x00000add,0x00000adc,
	0x0000018b,0x0004006d,0x00000006,0x00000ade,0x00000add,0x00050041,0x0000002a,0x00000a8c,
	0x000008da,0x00000095,0x0004003d,0x00000025,0x00000a8d,0x00000a8c,0x0008000c,0x00000025,
	0x00000ae2,0x00000001,0x0000002b,0x00000a8d,0x000000fd,0x00000152,0x00050085,0x00000025,
	0x00000ae4,0x00000ae2,0x0000016e,0x00050081,0x00000025,0x00000ae5,0x00000ae4,0x0000018b,
	0x0004006d,0x00000006,0x00000ae6,0x00000ae5,0x000500c4,0x00000006,0x00000a8f,0x00000ae6,
	0x000001bf,0x000500c5,0x00000006,0x00000a90,0x00000ade,0x00000a8f,0x00050041,0x0000002a,
	0x00000a91,0x000008da,0x000001a6,0x0004003d,0x00000025,0x00000a92,0x00000a91,0x0008000c,
	0x00000025,0x00000aea,0x00000001,0x0000002b,0x00000a92,0x000000fd,0x00000152,0x00050085,
	0x00000025,0x00000aec,0x00000aea,0x0000016e,0x00050081,0x00000025,0x00000aed,0x00000aec,
	0x0000018b,0x0004006d,0x00000006,0x00000aee,0x00000aed,0x000500c4,0x00000006,0x00000a94,
	0x00000aee,0x000000da,0x000500c5,0x00000006,0x00000a95,0x00000a90,0x00000a94,0x00050041,
	0x0000002a,0x00000a96,0x000008da,0x000000b3,0x0004003d,0x00000025,0x00000a97,0x00000a96,
	0x0008000c,0x00000025,0x00000af2,0x00000001,0x0000002b,0x00000a97,0x000000fd,0x00000152,
	0x00050085,0x00000025,0x00000af4,0x00000af2,0x000001c9,0x00050081,0x00000025,0x00000af5,
	0x00000af4,0x0000018b,0x0004006d,0x00000006,0x00000af6,0x00000af5,0x000500c4,0x00000006,
	0x00000a99,0x00000af6,0x000001cf,0x000500c5,0x00000006,0x00000a9a,0x00000a95,0x00000a99,
	0x000200f9,0x00000ab2,0x000200f8,0x00000a75,0x00050041,0x0000002a,0x00000a76,0x000008da,
	0x00000097,0x0004003d,0x00000025,0x00000a77,0x00000a76,0x0008000c,0x00000025,0x00000aba,
	0x00000001,0x0000002b,0x00000a77,0x000000fd,0x00000152,0x00050085,0x00000025,0x00000abc,
	0x00000aba,0x00000197,0x00050081,0x00000025,0x00000abd,0x00000abc,0x0000018b,0x0004006d,
	0x00000006,0x00000abe,0x00000abd,0x00050041,0x0000002a,0x00000a79,0x000008da,0x00000095,
	0x0004003d,0x00000025,0x00000a7a,0x00000a79,0x0008000c,0x00000025,0x00000ac2,0x00000001,
	0x0000002b,0x00000a7a,0x000000fd,0x00000152,0x00050085,0x00000025,0x00000ac4,0x00000ac2,
	0x00000197,0x00050081,0x00000025,0x00000ac5,0x00000ac4,0x0000018b,0x0004006d,0x00000006,
	0x00000ac6,0x00000ac5,0x000500c4,0x00000006,0x00000a7c,0x00000ac6,0x000001a2,0x000500c5,
	0x00000006,0x00000a7d,0x00000abe,0x00000a7c,0x00050041,0x0000002a,0x00000a7e,0x000008da,
	0x000001a6,0x0004003d,0x00000025,0x00000a7f,0x00000a7e,0x0008000c,0x00000025,0x00000aca,
	0x00000001,0x0000002b,0x00000a7f,0x000000fd,0x00000152,0x00050085,0x00000025,0x00000acc,
	0x00000aca,0x00000197,0x00050081,0x00000025,0x00000acd,0x00000acc,0x0000018b,0x0004006d,
	0x00000006,0x00000ace,0x00000acd,0x000500c4,0x00000006,0x00000a81,0x00000ace,0x0000011e,
	0x000500c5,0x00000006,0x00000a82,0x00000a7d,0x00000a81,0x00050041,0x0000002a,0x00000a83,
	0x000008da,0x000000b3,0x0004003d,0x00000025,0x00000a84,0x00000a83,0x0008000c,0x00000025,
	0x00000ad2,0x00000001,0x0000002b,0x00000a84,0x000000fd,0x00000152,0x00050085,0x00000025,
	0x00000ad4,0x00000ad2,0x00000197,0x00050081,0x00000025,0x00000ad5,0x00000ad4,0x0000018b,
	0x0004006d,0x00000006,0x00000ad6,0x00000ad5,0x000500c4,0x00000006,0x00000a86,0x00000ad6,
	0x00000113,0x000500c5,0x00000006,0x00000a87,0x00000a82,0x00000a86,0x000200f9,0x00000ab2,
	0x000200f8,0x00000a74,0x000200f9,0x00000ab2,0x000200f8,0x00000ab2,0x000d00f5,0x00000006,
	0x00001bbb,0x00000097,0x00000a74,0x00000a87,0x00000a75,0x00000a9a,0x00000a88,0x00000aad,
	0x00000a9b,0x00000ab1,0x00000aae,0x000200f9,0x00000ab5,0x000200f8,0x00000ab5,0x000500aa,
	0x000000dd,0x00000b56,0x00000708,0x00000095,0x000300f7,0x00000b7a,0x00000000,0x000400fa,
	0x00000b56,0x00000b57,0x00000b5f,0x000200f8,0x00000b5f,0x000500aa,0x000000dd,0x00000b61,
	0x00000708,0x000001a6,0x000300f7,0x00000b79,0x00000000,0x000400fa,0x00000b61,0x00000b62,
	0x00000b6f,0x000200f8,0x00000b6f,0x000500aa,0x000000dd,0x00000b71,0x00000708,0x000000b3,
	0x000300f7,0x00000b78,0x00000000,0x000400fa,0x00000b71,0x00000b72,0x00000b78,0x000200f8,
	0x00000b72,0x000500c4,0x00000006,0x00000b74,0x00001bbb,0x0000011e,0x000500c2,0x00000006,
	0x00000b76,0x00001bbb,0x0000011e,0x000500c5,0x00000006,0x00000b77,0x00000b74,0x00000b76,
	0x000200f9,0x00000b78,0x000200f8,0x00000b78,0x000700f5,0x00000006,0x00001bbe,0x00001bbb,
	0x00000b6f,0x00000b77,0x00000b72,0x000200f9,0x00000b79,0x000200f8,0x00000b62,0x000500c7,
	0x00000006,0x00000b64,0x00001bbb,0x00000432,0x000500c4,0x00000006,0x00000b65,0x00000b64,
	0x000001a2,0x000500c7,0x00000006,0x00000b67,0x00001bbb,0x00000436,0x000500c2,0x00000006,
	0x00000b68,0x00000b67,0x000001a2,0x000500c5,0x00000006,0x00000b69,0x00000b65,0x00000b68,
	0x000500c4,0x00000006,0x00000b6b,0x00000b69,0x0000011e,0x000500c2,0x00000006,0x00000b6d,
	0x00000b69,0x0000011e,0x000500c5,0x00000006,0x00000b6e,0x00000b6b,0x00000b6d,0x000200f9,
	0x00000b79,0x000200f8,0x00000b79,0x000700f5,0x00000006,0x00001bbd,0x00000b6e,0x00000b62,
	0x00001bbe,0x00000b78,0x000200f9,0x00000b7a,0x000200f8,0x00000b57,0x000500c7,0x00000006,
	0x00000b59,0x00001bbb,0x00000432,0x000500c4,0x00000006,0x00000b5a,0x00000b59,0x000001a2,
	0x000500c7,0x00000006,0x00000b5c,0x00001bbb,0x00000436,0x000500c2,0x00000006,0x00000b5d,
	0x00000b5c,0x000001a2,0x000500c5,0x00000006,0x00000b5e,0x00000b5a,0x00000b5d,0x000200f9,
	0x00000b7a,0x000200f8,0x00000b7a,0x000700f5,0x00000006,0x00001bbc,0x00000b5e,0x00000b57,
	0x00001bbd,0x00000b79,0x000500c2,0x0000005e,0x00000b89,0x00001a74,0x000003c2,0x00060041,
	0x00000488,0x00000b8c,0x00000485,0x00000377,0x00000b89,0x0003003e,0x00000b8c,0x00001bbc,
	0x0004003d,0x0000048b,0x00000b8d,0x0000048d,0x00040068,0x00000007,0x00000b8e,0x00000b8d,
	0x0003003e,0x00000b7d,0x00000b8e,0x00050041,0x00000009,0x00000b8f,0x00000b7d,0x00000097,
	0x0004003d,0x00000006,0x00000b90,0x00000b8f,0x00050041,0x00000009,0x00000b91,0x00000b7e,
	0x00000097,0x0003003e,0x00000b91,0x00000b90,0x00050041,0x00000009,0x00000b92,0x00000b7d,
	0x00000095,0x0004003d,0x00000006,0x00000b93,0x00000b92,0x00050041,0x00000009,0x00000b94,
	0x00000b7e,0x00000095,0x0003003e,0x00000b94,0x00000b93,0x00050041,0x0000049c,0x00000b96,
	0x0000049b,0x000003e6,0x0004003d,0x00000006,0x00000b97,0x00000b96,0x00050050,0x00000007,
	0x00000b98,0x00000097,0x00000b97,0x00050080,0x00000007,0x00000b99,0x000006e7,0x00000b98,
	0x0004003d,0x00000007,0x00000b9b,0x00000b7e,0x000500b0,0x000004a3,0x00000b9c,0x00000b99,
	0x00000b9b,0x0004009b,0x000000dd,0x00000b9d,0x00000b9c,0x000300f7,0x00000ba6,0x00000000,
	0x000400fa,0x00000b9d,0x00000b9e,0x00000ba6,0x000200f8,0x00000b9e,0x00050041,0x0000049c,
	0x00000ba0,0x0000049b,0x000004a9,0x0004003d,0x00000006,0x00000ba1,0x00000ba0,0x000500c7,
	0x00000006,0x00000bcc,0x00000ba1,0x000000cd,0x000500aa,0x000000dd,0x00000bec,0x00000bcc,
	0x00000095,0x000300f7,0x00000c10,0x00000000,0x000400fa,0x00000bec,0x00000bed,0x00000bf5,
	0x000200f8,0x00000bf5,0x000500aa,0x000000dd,0x00000bf7,0x00000bcc,0x000001a6,0x000300f7,
	0x00000c0f,0x00000000,0x000400fa,0x00000bf7,0x00000bf8,0x00000c05,0x000200f8,0x00000c05,
	0x000500aa,0x000000dd,0x00000c07,0x00000bcc,0x000000b3,0x000300f7,0x00000c0e,0x00000000,
	0x000400fa,0x00000c07,0x00000c08,0x00000c0e,0x000200f8,0x00000c08,0x000500c4,0x00000006,
	0x00000c0a,0x00001bbc,0x0000011e,0x000500c2,0x00000006,0x00000c0c,0x00001bbc,0x0000011e,
	0x000500c5,0x00000006,0x00000c0d,0x00000c0a,0x00000c0c,0x000200f9,0x00000c0e,0x000200f8,
	0x00000c0e,0x000700f5,0x00000006,0x00001bd5,0x00001bbc,0x00000c05,0x00000c0d,0x00000c08,
	0x000200f9,0x00000c0f,0x000200f8,0x00000bf8,0x000500c7,0x00000006,0x00000bfa,0x00001bbc,
	0x00000432,0x000500c4,0x00000006,0x00000bfb,0x00000bfa,0x000001a2,0x000500c7,0x00000006,
	0x00000bfd,0x00001bbc,0x00000436,0x000500c2,0x00000006,0x00000bfe,0x00000bfd,0x000001a2,
	0x000500c5,0x00000006,0x00000bff,0x00000bfb,0x00000bfe,0x000500c4,0x00000006,0x00000c01,
	0x00000bff,0x0000011e,0x000500c2,0x00000006,0x00000c03,0x00000bff,0x0000011e,0x000500c5,
	0x00000006,0x00000c04,0x00000c01,0x00000c03,0x000200f9,0x00000c0f,0x000200f8,0x00000c0f,
	0x000700f5,0x00000006,0x00001bd4,0x00000c04,0x00000bf8,0x00001bd5,0x00000c0e,0x000200f9,
	0x00000c10,0x000200f8,0x00000bed,0x000500c7,0x00000006,0x00000bef,0x00001bbc,0x00000432,
	0x000500c4,0x00000006,0x00000bf0,0x00000bef,0x000001a2,0x000500c7,0x00000006,0x00000bf2,
	0x00001bbc,0x00000436,0x000500c2,0x00000006,0x00000bf3,0x00000bf2,0x000001a2,0x000500c5,
	0x00000006,0x00000bf4,0x00000bf0,0x00000bf3,0x000200f9,0x00000c10,0x000200f8,0x00000c10,
	0x000700f5,0x00000006,0x00001bd3,0x00000bf4,0x00000bed,0x00001bd4,0x00000c0f,0x000500c2,
	0x00000006,0x00000bd0,0x00000ba1,0x000000b3,0x000500c7,0x00000006,0x00000bd1,0x00000bd0,
	0x000000b3,0x000500aa,0x000000dd,0x00000bd3,0x00000bd1,0x00000095,0x000300f7,0x00000be7,
	0x00000000,0x000400fa,0x00000bd3,0x00000bd4,0x00000bde,0x000200f8,0x00000bde,0x000500aa,
	0x000000dd,0x00000be0,0x00000bd1,0x000001a6,0x000300f7,0x00000be6,0x00000000,0x000400fa,
	0x00000be0,0x00000be1,0x00000be6,0x000200f8,0x00000be1,0x000500c2,0x00000006,0x00000be3,
	0x00001bd3,0x000001a2,0x000500c7,0x00000006,0x00000c18,0x00000be3,0x000000d1,0x000500c7,
	0x00000006,0x00000c1a,0x00000be3,0x000000d6,0x000500c2,0x00000006,0x00000c1c,0x00000c18,
	0x000000da,0x000500aa,0x000000dd,0x00000c1e,0x00000c1c,0x00000097,0x000500ab,0x000000dd,
	0x00000c20,0x00000c1a,0x00000097,0x000500a7,0x000000dd,0x00000c21,0x00000c1e,0x00000c20,
	0x000300f7,0x00000c2f,0x00000000,0x000400fa,0x00000c21,0x00000c22,0x00000c2f,0x000200f8,
	0x00000c22,0x0006000c,0x00000006,0x00000c24,0x00000001,0x0000004b,0x00000c1a,0x00050082,
	0x00000006,0x00000c26,0x000000da,0x00000c24,0x0004007c,0x0000005e,0x00000c28,0x00000c26,
	0x00050082,0x0000005e,0x00000c29,0x000000ea,0x00000c28,0x0004007c,0x00000006,0x00000c2a,
	0x00000c29,0x000500c4,0x00000006,0x00000c2d,0x00000c1a,0x00000c26,0x000500c7,0x00000006,
	0x00000c2e,0x00000c2d,0x000000d6,0x000200f9,0x00000c2f,0x000200f8,0x00000c2f,0x000700f5,
	0x00000006,0x00001bd7,0x00000c1a,0x00000be1,0x00000c2e,0x00000c22,0x000700f5,0x00000006,
	0x00001bd6,0x00000c1c,0x00000be1,0x00000c2a,0x00000c22,0x000500ab,0x000000dd,0x00000c31,
	0x00000c18,0x00000097,0x00050080,0x00000006,0x00000c33,0x00001bd6,0x000000f6,0x000500c4,
	0x00000006,0x00000c34,0x00000c33,0x000000c4,0x000500c4,0x00000006,0x00000c36,0x00001bd7,
	0x000000b3,0x000500c5,0x00000006,0x00000c37,0x00000c34,0x00000c36,0x0004007c,0x00000025,
	0x00000c38,0x00000c37,0x000600a9,0x00000025,0x00000c39,0x00000c31,0x00000c38,0x000000fd,
	0x0004007c,0x00000006,0x00000be5,0x00000c39,0x000200f9,0x00000be6,0x000200f8,0x00000be6,
	0x000700f5,0x00000006,0x00001bd9,0x00001bd3,0x00000bde,0x00000be5,0x00000c2f,0x000200f9,
	0x00000be7,0x000200f8,0x00000bd4,0x000500c2,0x00000006,0x00000bd6,0x00001bd3,0x000001a2,
	0x000500c2,0x00000006,0x00000bd9,0x00000bd6,0x000000c4,0x00050080,0x00000006,0x00000bda,
	0x00000bd6,0x00000bd9,0x00040070,0x00000025,0x00000bdb,0x00000bda,0x00050085,0x00000025,
	0x00000bdc,0x00000bdb,0x0000046f,0x0004007c,0x00000006,0x00000bdd,0x00000bdc,0x000200f9,
	0x00000be7,0x000200f8,0x00000be7,0x000700f5,0x00000006,0x00001bd8,0x00000bdd,0x00000bd4,
	0x00001bd9,0x00000be6,0x0004003d,0x0000048b,0x00000ba3,0x0000048d,0x00040063,0x00000ba3,
	0x00000b99,0x00001bd8,0x000200f9,0x00000ba6,0x000200f8,0x00000ba6,0x00050041,0x0000049c,
	0x00000ba7,0x0000049b,0x000004b3,0x0004003d,0x00000006,0x00000ba8,0x00000ba7,0x000500c2,
	0x00000006,0x00000ba9,0x00000ba8,0x000004b6,0x000500c7,0x00000006,0x00000baa,0x00000ba9,
	0x00000095,0x000500ab,0x000000dd,0x00000bab,0x00000baa,0x00000097,0x000300f7,0x00000bc2,
	0x00000000,0x000400fa,0x00000bab,0x00000bac,0x00000bc2,0x000200f8,0x00000bac,0x0004003d,
	0x0000048b,0x00000bad,0x000004bd,0x00040068,0x00000007,0x00000bae,0x00000bad,0x0003003e,
	0x00000b83,0x00000bae,0x00050041,0x00000009,0x00000baf,0x00000b83,0x00000097,0x0004003d,
	0x00000006,0x00000bb0,0x00000baf,0x00050041,0x00000009,0x00000bb1,0x00000b7e,0x00000097,
	0x0003003e,0x00000bb1,0x00000bb0,0x00050041,0x00000009,0x00000bb2,0x00000b83,0x00000095,
	0x0004003d,0x00000006,0x00000bb3,0x00000bb2,0x00050041,0x00000009,0x00000bb4,0x00000b7e,
	0x00000095,0x0003003e,0x00000bb4,0x00000bb3,0x0004003d,0x00000007,0x00000bb6,0x00000b7e,
	0x000500b0,0x000004a3,0x00000bb7,0x00000b99,0x00000bb6,0x0004009b,0x000000dd,0x00000bb8,
	0x00000bb7,0x000300f7,0x00000bc1,0x00000000,0x000400fa,0x00000bb8,0x00000bb9,0x00000bc1,
	0x000200f8,0x00000bb9,0x00050041,0x0000049c,0x00000bbb,0x0000049b,0x000004b3,0x0004003d,
	0x00000006,0x00000bbc,0x00000bbb,0x000500c7,0x00000006,0x00000c43,0x00000bbc,0x000000cd,
	0x000500aa,0x000000dd,0x00000c63,0x00000c43,0x00000095,0x000300f7,0x00000c87,0x00000000,
	0x000400fa,0x00000c63,0x00000c64,0x00000c6c,0x000200f8,0x00000c6c,0x000500aa,0x000000dd,
	0x00000c6e,0x00000c43,0x000001a6,0x000300f7,0x00000c86,0x00000000,0x000400fa,0x00000c6e,
	0x00000c6f,0x00000c7c,0x000200f8,0x00000c7c,0x000500aa,0x000000dd,0x00000c7e,0x00000c43,
	0x000000b3,0x000300f7,0x00000c85,0x00000000,0x000400fa,0x00000c7e,0x00000c7f,0x00000c85,
	0x000200f8,0x00000c7f,0x000500c4,0x00000006,0x00000c81,0x00001bbc,0x0000011e,0x000500c2,
	0x00000006,0x00000c83,0x00001bbc,0x0000011e,0x000500c5,0x00000006,0x00000c84,0x00000c81,
	0x00000c83,0x000200f9,0x00000c85,0x000200f8,0x00000c85,0x000700f5,0x00000006,0x00001bdc,
	0x00001bbc,0x00000c7c,0x00000c84,0x00000c7f,0x000200f9,0x00000c86,0x000200f8,0x00000c6f,
	0x000500c7,0x00000006,0x00000c71,0x00001bbc,0x00000432,0x000500c4,0x00000006,0x00000c72,
	0x00000c71,0x000001a2,0x000500c7,0x00000006,0x00000c74,0x00001bbc,0x00000436,0x000500c2,
	0x00000006,0x00000c75,0x00000c74,0x000001a2,0x000500c5,0x00000006,0x00000c76,0x00000c72,
	0x00000c75,0x000500c4,0x00000006,0x00000c78,0x00000c76,0x0000011e,0x000500c2,0x00000006,
	0x00000c7a,0x00000c76,0x0000011e,0x000500c5,0x00000006,0x00000c7b,0x00000c78,0x00000c7a,
	0x000200f9,0x00000c86,0x000200f8,0x00000c86,0x000700f5,0x00000006,0x00001bdb,0x00000c7b,
	0x00000c6f,0x00001bdc,0x00000c85,0x000200f9,0x00000c87,0x000200f8,0x00000c64,0x000500c7,
	0x00000006,0x00000c66,0x00001bbc,0x00000432,0x000500c4,0x00000006,0x00000c67,0x00000c66,
	0x000001a2,0x000500c7,0x00000006,0x00000c69,0x00001bbc,0x00000436,0x000500c2,0x00000006,
	0x00000c6a,0x00000c69,0x000001a2,0x000500c5,0x00000006,0x00000c6b,0x00000c67,0x00000c6a,
	0x000200f9,0x00000c87,0x000200f8,0x00000c87,0x000700f5,0x00000006,0x00001bda,0x00000c6b,
	0x00000c64,0x00001bdb,0x00000c86,0x000500c2,0x00000006,0x00000c47,0x00000bbc,0x000000b3,
	0x000500c7,0x00000006,0x00000c48,0x00000c47,0x000000b3,0x000500aa,0x000000dd,0x00000c4a,
	0x00000c48,0x00000095,0x000300f7,0x00000c5e,0x00000000,0x000400fa,0x00000c4a,0x00000c4b,
	0x00000c55,0x000200f8,0x00000c55,0x000500aa,0x000000dd,0x00000c57,0x00000c48,0x000001a6,
	0x000300f7,0x00000c5d,0x00000000,0x000400fa,0x00000c57,0x00000c58,0x00000c5d,0x000200f8,
	0x00000c58,0x000500c2,0x00000006,0x00000c5a,0x00001bda,0x000001a2,0x000500c7,0x00000006,
	0x00000c8f,0x00000c5a,0x000000d1,0x000500c7,0x00000006,0x00000c91,0x00000c5a,0x000000d6,
	0x000500c2,0x00000006,0x00000c93,0x00000c8f,0x000000da,0x000500aa,0x000000dd,0x00000c95,
	0x00000c93,0x00000097,0x000500ab,0x000000dd,0x00000c97,0x00000c91,0x00000097,0x000500a7,
	0x000000dd,0x00000c98,0x00000c95,0x00000c97,0x000300f7,0x00000ca6,0x00000000,0x000400fa,
	0x00000c98,0x00000c99,0x00000ca6,0x000200f8,0x00000c99,0x0006000c,0x00000006,0x00000c9b,
	0x00000001,0x0000004b,0x00000c91,0x00050082,0x00000006,0x00000c9d,0x000000da,0x00000c9b,
	0x0004007c,0x0000005e,0x00000c9f,0x00000c9d,0x00050082,0x0000005e,0x00000ca0,0x000000ea,
	0x00000c9f,0x0004007c,0x00000006,0x00000ca1,0x00000ca0,0x000500c4,0x00000006,0x00000ca4,
	0x00000c91,0x00000c9d,0x000500c7,0x00000006,0x00000ca5,0x00000ca4,0x000000d6,0x000200f9,
	0x00000ca6,0x000200f8,0x00000ca6,0x000700f5,0x00000006,0x00001bde,0x00000c91,0x00000c58,
	0x00000ca5,0x00000c99,0x000700f5,0x00000006,0x00001bdd,0x00000c93,0x00000c58,0x00000ca1,
	0x00000c99,0x000500ab,0x000000dd,0x00000ca8,0x00000c8f,0x00000097,0x00050080,0x00000006,
	0x00000caa,0x00001bdd,0x000000f6,0x000500c4,0x00000006,0x00000cab,0x00000caa,0x000000c4,
	0x000500c4,0x00000006,0x00000cad,0x00001bde,0x000000b3,0x000500c5,0x00000006,0x00000cae,
	0x00000cab,0x00000cad,0x0004007c,0x00000025,0x00000caf,0x00000cae,0x000600a9,0x00000025,
	0x00000cb0,0x00000ca8,0x00000caf,0x000000fd,0x0004007c,0x00000006,0x00000c5c,0x00000cb0,
	0x000200f9,0x00000c5d,0x000200f8,0x00000c5d,0x000700f5,0x00000006,0x00001be0,0x00001bda,
	0x00000c55,0x00000c5c,0x00000ca6,0x000200f9,0x00000c5e,0x000200f8,0x00000c4b,0x000500c2,
	0x00000006,0x00000c4d,0x00001bda,0x000001a2,0x000500c2,0x00000006,0x00000c50,0x00000c4d,
	0x000000c4,0x00050080,0x00000006,0x00000c51,0x00000c4d,0x00000c50,0x00040070,0x00000025,
	0x00000c52,0x00000c51,0x00050085,0x00000025,0x00000c53,0x00000c52,0x0000046f,0x0004007c,
	0x00000006,0x00000c54,0x00000c53,0x000200f9,0x00000c5e,0x000200f8,0x00000c5e,0x000700f5,
	0x00000006,0x00001bdf,0x00000c54,0x00000c4b,0x00001be0,0x00000c5d,0x0004003d,0x0000048b,
	0x00000bbe,0x000004bd,0x00040063,0x00000bbe,0x00000b99,0x00001bdf,0x000200f9,0x00000bc1,
	0x000200f8,0x00000bc1,0x000200f9,0x00000bc2,0x000200f8,0x00000bc2,0x000200f9,0x000007ce,
	0x000200f8,0x00000749,0x0003003e,0x000006a9,0x0000024d,0x00050041,0x0000049c,0x0000074a,
	0x0000049b,0x000003c2,0x0004003d,0x00000006,0x0000074b,0x0000074a,0x000500c2,0x00000006,
	0x00000cb4,0x0000074b,0x000000c4,0x000500c7,0x00000006,0x00000cb5,0x00000cb4,0x000000c6,
	0x000200f9,0x0000074d,0x000200f8,0x0000074d,0x000700f5,0x00000006,0x00001a6e,0x00000097,
	0x00000749,0x0000075d,0x0000075b,0x000400f6,0x0000075e,0x0000075b,0x00000000,0x000200f9,
	0x0000074e,0x000200f8,0x0000074e,0x000500b0,0x000000dd,0x00000751,0x00001a6e,0x00001a70,
	0x000400fa,0x00000751,0x00000752,0x0000075e,0x000200f8,0x00000752,0x00050080,0x00000006,
	0x00000755,0x00001ace,0x00001a6e,0x0004003d,0x00000007,0x00000756,0x0000068b,0x00050041,
	0x0000049c,0x00000ce3,0x0000049b,0x000003af,0x0004003d,0x00000006,0x00000ce4,0x00000ce3,
	0x000500c2,0x00000006,0x00000ce5,0x00000ce4,0x000000cd,0x000500c7,0x00000006,0x00000ce6,
	0x00000ce5,0x00000095,0x000500ab,0x000000dd,0x00000ce7,0x00000ce6,0x00000097,0x000600a9,
	0x00000006,0x00000ce8,0x00000ce7,0x00000095,0x00000097,0x00050041,0x0000049c,0x00000ce9,
	0x0000049b,0x000003af,0x0004003d,0x00000006,0x00000cea,0x00000ce9,0x000500c2,0x00000006,
	0x00000ceb,0x00000cea,0x000004df,0x000500c7,0x00000006,0x00000cec,0x00000ceb,0x00000095,
	0x000500ab,0x000000dd,0x00000ced,0x00000cec,0x00000097,0x000600a9,0x00000006,0x00000cee,
	0x00000ced,0x000001a6,0x00000097,0x000500c5,0x00000006,0x00000cef,0x00000ce8,0x00000cee,
	0x00050041,0x0000049c,0x00000cf0,0x0000049b,0x000003c2,0x0004003d,0x00000006,0x00000cf1,
	0x00000cf0,0x0003003e,0x00000cdc,0x00000756,0x00050041,0x0000049c,0x00000cf5,0x0000049b,
	0x000003da,0x0004003d,0x00000006,0x00000cf6,0x00000cf5,0x000500c2,0x00000006,0x00000de8,
	0x00000cf1,0x000000b1,0x000500c7,0x00000006,0x00000de9,0x00000de8,0x000000b3,0x000500ae,
	0x000000dd,0x00000d2e,0x00000de9,0x000001a6,0x000600a9,0x00000006,0x00000d2f,0x00000d2e,
	0x00000095,0x00000097,0x000500ae,0x000000dd,0x00000d31,0x00000de9,0x00000095,0x000600a9,
	0x00000006,0x00000d32,0x00000d31,0x00000095,0x00000097,0x00050041,0x00000009,0x00000d33,
	0x00000cdc,0x00000097,0x0004003d,0x00000006,0x00000d34,0x00000d33,0x000500c4,0x00000006,
	0x00000d36,0x00000d34,0x00000d2f,0x000500ae,0x000000dd,0x00000d38,0x00000de9,0x000001a6,
	0x000500c7,0x00000006,0x00000d3a,0x00000755,0x00000095,0x000600a9,0x00000006,0x00000d3b,
	0x00000d38,0x00000d3a,0x00000097,0x00050080,0x00000006,0x00000d3c,0x00000d36,0x00000d3b,
	0x00050041,0x00000009,0x00000d3d,0x00000cdc,0x00000095,0x0004003d,0x00000006,0x00000d3e,
	0x00000d3d,0x000500c4,0x00000006,0x00000d40,0x00000d3e,0x00000d32,0x000500ae,0x000000dd,
	0x00000d42,0x00000de9,0x000001a6,0x000500c2,0x00000006,0x00000d44,0x00000755,0x00000095,
	0x000500aa,0x000000dd,0x00000d46,0x00000de9,0x00000095,0x000600a9,0x00000006,0x00000d48,
	0x00000d46,0x00000755,0x00000097,0x000600a9,0x00000006,0x00000d49,0x00000d42,0x00000d44,
	0x00000d48,0x00050080,0x00000006,0x00000d4a,0x00000d40,0x00000d49,0x000500c2,0x00000006,
	0x00000ded,0x00000cf1,0x000000b8,0x000500c7,0x00000006,0x00000dee,0x00000ded,0x00000095,
	0x000500ab,0x000000dd,0x00000d4d,0x00000dee,0x00000097,0x00050084,0x00000006,0x00000d4f,
	0x00000d3c,0x000001a6,0x000600a9,0x00000006,0x00000d53,0x00000d4d,0x00000d4f,0x00000d3c,
	0x00050086,0x00000006,0x00000d55,0x00000d53,0x000002e7,0x00050089,0x00000006,0x00000d57,
	0x00000d53,0x000002e7,0x000500c2,0x00000006,0x00000d59,0x00000d4a,0x000002a9,0x000500c7,
	0x00000006,0x00000d5b,0x00000d4a,0x000000c6,0x000500c7,0x00000006,0x00000df2,0x00000cf1,
	0x000000a5,0x000500c2,0x00000006,0x00000df6,0x00000cf1,0x000000aa,0x000500c7,0x00000006,
	0x00000df7,0x00000df6,0x000000ac,0x000500c2,0x00000006,0x00000dfb,0x00000cf1,0x000000b8,
	0x000500c7,0x00000006,0x00000dfc,0x00000dfb,0x00000095,0x000500c4,0x00000006,0x00000d63,
	0x00000df7,0x00000dfc,0x00050084,0x00000006,0x00000d64,0x00000d59,0x00000d63,0x00050080,
	0x00000006,0x00000d65,0x00000df2,0x00000d64,0x00050080,0x00000006,0x00000d67,0x00000d65,
	0x00000d55,0x000500c7,0x00000006,0x00000d68,0x00000d67,0x000000a5,0x000500c7,0x00000006,
	0x00000e00,0x00000cf6,0x000000a5,0x00050082,0x00000006,0x00000d6c,0x00000d68,0x00000e00,
	0x000500c7,0x00000006,0x00000d6d,0x00000d6c,0x000000a5,0x000500c2,0x00000006,0x00000e04,
	0x00000cf6,0x000000aa,0x000500c7,0x00000006,0x00000e05,0x00000e04,0x000000ac,0x000500c2,
	0x00000006,0x00000e09,0x00000cf6,0x000000b8,0x000500c7,0x00000006,0x00000e0a,0x00000e09,
	0x00000095,0x000500c4,0x00000006,0x00000d72,0x00000e05,0x00000e0a,0x00050089,0x00000006,
	0x00000d75,0x00000d6d,0x00000d72,0x00050086,0x00000006,0x00000d78,0x00000d6d,0x00000d72,
	0x000500c2,0x00000006,0x00000e0e,0x00000cf6,0x000000be,0x000500c7,0x00000006,0x00000e0f,
	0x00000e0e,0x00000095,0x000500c2,0x00000006,0x00000e13,0x00000cf1,0x000000be,0x000500c7,
	0x00000006,0x00000e14,0x00000e13,0x00000095,0x000500ab,0x000000dd,0x00000d7d,0x00000e0f,
	0x00000e14,0x000300f7,0x00000d82,0x00000000,0x000400fa,0x00000d7d,0x00000d7e,0x00000d82,
	0x000200f8,0x00000d7e,0x00050080,0x00000006,0x00000d80,0x00000d57,0x00000324,0x00050089,
	0x00000006,0x00000d81,0x00000d80,0x000002e7,0x000200f9,0x00000d82,0x000200f8,0x00000d82,
	0x000700f5,0x00000006,0x00001acf,0x00000d57,0x00000752,0x00000d81,0x00000d7e,0x000500c2,
	0x00000006,0x00000e18,0x00000cf6,0x000000b1,0x000500c7,0x00000006,0x00000e19,0x00000e18,
	0x000000b3,0x00050084,0x00000006,0x00000d86,0x00000d75,0x000002e7,0x00050080,0x00000006,
	0x00000d88,0x00000d86,0x00001acf,0x000500c2,0x00000006,0x00000e1d,0x00000cf6,0x000000b8,
	0x000500c7,0x00000006,0x00000e1e,0x00000e1d,0x00000095,0x000500ab,0x000000dd,0x00000d8b,
	0x00000e1e,0x00000097,0x000300f7,0x00000d91,0x00000000,0x000400fa,0x00000d8b,0x00000d8c,
	0x00000d91,0x000200f8,0x00000d8c,0x000500c2,0x00000006,0x00000d90,0x00000d88,0x00000095,
	0x000200f9,0x00000d91,0x000200f8,0x00000d91,0x000700f5,0x00000006,0x00001ad0,0x00000d88,
	0x00000d82,0x00000d90,0x00000d8c,0x00050084,0x00000006,0x00000d93,0x00000d78,0x0000011e,
	0x00050080,0x00000006,0x00000d95,0x00000d93,0x00000d5b,0x000500ae,0x000000dd,0x00000d97,
	0x00000e19,0x000001a6,0x000600a9,0x00000006,0x00000d98,0x00000d97,0x00000095,0x00000097,
	0x000500ae,0x000000dd,0x00000d9a,0x00000e19,0x00000095,0x000600a9,0x00000006,0x00000d9b,
	0x00000d9a,0x00000095,0x00000097,0x000500c2,0x00000006,0x00000d9e,0x00001ad0,0x00000d98,
	0x0004007c,0x0000005e,0x00000d9f,0x00000d9e,0x000500c2,0x00000006,0x00000da2,0x00000d95,
	0x00000d9b,0x00050080,0x00000006,0x00000da4,0x00000da2,0x00000733,0x0004007c,0x0000005e,
	0x00000da5,0x00000da4,0x00050050,0x00000348,0x00000da6,0x00000d9f,0x00000da5,0x0004007c,
	0x0000005e,0x00000da8,0x000006f3,0x00050050,0x00000348,0x00000da9,0x00000da8,0x00000da8,
	0x00050084,0x00000348,0x00000daa,0x00000da6,0x00000da9,0x0004007c,0x00000348,0x00000dac,
	0x00001a6d,0x00050080,0x00000348,0x00000dad,0x00000daa,0x00000dac,0x000200f9,0x00000e4b,
	0x000200f8,0x00000e4b,0x0004003d,0x00000372,0x00000dbc,0x00000374,0x00050051,0x0000005e,
	0x00000dbe,0x00000dad,0x00000000,0x00050051,0x0000005e,0x00000dbf,0x00000dad,0x00000001,
	0x00060050,0x00000378,0x00000dc0,0x00000dbe,0x00000dbf,0x00000377,0x0007004f,0x00000348,
	0x00000dc1,0x00000dc0,0x00000dc0,0x00000000,0x00000001,0x0007005f,0x0000003e,0x00000dc7,
	0x00000dbc,0x00000dc1,0x00000002,0x00000377,0x0003003e,0x00000d21,0x00000dc7,0x000500c2,
	0x00000006,0x00000e50,0x00000cf6,0x000000c4,0x000500c7,0x00000006,0x00000e51,0x00000e50,
	0x000000c6,0x000500aa,0x000000dd,0x00000dcb,0x00000e51,0x00000095,0x000500c7,0x00000006,
	0x00000dcd,0x00000cef,0x000001a6,0x000500ab,0x000000dd,0x00000dce,0x00000dcd,0x00000097,
	0x000500a7,0x000000dd,0x00000dcf,0x00000dcb,0x00000dce,0x000300f7,0x00000de1,0x00000000,
	0x000400fa,0x00000dcf,0x00000dd0,0x00000de1,0x000200f8,0x00000dd0,0x00050041,0x0000002a,
	0x00000dd1,0x00000d21,0x00000097,0x0004003d,0x00000025,0x00000dd2,0x00000dd1,0x0008000c,
	0x00000025,0x00000e57,0x00000001,0x0000002b,0x00000dd2,0x000000fd,0x00000152,0x000500be,
	0x000000dd,0x00000e59,0x00000e57,0x00000155,0x000300f7,0x00000e66,0x00000000,0x000400fa,
	0x00000e59,0x00000e5a,0x00000e60,0x000200f8,0x00000e60,0x000500be,0x000000dd,0x00000e62,
	0x00000e57,0x00000167,0x000300f7,0x00000e65,0x00000000,0x000400fa,0x00000e62,0x00000e63,
	0x00000e64,0x000200f8,0x00000e64,0x000200f9,0x00000e65,0x000200f8,0x00000e63,0x000200f9,
	0x00000e65,0x000200f8,0x00000e65,0x000700f5,0x00000025,0x00001ae5,0x0000016c,0x00000e63,
	0x000000fd,0x00000e64,0x000700f5,0x00000025,0x00001ae2,0x0000016b,0x00000e63,0x0000016e,
	0x00000e64,0x000200f9,0x00000e66,0x000200f8,0x00000e5a,0x000500be,0x000000dd,0x00000e5c,
	0x00000e57,0x0000015a,0x000300f7,0x00000e5f,0x00000000,0x000400fa,0x00000e5c,0x00000e5d,
	0x00000e5e,0x000200f8,0x00000e5e,0x000200f9,0x00000e5f,0x000200f8,0x00000e5d,0x000200f9,
	0x00000e5f,0x000200f8,0x00000e5f,0x000700f5,0x00000025,0x00001ae4,0x00000161,0x00000e5d,
	0x00000164,0x00000e5e,0x000700f5,0x00000025,0x00001ae1,0x0000015f,0x00000e5d,0x00000163,
	0x00000e5e,0x000200f9,0x00000e66,0x000200f8,0x00000e66,0x000700f5,0x00000025,0x00001ae3,
	0x00001ae4,0x00000e5f,0x00001ae5,0x00000e65,0x000700f5,0x00000025,0x00001ae0,0x00001ae1,
	0x00000e5f,0x00001ae2,0x00000e65,0x00050085,0x00000025,0x00000e69,0x00000e57,0x00001ae0,
	0x0006000c,0x00000025,0x00000e6a,0x00000001,0x00000003,0x00000e69,0x00050085,0x00000025,
	0x00000e6b,0x00000e6a,0x00000173,0x00050081,0x00000025,0x00000e6d,0x00000e6b,0x00001ae3,
	0x00050041,0x0000002a,0x00000dd4,0x00000d21,0x00000095,0x0004003d,0x00000025,0x00000dd5,
	0x00000dd4,0x0008000c,0x00000025,0x00000e73,0x00000001,0x0000002b,0x00000dd5,0x000000fd,
	0x00000152,0x000500be,0x000000dd,0x00000e75,0x00000e73,0x00000155,0x000300f7,0x00000e82,
	0x00000000,0x000400fa,0x00000e75,0x00000e76,0x00000e7c,0x000200f8,0x00000e7c,0x000500be,
	0x000000dd,0x00000e7e,0x00000e73,0x00000167,0x000300f7,0x00000e81,0x00000000,0x000400fa,
	0x00000e7e,0x00000e7f,0x00000e80,0x000200f8,0x00000e80,0x000200f9,0x00000e81,0x000200f8,
	0x00000e7f,0x000200f9,0x00000e81,0x000200f8,0x00000e81,0x000700f5,0x00000025,0x00001aeb,
	0x0000016c,0x00000e7f,0x000000fd,0x00000e80,0x000700f5,0x00000025,0x00001ae8,0x0000016b,
	0x00000e7f,0x0000016e,0x00000e80,0x000200f9,0x00000e82,0x000200f8,0x00000e76,0x000500be,
	0x000000dd,0x00000e78,0x00000e73,0x0000015a,0x000300f7,0x00000e7b,0x00000000,0x000400fa,
	0x00000e78,0x00000e79,0x00000e7a,0x000200f8,0x00000e7a,0x000200f9,0x00000e7b,0x000200f8,
	0x00000e79,0x000200f9,0x00000e7b,0x000200f8,0x00000e7b,0x000700f5,0x00000025,0x00001aea,
	0x00000161,0x00000e79,0x00000164,0x00000e7a,0x000700f5,0x00000025,0x00001ae7,0x0000015f,
	0x00000e79,0x00000163,0x00000e7a,0x000200f9,0x00000e82,0x000200f8,0x00000e82,0x000700f5,
	0x00000025,0x00001ae9,0x00001aea,0x00000e7b,0x00001aeb,0x00000e81,0x000700f5,0x00000025,
	0x00001ae6,0x00001ae7,0x00000e7b,0x00001ae8,0x00000e81,0x00050085,0x00000025,0x00000e85,
	0x00000e73,0x00001ae6,0x0006000c,0x00000025,0x00000e86,0x00000001,0x00000003,0x00000e85,
	0x00050085,0x00000025,0x00000e87,0x00000e86,0x00000173,0x00050081,0x00000025,0x00000e89,
	0x00000e87,0x00001ae9,0x00050041,0x0000002a,0x00000dd7,0x00000d21,0x000001a6,0x0004003d,
	0x00000025,0x00000dd8,0x00000dd7,0x0008000c,0x00000025,0x00000e8f,0x00000001,0x0000002b,
	0x00000dd8,0x000000fd,0x00000152,0x000500be,0x000000dd,0x00000e91,0x00000e8f,0x00000155,
	0x000300f7,0x00000e9e,0x00000000,0x000400fa,0x00000e91,0x00000e92,0x00000e98,0x000200f8,
	0x00000e98,0x000500be,0x000000dd,0x00000e9a,0x00000e8f,0x00000167,0x000300f7,0x00000e9d,
	0x00000000,0x000400fa,0x00000e9a,0x00000e9b,0x00000e9c,0x000200f8,0x00000e9c,0x000200f9,
	0x00000e9d,0x000200f8,0x00000e9b,0x000200f9,0x00000e9d,0x000200f8,0x00000e9d,0x000700f5,
	0x00000025,0x00001af1,0x0000016c,0x00000e9b,0x000000fd,0x00000e9c,0x000700f5,0x00000025,
	0x00001aee,0x0000016b,0x00000e9b,0x0000016e,0x00000e9c,0x000200f9,0x00000e9e,0x000200f8,
	0x00000e92,0x000500be,0x000000dd,0x00000e94,0x00000e8f,0x0000015a,0x000300f7,0x00000e97,
	0x00000000,0x000400fa,0x00000e94,0x00000e95,0x00000e96,0x000200f8,0x00000e96,0x000200f9,
	0x00000e97,0x000200f8,0x00000e95,0x000200f9,0x00000e97,0x000200f8,0x00000e97,0x000700f5,
	0x00000025,0x00001af0,0x00000161,0x00000e95,0x00000164,0x00000e96,0x000700f5,0x00000025,
	0x00001aed,0x0000015f,0x00000e95,0x00000163,0x00000e96,0x000200f9,0x00000e9e,0x000200f8,
	0x00000e9e,0x000700f5,0x00000025,0x00001aef,0x00001af0,0x00000e97,0x00001af1,0x00000e9d,
	0x000700f5,0x00000025,0x00001aec,0x00001aed,0x00000e97,0x00001aee,0x00000e9d,0x00050085,
	0x00000025,0x00000ea1,0x00000e8f,0x00001aec,0x0006000c,0x00000025,0x00000ea2,0x00000001,
	0x00000003,0x00000ea1,0x00050085,0x00000025,0x00000ea3,0x00000ea2,0x00000173,0x00050081,
	0x00000025,0x00000ea5,0x00000ea3,0x00001aef,0x00050041,0x0000002a,0x00000ddb,0x00000d21,
	0x00000097,0x0003003e,0x00000ddb,0x00000e6d,0x00050041,0x0000002a,0x00000ddd,0x00000d21,
	0x00000095,0x0003003e,0x00000ddd,0x00000e89,0x00050041,0x0000002a,0x00000ddf,0x00000d21,
	0x000001a6,0x0003003e,0x00000ddf,0x00000ea5,0x000200f9,0x00000de1,0x000200f8,0x00000de1,
	0x0004003d,0x0000003e,0x00000de2,0x00000d21,0x0003003e,0x00000d27,0x00000de2,0x000200f9,
	0x00000ebf,0x000200f8,0x00000ebf,0x000300f7,0x00000eff,0x00000000,0x001100fb,0x00000e51,
	0x00000ec1,0x00000000,0x00000ec2,0x00000001,0x00000ec2,0x00000002,0x00000ed5,0x0000000a,
	0x00000ed5,0x00000003,0x00000ee8,0x0000000c,0x00000ee8,0x0000000e,0x00000efb,0x000200f8,
	0x00000efb,0x00050041,0x0000002a,0x00000efc,0x00000d27,0x00000097,0x0004003d,0x00000025,
	0x00000efd,0x00000efc,0x0004007c,0x00000006,0x00000efe,0x00000efd,0x000200f9,0x00000eff,
	0x000200f8,0x00000ee8,0x00050041,0x0000002a,0x00000ee9,0x00000d27,0x00000097,0x0004003d,
	0x00000025,0x00000eea,0x00000ee9,0x0008000c,0x00000025,0x00000f49,0x00000001,0x0000002b,
	0x00000eea,0x000000fd,0x00000103,0x0004007c,0x00000006,0x00000f4a,0x00000f49,0x000500b0,
	0x000000dd,0x00000f4c,0x00000f4a,0x00000108,0x000500c7,0x00000006,0x00000f4e,0x00000f4a,
	0x0000010c,0x000500c5,0x00000006,0x00000f4f,0x0000010a,0x00000f4e,0x000500c2,0x00000006,
	0x00000f51,0x00000f4a,0x000000c4,0x00050082,0x00000006,0x00000f52,0x0000010f,0x00000f51,
	0x0007000c,0x00000006,0x00000f53,0x00000001,0x00000026,0x00000f52,0x00000113,0x000500c2,
	0x00000006,0x00000f54,0x00000f4f,0x00000f53,0x00050080,0x00000006,0x00000f56,0x00000f4a,
	0x00000117,0x000600a9,0x00000006,0x00000f57,0x00000f4c,0x00000f54,0x00000f56,0x00050080,
	0x00000006,0x00000f59,0x00000f57,0x0000011b,0x000500c2,0x00000006,0x00000f5b,0x00000f57,
	0x0000011e,0x000500c7,0x00000006,0x00000f5c,0x00000f5b,0x00000095,0x00050080,0x00000006,
	0x00000f5d,0x00000f59,0x00000f5c,0x000500c2,0x00000006,0x00000f5e,0x00000f5d,0x0000011e,
	0x000500c7,0x00000006,0x00000f5f,0x00000f5e,0x00000123,0x00050041,0x0000002a,0x00000eec,
	0x00000d27,0x00000095,0x0004003d,0x00000025,0x00000eed,0x00000eec,0x0008000c,0x00000025,
	0x00000f65,0x00000001,0x0000002b,0x00000eed,0x000000fd,0x00000103,0x0004007c,0x00000006,
	0x00000f66,0x00000f65,0x000500b0,0x000000dd,0x00000f68,0x00000f66,0x00000108,0x000500c7,
	0x00000006,0x00000f6a,0x00000f66,0x0000010c,0x000500c5,0x00000006,0x00000f6b,0x0000010a,
	0x00000f6a,0x000500c2,0x00000006,0x00000f6d,0x00000f66,0x000000c4,0x00050082,0x00000006,
	0x00000f6e,0x0000010f,0x00000f6d,0x0007000c,0x00000006,0x00000f6f,0x00000001,0x00000026,
	0x00000f6e,0x00000113,0x000500c2,0x00000006,0x00000f70,0x00000f6b,0x00000f6f,0x00050080,
	0x00000006,0x00000f72,0x00000f66,0x00000117,0x000600a9,0x00000006,0x00000f73,0x00000f68,
	0x00000f70,0x00000f72,0x00050080,0x00000006,0x00000f75,0x00000f73,0x0000011b,0x000500c2,
	0x00000006,0x00000f77,0x00000f73,0x0000011e,0x000500c7,0x00000006,0x00000f78,0x00000f77,
	0x00000095,0x00050080,0x00000006,0x00000f79,0x00000f75,0x00000f78,0x000500c2,0x00000006,
	0x00000f7a,0x00000f79,0x0000011e,0x000500c7,0x00000006,0x00000f7b,0x00000f7a,0x00000123,
	0x000500c4,0x00000006,0x00000eef,0x00000f7b,0x000001bf,0x000500c5,0x00000006,0x00000ef0,
	0x00000f5f,0x00000eef,0x00050041,0x0000002a,0x00000ef1,0x00000d27,0x000001a6,0x0004003d,
	0x00000025,0x00000ef2,0x00000ef1,0x0008000c,0x00000025,0x00000f81,0x00000001,0x0000002b,
	0x00000ef2,0x000000fd,0x00000103,0x0004007c,0x00000006,0x00000f82,0x00000f81,0x000500b0,
	0x000000dd,0x00000f84,0x00000f82,0x00000108,0x000500c7,0x00000006,0x00000f86,0x00000f82,
	0x0000010c,0x000500c5,0x00000006,0x00000f87,0x0000010a,0x00000f86,0x000500c2,0x00000006,
	0x00000f89,0x00000f82,0x000000c4,0x00050082,0x00000006,0x00000f8a,0x0000010f,0x00000f89,
	0x0007000c,0x00000006,0x00000f8b,0x00000001,0x00000026,0x00000f8a,0x00000113,0x000500c2,
	0x00000006,0x00000f8c,0x00000f87,0x00000f8b,0x00050080,0x00000006,0x00000f8e,0x00000f82,
	0x00000117,0x000600a9,0x00000006,0x00000f8f,0x00000f84,0x00000f8c,0x00000f8e,0x00050080,
	0x00000006,0x00000f91,0x00000f8f,0x0000011b,0x000500c2,0x00000006,0x00000f93,0x00000f8f,
	0x0000011e,0x000500c7,0x00000006,0x00000f94,0x00000f93,0x00000095,0x00050080,0x00000006,
	0x00000f95,0x00000f91,0x00000f94,0x000500c2,0x00000006,0x00000f96,0x00000f95,0x0000011e,
	0x000500c7,0x00000006,0x00000f97,0x00000f96,0x00000123,0x000500c4,0x00000006,0x00000ef4,
	0x00000f97,0x000000da,0x000500c5,0x00000006,0x00000ef5,0x00000ef0,0x00000ef4,0x00050041,
	0x0000002a,0x00000ef6,0x00000d27,0x000000b3,0x0004003d,0x00000025,0x00000ef7,0x00000ef6,
	0x0008000c,0x00000025,0x00000f9b,0x00000001,0x0000002b,0x00000ef7,0x000000fd,0x00000152,
	0x00050085,0x00000025,0x00000f9d,0x00000f9b,0x000001c9,0x00050081,0x00000025,0x00000f9e,
	0x00000f9d,0x0000018b,0x0004006d,0x00000006,0x00000f9f,0x00000f9e,0x000500c4,0x00000006,
	0x00000ef9,0x00000f9f,0x000001cf,0x000500c5,0x00000006,0x00000efa,0x00000ef5,0x00000ef9,
	0x000200f9,0x00000eff,0x000200f8,0x00000ed5,0x00050041,0x0000002a,0x00000ed6,0x00000d27,
	0x00000097,0x0004003d,0x00000025,0x00000ed7,0x00000ed6,0x0008000c,0x00000025,0x00000f27,
	0x00000001,0x0000002b,0x00000ed7,0x000000fd,0x00000152,0x00050085,0x00000025,0x00000f29,
	0x00000f27,0x0000016e,0x00050081,0x00000025,0x00000f2a,0x00000f29,0x0000018b,0x0004006d,
	0x00000006,0x00000f2b,0x00000f2a,0x00050041,0x0000002a,0x00000ed9,0x00000d27,0x00000095,
	0x0004003d,0x00000025,0x00000eda,0x00000ed9,0x0008000c,0x00000025,0x00000f2f,0x00000001,
	0x0000002b,0x00000eda,0x000000fd,0x00000152,0x00050085,0x00000025,0x00000f31,0x00000f2f,
	0x0000016e,0x00050081,0x00000025,0x00000f32,0x00000f31,0x0000018b,0x0004006d,0x00000006,
	0x00000f33,0x00000f32,0x000500c4,0x00000006,0x00000edc,0x00000f33,0x000001bf,0x000500c5,
	0x00000006,0x00000edd,0x00000f2b,0x00000edc,0x00050041,0x0000002a,0x00000ede,0x00000d27,
	0x000001a6,0x0004003d,0x00000025,0x00000edf,0x00000ede,0x0008000c,0x00000025,0x00000f37,
	0x00000001,0x0000002b,0x00000edf,0x000000fd,0x00000152,0x00050085,0x00000025,0x00000f39,
	0x00000f37,0x0000016e,0x00050081,0x00000025,0x00000f3a,0x00000f39,0x0000018b,0x0004006d,
	0x00000006,0x00000f3b,0x00000f3a,0x000500c4,0x00000006,0x00000ee1,0x00000f3b,0x000000da,
	0x000500c5,0x00000006,0x00000ee2,0x00000edd,0x00000ee1,0x00050041,0x0000002a,0x00000ee3,
	0x00000d27,0x000000b3,0x0004003d,0x00000025,0x00000ee4,0x00000ee3,0x0008000c,0x00000025,
	0x00000f3f,0x00000001,0x0000002b,0x00000ee4,0x000000fd,0x00000152,0x00050085,0x00000025,
	0x00000f41,0x00000f3f,0x000001c9,0x00050081,0x00000025,0x00000f42,0x00000f41,0x0000018b,
	0x0004006d,0x00000006,0x00000f43,0x00000f42,0x000500c4,0x00000006,0x00000ee6,0x00000f43,
	0x000001cf,0x000500c5,0x00000006,0x00000ee7,0x00000ee2,0x00000ee6,0x000200f9,0x00000eff,
	0x000200f8,0x00000ec2,0x00050041,0x0000002a,0x00000ec3,0x00000d27,0x00000097,0x0004003d,
	0x00000025,0x00000ec4,0x00000ec3,0x0008000c,0x00000025,0x00000f07,0x00000001,0x0000002b,
	0x00000ec4,0x000000fd,0x00000152,0x00050085,0x00000025,0x00000f09,0x00000f07,0x00000197,
	0x00050081,0x00000025,0x00000f0a,0x00000f09,0x0000018b,0x0004006d,0x00000006,0x00000f0b,
	0x00000f0a,0x00050041,0x0000002a,0x00000ec6,0x00000d27,0x00000095,0x0004003d,0x00000025,
	0x00000ec7,0x00000ec6,0x0008000c,0x00000025,0x00000f0f,0x00000001,0x0000002b,0x00000ec7,
	0x000000fd,0x00000152,0x00050085,0x00000025,0x00000f11,0x00000f0f,0x00000197,0x00050081,
	0x00000025,0x00000f12,0x00000f11,0x0000018b,0x0004006d,0x00000006,0x00000f13,0x00000f12,
	0x000500c4,0x00000006,0x00000ec9,0x00000f13,0x000001a2,0x000500c5,0x00000006,0x00000eca,
	0x00000f0b,0x00000ec9,0x00050041,0x0000002a,0x00000ecb,0x00000d27,0x000001a6,0x0004003d,
	0x00000025,0x00000ecc,0x00000ecb,0x0008000c,0x00000025,0x00000f17,0x00000001,0x0000002b,
	0x00000ecc,0x000000fd,0x00000152,0x00050085,0x00000025,0x00000f19,0x00000f17,0x00000197,
	0x00050081,0x00000025,0x00000f1a,0x00000f19,0x0000018b,0x0004006d,0x00000006,0x00000f1b,
	0x00000f1a,0x000500c4,0x00000006,0x00000ece,0x00000f1b,0x0000011e,0x000500c5,0x00000006,
	0x00000ecf,0x00000eca,0x00000ece,0x00050041,0x0000002a,0x00000ed0,0x00000d27,0x000000b3,
	0x0004003d,0x00000025,0x00000ed1,0x00000ed0,0x0008000c,0x00000025,0x00000f1f,0x00000001,
	0x0000002b,0x00000ed1,0x000000fd,0x00000152,0x00050085,0x00000025,0x00000f21,0x00000f1f,
	0x00000197,0x00050081,0x00000025,0x00000f22,0x00000f21,0x0000018b,0x0004006d,0x00000006,
	0x00000f23,0x00000f22,0x000500c4,0x00000006,0x00000ed3,0x00000f23,0x00000113,0x000500c5,
	0x00000006,0x00000ed4,0x00000ecf,0x00000ed3,0x000200f9,0x00000eff,0x000200f8,0x00000ec1,
	0x000200f9,0x00000eff,0x000200f8,0x00000eff,0x000d00f5,0x00000006,0x00001af4,0x00000097,
	0x00000ec1,0x00000ed4,0x00000ec2,0x00000ee7,0x00000ed5,0x00000efa,0x00000ee8,0x00000efe,
	0x00000efb,0x000200f9,0x00000f02,0x000200f8,0x00000f02,0x00050041,0x0000049c,0x00000cc8,
	0x0000049b,0x000003c2,0x0004003d,0x00000006,0x00000cc9,0x00000cc8,0x000500c2,0x00000006,
	0x00000fa3,0x00000cc9,0x000000b8,0x000500c7,0x00000006,0x00000fa4,0x00000fa3,0x00000095,
	0x000500ab,0x000000dd,0x00000ccb,0x00000fa4,0x00000097,0x000300f7,0x00000cd8,0x00000002,
	0x000400fa,0x00000ccb,0x00000ccc,0x00000cd4,0x000200f8,0x00000cd4,0x000200f9,0x000012dc,
	0x000200f8,0x000012dc,0x000300f7,0x00001328,0x00000000,0x001500fb,0x00000cb5,0x000012de,
	0x00000000,0x000012df,0x00000001,0x000012df,0x00000002,0x000012f0,0x0000000a,0x000012f0,
	0x00000003,0x00001306,0x0000000c,0x00001306,0x0000000e,0x00001314,0x00000004,0x00001318,
	0x00000006,0x0000131f,0x000200f8,0x0000131f,0x0006000c,0x00000244,0x00001321,0x00000001,
	0x0000003e,0x00001af4,0x00050051,0x00000025,0x00001322,0x00001321,0x00000000,0x000500c2,
	0x00000006,0x00001324,0x00001af4,0x0000011e,0x0006000c,0x00000244,0x00001325,0x00000001,
	0x0000003e,0x00001324,0x00050051,0x00000025,0x00001326,0x00001325,0x00000000,0x00070050,
	0x0000003e,0x00001327,0x00001322,0x00001326,0x000000fd,0x000000fd,0x000200f9,0x00001328,
	0x000200f8,0x00001318,0x000500c4,0x00000006,0x000013a8,0x00001af4,0x0000011e,0x0004007c,
	0x0000005e,0x000013a9,0x000013a8,0x000500c3,0x0000005e,0x000013aa,0x000013a9,0x0000017c,
	0x0004006f,0x00000025,0x000013ab,0x000013aa,0x00050085,0x00000025,0x000013ac,0x000013ab,
	0x0000017f,0x0007000c,0x00000025,0x000013ad,0x00000001,0x00000028,0x000013ac,0x00000181,
	0x00050085,0x00000025,0x000013af,0x000013ad,0x000006ee,0x000500c2,0x00000006,0x0000131c,
	0x00001af4,0x0000011e,0x000500c4,0x00000006,0x000013b3,0x0000131c,0x0000011e,0x0004007c,
	0x0000005e,0x000013b4,0x000013b3,0x000500c3,0x0000005e,0x000013b5,0x000013b4,0x0000017c,
	0x0004006f,0x00000025,0x000013b6,0x000013b5,0x00050085,0x00000025,0x000013b7,0x000013b6,
	0x0000017f,0x0007000c,0x00000025,0x000013b8,0x00000001,0x00000028,0x000013b7,0x00000181,
	0x00050085,0x00000025,0x000013ba,0x000013b8,0x000006ee,0x00070050,0x0000003e,0x0000131e,
	0x000013af,0x000013ba,0x000000fd,0x000000fd,0x000200f9,0x00001328,0x000200f8,0x00001314,
	0x0004007c,0x00000025,0x00001316,0x00001af4,0x00070050,0x0000003e,0x00001317,0x00001316,
	0x000000fd,0x000000fd,0x000000fd,0x000200f9,0x00001328,0x000200f8,0x00001306,0x000500c7,
	0x00000006,0x00001333,0x00001af4,0x00000123,0x000500c7,0x00000006,0x00001335,0x00001af4,
	0x0000012b,0x000500c2,0x00000006,0x00001337,0x00001333,0x000000cd,0x000500aa,0x000000dd,
	0x00001339,0x00001337,0x00000097,0x000500ab,0x000000dd,0x0000133b,0x00001335,0x00000097,
	0x000500a7,0x000000dd,0x0000133c,0x00001339,0x0000133b,0x000300f7,0x0000134a,0x00000000,
	0x000400fa,0x0000133c,0x0000133d,0x0000134a,0x000200f8,0x0000133d,0x0006000c,0x00000006,
	0x0000133f,0x00000001,0x0000004b,0x00001335,0x00050082,0x00000006,0x00001341,0x000000cd,
	0x0000133f,0x0004007c,0x0000005e,0x00001343,0x00001341,0x00050082,0x0000005e,0x00001344,
	0x000000ea,0x00001343,0x0004007c,0x00000006,0x00001345,0x00001344,0x000500c4,0x00000006,
	0x00001348,0x00001335,0x00001341,0x000500c7,0x00000006,0x00001349,0x00001348,0x0000012b,
	0x000200f9,0x0000134a,0x000200f8,0x0000134a,0x000700f5,0x00000006,0x00001b0b,0x00001335,
	0x00001306,0x00001349,0x0000133d,0x000700f5,0x00000006,0x00001b0a,0x00001337,0x00001306,
	0x00001345,0x0000133d,0x000500ab,0x000000dd,0x0000134c,0x00001333,0x00000097,0x00050080,
	0x00000006,0x0000134e,0x00001b0a,0x00000147,0x000500c4,0x00000006,0x0000134f,0x0000134e,
	0x000000c4,0x000500c4,0x00000006,0x00001351,0x00001b0b,0x0000011e,0x000500c5,0x00000006,
	0x00001352,0x0000134f,0x00001351,0x0004007c,0x00000025,0x00001353,0x00001352,0x000600a9,
	0x00000025,0x00001354,0x0000134c,0x00001353,0x000000fd,0x000500c2,0x00000006,0x0000130a,
	0x00001af4,0x000001bf,0x000500c7,0x00000006,0x0000135b,0x0000130a,0x00000123,0x000500c7,
	0x00000006,0x0000135d,0x0000130a,0x0000012b,0x000500c2,0x00000006,0x0000135f,0x0000135b,
	0x000000cd,0x000500aa,0x000000dd,0x00001361,0x0000135f,0x00000097,0x000500ab,0x000000dd,
	0x00001363,0x0000135d,0x00000097,0x000500a7,0x000000dd,0x00001364,0x00001361,0x00001363,
	0x000300f7,0x00001372,0x00000000,0x000400fa,0x00001364,0x00001365,0x00001372,0x000200f8,
	0x00001365,0x0006000c,0x00000006,0x00001367,0x00000001,0x0000004b,0x0000135d,0x00050082,
	0x00000006,0x00001369,0x000000cd,0x00001367,0x0004007c,0x0000005e,0x0000136b,0x00001369,
	0x00050082,0x0000005e,0x0000136c,0x000000ea,0x0000136b,0x0004007c,0x00000006,0x0000136d,
	0x0000136c,0x000500c4,0x00000006,0x00001370,0x0000135d,0x00001369,0x000500c7,0x00000006,
	0x00001371,0x00001370,0x0000012b,0x000200f9,0x00001372,0x000200f8,0x00001372,0x000700f5,
	0x00000006,0x00001b0d,0x0000135d,0x0000134a,0x00001371,0x00001365,0x000700f5,0x00000006,
	0x00001b0c,0x0000135f,0x0000134a,0x0000136d,0x00001365,0x000500ab,0x000000dd,0x00001374,
	0x0000135b,0x00000097,0x00050080,0x00000006,0x00001376,0x00001b0c,0x00000147,0x000500c4,
	0x00000006,0x00001377,0x00001376,0x000000c4,0x000500c4,0x00000006,0x00001379,0x00001b0d,
	0x0000011e,0x000500c5,0x00000006,0x0000137a,0x00001377,0x00001379,0x0004007c,0x00000025,
	0x0000137b,0x0000137a,0x000600a9,0x00000025,0x0000137c,0x00001374,0x0000137b,0x000000fd,
	0x000500c2,0x00000006,0x0000130d,0x00001af4,0x000000da,0x000500c7,0x00000006,0x00001383,
	0x0000130d,0x00000123,0x000500c7,0x00000006,0x00001385,0x0000130d,0x0000012b,0x000500c2,
	0x00000006,0x00001387,0x00001383,0x000000cd,0x000500aa,0x000000dd,0x00001389,0x00001387,
	0x00000097,0x000500ab,0x000000dd,0x0000138b,0x00001385,0x00000097,0x000500a7,0x000000dd,
	0x0000138c,0x00001389,0x0000138b,0x000300f7,0x0000139a,0x00000000,0x000400fa,0x0000138c,
	0x0000138d,0x0000139a,0x000200f8,0x0000138d,0x0006000c,0x00000006,0x0000138f,0x00000001,
	0x0000004b,0x00001385,0x00050082,0x00000006,0x00001391,0x000000cd,0x0000138f,0x0004007c,
	0x0000005e,0x00001393,0x00001391,0x00050082,0x0000005e,0x00001394,0x000000ea,0x00001393,
	0x0004007c,0x00000006,0x00001395,0x00001394,0x000500c4,0x00000006,0x00001398,0x00001385,
	0x00001391,0x000500c7,0x00000006,0x00001399,0x00001398,0x0000012b,0x000200f9,0x0000139a,
	0x000200f8,0x0000139a,0x000700f5,0x00000006,0x00001b0f,0x00001385,0x00001372,0x00001399,
	0x0000138d,0x000700f5,0x00000006,0x00001b0e,0x00001387,0x00001372,0x00001395,0x0000138d,
	0x000500ab,0x000000dd,0x0000139c,0x00001383,0x00000097,0x00050080,0x00000006,0x0000139e,
	0x00001b0e,0x00000147,0x000500c4,0x00000006,0x0000139f,0x0000139e,0x000000c4,0x000500c4,
	0x00000006,0x000013a1,0x00001b0f,0x0000011e,0x000500c5,0x00000006,0x000013a2,0x0000139f,
	0x000013a1,0x0004007c,0x00000025,0x000013a3,0x000013a2,0x000600a9,0x00000025,0x000013a4,
	0x0000139c,0x000013a3,0x000000fd,0x000500c2,0x00000006,0x00001310,0x00001af4,0x000001cf,
	0x00040070,0x00000025,0x00001311,0x00001310,0x00050085,0x00000025,0x00001312,0x00001311,
	0x0000021e,0x00070050,0x0000003e,0x00001313,0x00001354,0x0000137c,0x000013a4,0x00001312,
	0x000200f9,0x00001328,0x000200f8,0x000012f0,0x000500c7,0x00000006,0x000012f2,0x00001af4,
	0x00000123,0x00040070,0x00000025,0x000012f3,0x000012f2,0x000500c2,0x00000006,0x000012f5,
	0x00001af4,0x000001bf,0x000500c7,0x00000006,0x000012f6,0x000012f5,0x00000123,0x00040070,
	0x00000025,0x000012f7,0x000012f6,0x000500c2,0x00000006,0x000012f9,0x00001af4,0x000000da,
	0x000500c7,0x00000006,0x000012fa,0x000012f9,0x00000123,0x00040070,0x00000025,0x000012fb,
	0x000012fa,0x00060050,0x00000217,0x000012fc,0x000012f3,0x000012f7,0x000012fb,0x0005008e,
	0x00000217,0x000012fd,0x000012fc,0x00000219,0x000500c2,0x00000006,0x000012ff,0x00001af4,
	0x000001cf,0x00040070,0x00000025,0x00001300,0x000012ff,0x00050085,0x00000025,0x00001301,
	0x00001300,0x0000021e,0x00050051,0x00000025,0x00001302,0x000012fd,0x00000000,0x00050051,
	0x00000025,0x00001303,0x000012fd,0x00000001,0x00050051,0x00000025,0x00001304,0x000012fd,
	0x00000002,0x00070050,0x0000003e,0x00001305,0x00001302,0x00001303,0x00001304,0x00001301,
	0x000200f9,0x00001328,0x000200f8,0x000012df,0x000500c7,0x00000006,0x000012e1,0x00001af4,
	0x000000ac,0x00040070,0x00000025,0x000012e2,0x000012e1,0x000500c2,0x00000006,0x000012e4,
	0x00001af4,0x000001a2,0x000500c7,0x00000006,0x000012e5,0x000012e4,0x000000ac,0x00040070,
	0x00000025,0x000012e6,0x000012e5,0x000500c2,0x00000006,0x000012e8,0x00001af4,0x0000011e,
	0x000500c7,0x00000006,0x000012e9,0x000012e8,0x000000ac,0x00040070,0x00000025,0x000012ea,
	0x000012e9,0x000500c2,0x00000006,0x000012ec,0x00001af4,0x00000113,0x00040070,0x00000025,
	0x000012ed,0x000012ec,0x00070050,0x0000003e,0x000012ee,0x000012e2,0x000012e6,0x000012ea,
	0x000012ed,0x0005008e,0x0000003e,0x000012ef,0x000012ee,0x00000173,0x000200f9,0x00001328,
	0x000200f8,0x000012de,0x000200f9,0x00001328,0x000200f8,0x00001328,0x001100f5,0x0000003e,
	0x00001b12,0x0000024d,0x000012de,0x000012ef,0x000012df,0x00001305,0x000012f0,0x00001313,
	0x0000139a,0x00001317,0x00001314,0x0000131e,0x00001318,0x00001327,0x0000131f,0x000200f9,
	0x0000132b,0x000200f8,0x0000132b,0x000200f9,0x00000cd8,0x000200f8,0x00000ccc,0x00050041,
	0x0000049c,0x00000fae,0x0000049b,0x000003af,0x0004003d,0x00000006,0x00000faf,0x00000fae,
	0x000500c2,0x00000006,0x00000fb0,0x00000faf,0x000000cd,0x000500c7,0x00000006,0x00000fb1,
	0x00000fb0,0x00000095,0x000500ab,0x000000dd,0x00000fb2,0x00000fb1,0x00000097,0x000600a9,
	0x00000006,0x00000fb3,0x00000fb2,0x00000095,0x00000097,0x00050041,0x0000049c,0x00000fb4,
	0x0000049b,0x000003af,0x0004003d,0x00000006,0x00000fb5,0x00000fb4,0x000500c2,0x00000006,
	0x00000fb6,0x00000fb5,0x000004df,0x000500c7,0x00000006,0x00000fb7,0x00000fb6,0x00000095,
	0x000500ab,0x000000dd,0x00000fb8,0x00000fb7,0x00000097,0x000600a9,0x00000006,0x00000fb9,
	0x00000fb8,0x000001a6,0x00000097,0x000500c5,0x00000006,0x00000fba,0x00000fb3,0x00000fb9,
	0x00050041,0x0000049c,0x00000fbb,0x0000049b,0x000003c2,0x0004003d,0x00000006,0x00000fbc,
	0x00000fbb,0x0003003e,0x00000fa7,0x00000756,0x00050041,0x0000049c,0x00000fc0,0x0000049b,
	0x000003da,0x0004003d,0x00000006,0x00000fc1,0x00000fc0,0x000500c2,0x00000006,0x000010b3,
	0x00000fbc,0x000000b1,0x000500c7,0x00000006,0x000010b4,0x000010b3,0x000000b3,0x000500ae,
	0x000000dd,0x00000ff9,0x000010b4,0x000001a6,0x000600a9,0x00000006,0x00000ffa,0x00000ff9,
	0x00000095,0x00000097,0x000500ae,0x000000dd,0x00000ffc,0x000010b4,0x00000095,0x000600a9,
	0x00000006,0x00000ffd,0x00000ffc,0x00000095,0x00000097,0x00050041,0x00000009,0x00000ffe,
	0x00000fa7,0x00000097,0x0004003d,0x00000006,0x00000fff,0x00000ffe,0x000500c4,0x00000006,
	0x00001001,0x00000fff,0x00000ffa,0x000500ae,0x000000dd,0x00001003,0x000010b4,0x000001a6,
	0x000500c7,0x00000006,0x00001005,0x00000755,0x00000095,0x000600a9,0x00000006,0x00001006,
	0x00001003,0x00001005,0x00000097,0x00050080,0x00000006,0x00001007,0x00001001,0x00001006,
	0x00050041,0x00000009,0x00001008,0x00000fa7,0x00000095,0x0004003d,0x00000006,0x00001009,
	0x00001008,0x000500c4,0x00000006,0x0000100b,0x00001009,0x00000ffd,0x000500ae,0x000000dd,
	0x0000100d,0x000010b4,0x000001a6,0x000500c2,0x00000006,0x0000100f,0x00000755,0x00000095,
	0x000500aa,0x000000dd,0x00001011,0x000010b4,0x00000095,0x000600a9,0x00000006,0x00001013,
	0x00001011,0x00000755,0x00000097,0x000600a9,0x00000006,0x00001014,0x0000100d,0x0000100f,
	0x00001013,0x00050080,0x00000006,0x00001015,0x0000100b,0x00001014,0x000500c2,0x00000006,
	0x000010b8,0x00000fbc,0x000000b8,0x000500c7,0x00000006,0x000010b9,0x000010b8,0x00000095,
	0x000500ab,0x000000dd,0x00001018,0x000010b9,0x00000097,0x00050084,0x00000006,0x0000101a,
	0x00001007,0x000001a6,0x00050080,0x00000006,0x0000101c,0x0000101a,0x00000095,0x000600a9,
	0x00000006,0x0000101e,0x00001018,0x0000101c,0x00001007,0x00050086,0x00000006,0x00001020,
	0x0000101e,0x000002e7,0x00050089,0x00000006,0x00001022,0x0000101e,0x000002e7,0x000500c2,
	0x00000006,0x00001024,0x00001015,0x000002a9,0x000500c7,0x00000006,0x00001026,0x00001015,
	0x000000c6,0x000500c7,0x00000006,0x000010bd,0x00000fbc,0x000000a5,0x000500c2,0x00000006,
	0x000010c1,0x00000fbc,0x000000aa,0x000500c7,0x00000006,0x000010c2,0x000010c1,0x000000ac,
	0x000500c2,0x00000006,0x000010c6,0x00000fbc,0x000000b8,0x000500c7,0x00000006,0x000010c7,
	0x000010c6,0x00000095,0x000500c4,0x00000006,0x0000102e,0x000010c2,0x000010c7,0x00050084,
	0x00000006,0x0000102f,0x00001024,0x0000102e,0x00050080,0x00000006,0x00001030,0x000010bd,
	0x0000102f,0x00050080,0x00000006,0x00001032,0x00001030,0x00001020,0x000500c7,0x00000006,
	0x00001033,0x00001032,0x000000a5,0x000500c7,0x00000006,0x000010cb,0x00000fc1,0x000000a5,
	0x00050082,0x00000006,0x00001037,0x00001033,0x000010cb,0x000500c7,0x00000006,0x00001038,
	0x00001037,0x000000a5,0x000500c2,0x00000006,0x000010cf,0x00000fc1,0x000000aa,0x000500c7,
	0x00000006,0x000010d0,0x000010cf,0x000000ac,0x000500c2,0x00000006,0x000010d4,0x00000fc1,
	0x000000b8,0x000500c7,0x00000006,0x000010d5,0x000010d4,0x00000095,0x000500c4,0x00000006,
	0x0000103d,0x000010d0,0x000010d5,0x00050089,0x00000006,0x00001040,0x00001038,0x0000103d,
	0x00050086,0x00000006,0x00001043,0x00001038,0x0000103d,0x000500c2,0x00000006,0x000010d9,
	0x00000fc1,0x000000be,0x000500c7,0x00000006,0x000010da,0x000010d9,0x00000095,0x000500c2,
	0x00000006,0x000010de,0x00000fbc,0x000000be,0x000500c7,0x00000006,0x000010df,0x000010de,
	0x00000095,0x000500ab,0x000000dd,0x00001048,0x000010da,0x000010df,0x000300f7,0x0000104d,
	0x00000000,0x000400fa,0x00001048,0x00001049,0x0000104d,0x000200f8,0x00001049,0x00050080,
	0x00000006,0x0000104b,0x00001022,0x00000324,0x00050089,0x00000006,0x0000104c,0x0000104b,
	0x000002e7,0x000200f9,0x0000104d,0x000200f8,0x0000104d,0x000700f5,0x00000006,0x00001b13,
	0x00001022,0x00000ccc,0x0000104c,0x00001049,0x000500c2,0x00000006,0x000010e3,0x00000fc1,
	0x000000b1,0x000500c7,0x00000006,0x000010e4,0x000010e3,0x000000b3,0x00050084,0x00000006,
	0x00001051,0x00001040,0x000002e7,0x00050080,0x00000006,0x00001053,0x00001051,0x00001b13,
	0x000500c2,0x00000006,0x000010e8,0x00000fc1,0x000000b8,0x000500c7,0x00000006,0x000010e9,
	0x000010e8,0x00000095,0x000500ab,0x000000dd,0x00001056,0x000010e9,0x00000097,0x000300f7,
	0x0000105c,0x00000000,0x000400fa,0x00001056,0x00001057,0x0000105c,0x000200f8,0x00001057,
	0x000500c2,0x00000006,0x0000105b,0x00001053,0x00000095,0x000200f9,0x0000105c,0x000200f8,
	0x0000105c,0x000700f5,0x00000006,0x00001b14,0x00001053,0x0000104d,0x0000105b,0x00001057,
	0x00050084,0x00000006,0x0000105e,0x00001043,0x0000011e,0x00050080,0x00000006,0x00001060,
	0x0000105e,0x00001026,0x000500ae,0x000000dd,0x00001062,0x000010e4,0x000001a6,0x000600a9,
	0x00000006,0x00001063,0x00001062,0x00000095,0x00000097,0x000500ae,0x000000dd,0x00001065,
	0x000010e4,0x00000095,0x000600a9,0x00000006,0x00001066,0x00001065,0x00000095,0x00000097,
	0x000500c2,0x00000006,0x00001069,0x00001b14,0x00001063,0x0004007c,0x0000005e,0x0000106a,
	0x00001069,0x000500c2,0x00000006,0x0000106d,0x00001060,0x00001066,0x00050080,0x00000006,
	0x0000106f,0x0000106d,0x00000733,0x0004007c,0x0000005e,0x00001070,0x0000106f,0x00050050,
	0x00000348,0x00001071,0x0000106a,0x00001070,0x0004007c,0x0000005e,0x00001073,0x000006f3,
	0x00050050,0x00000348,0x00001074,0x00001073,0x00001073,0x00050084,0x00000348,0x00001075,
	0x00001071,0x00001074,0x0004007c,0x00000348,0x00001077,0x00001a6d,0x00050080,0x00000348,
	0x00001078,0x00001075,0x00001077,0x000200f9,0x00001116,0x000200f8,0x00001116,0x0004003d,
	0x00000372,0x00001087,0x00000374,0x00050051,0x0000005e,0x00001089,0x00001078,0x00000000,
	0x00050051,0x0000005e,0x0000108a,0x00001078,0x00000001,0x00060050,0x00000378,0x0000108b,
	0x00001089,0x0000108a,0x00000377,0x0007004f,0x00000348,0x0000108c,0x0000108b,0x0000108b,
	0x00000000,0x00000001,0x0007005f,0x0000003e,0x00001092,0x00001087,0x0000108c,0x00000002,
	0x00000377,0x0003003e,0x00000fec,0x00001092,0x000500c2,0x00000006,0x0000111b,0x00000fc1,
	0x000000c4,0x000500c7,0x00000006,0x0000111c,0x0000111b,0x000000c6,0x000500aa,0x000000dd,
	0x00001096,0x0000111c,0x00000095,0x000500c7,0x00000006,0x00001098,0x00000fba,0x000001a6,
	0x000500ab,0x000000dd,0x00001099,0x00001098,0x00000097,0x000500a7,0x000000dd,0x0000109a,
	0x00001096,0x00001099,0x000300f7,0x000010ac,0x00000000,0x000400fa,0x0000109a,0x0000109b,
	0x000010ac,0x000200f8,0x0000109b,0x00050041,0x0000002a,0x0000109c,0x00000fec,0x00000097,
	0x0004003d,0x00000025,0x0000109d,0x0000109c,0x0008000c,0x00000025,0x00001122,0x00000001,
	0x0000002b,0x0000109d,0x000000fd,0x00000152,0x000500be,0x000000dd,0x00001124,0x00001122,
	0x00000155,0x000300f7,0x00001131,0x00000000,0x000400fa,0x00001124,0x00001125,0x0000112b,
	0x000200f8,0x0000112b,0x000500be,0x000000dd,0x0000112d,0x00001122,0x00000167,0x000300f7,
	0x00001130,0x00000000,0x000400fa,0x0000112d,0x0000112e,0x0000112f,0x000200f8,0x0000112f,
	0x000200f9,0x00001130,0x000200f8,0x0000112e,0x000200f9,0x00001130,0x000200f8,0x00001130,
	0x000700f5,0x00000025,0x00001b4d,0x0000016c,0x0000112e,0x000000fd,0x0000112f,0x000700f5,
	0x00000025,0x00001b4a,0x0000016b,0x0000112e,0x0000016e,0x0000112f,0x000200f9,0x00001131,
	0x000200f8,0x00001125,0x000500be,0x000000dd,0x00001127,0x00001122,0x0000015a,0x000300f7,
	0x0000112a,0x00000000,0x000400fa,0x00001127,0x00001128,0x00001129,0x000200f8,0x00001129,
	0x000200f9,0x0000112a,0x000200f8,0x00001128,0x000200f9,0x0000112a,0x000200f8,0x0000112a,
	0x000700f5,0x00000025,0x00001b4c,0x00000161,0x00001128,0x00000164,0x00001129,0x000700f5,
	0x00000025,0x00001b49,0x0000015f,0x00001128,0x00000163,0x00001129,0x000200f9,0x00001131,
	0x000200f8,0x00001131,0x000700f5,0x00000025,0x00001b4b,0x00001b4c,0x0000112a,0x00001b4d,
	0x00001130,0x000700f5,0x00000025,0x00001b48,0x00001b49,0x0000112a,0x00001b4a,0x00001130,
	0x00050085,0x00000025,0x00001134,0x00001122,0x00001b48,0x0006000c,0x00000025,0x00001135,
	0x00000001,0x00000003,0x00001134,0x00050085,0x00000025,0x00001136,0x00001135,0x00000173,
	0x00050081,0x00000025,0x00001138,0x00001136,0x00001b4b,0x00050041,0x0000002a,0x0000109f,
	0x00000fec,0x00000095,0x0004003d,0x00000025,0x000010a0,0x0000109f,0x0008000c,0x00000025,
	0x0000113e,0x00000001,0x0000002b,0x000010a0,0x000000fd,0x00000152,0x000500be,0x000000dd,
	0x00001140,0x0000113e,0x00000155,0x000300f7,0x0000114d,0x00000000,0x000400fa,0x00001140,
	0x00001141,0x00001147,0x000200f8,0x00001147,0x000500be,0x000000dd,0x00001149,0x0000113e,
	0x00000167,0x000300f7,0x0000114c,0x00000000,0x000400fa,0x00001149,0x0000114a,0x0000114b,
	0x000200f8,0x0000114b,0x000200f9,0x0000114c,0x000200f8,0x0000114a,0x000200f9,0x0000114c,
	0x000200f8,0x0000114c,0x000700f5,0x00000025,0x00001b53,0x0000016c,0x0000114a,0x000000fd,
	0x0000114b,0x000700f5,0x00000025,0x00001b50,0x0000016b,0x0000114a,0x0000016e,0x0000114b,
	0x000200f9,0x0000114d,0x000200f8,0x00001141,0x000500be,0x000000dd,0x00001143,0x0000113e,
	0x0000015a,0x000300f7,0x00001146,0x00000000,0x000400fa,0x00001143,0x00001144,0x00001145,
	0x000200f8,0x00001145,0x000200f9,0x00001146,0x000200f8,0x00001144,0x000200f9,0x00001146,
	0x000200f8,0x00001146,0x000700f5,0x00000025,0x00001b52,0x00000161,0x00001144,0x00000164,
	0x00001145,0x000700f5,0x00000025,0x00001b4f,0x0000015f,0x00001144,0x00000163,0x00001145,
	0x000200f9,0x0000114d,0x000200f8,0x0000114d,0x000700f5,0x00000025,0x00001b51,0x00001b52,
	0x00001146,0x00001b53,0x0000114c,0x000700f5,0x00000025,0x00001b4e,0x00001b4f,0x00001146,
	0x00001b50,0x0000114c,0x00050085,0x00000025,0x00001150,0x0000113e,0x00001b4e,0x0006000c,
	0x00000025,0x00001151,0x00000001,0x00000003,0x00001150,0x00050085,0x00000025,0x00001152,
	0x00001151,0x00000173,0x00050081,0x00000025,0x00001154,0x00001152,0x00001b51,0x00050041,
	0x0000002a,0x000010a2,0x00000fec,0x000001a6,0x0004003d,0x00000025,0x000010a3,0x000010a2,
	0x0008000c,0x00000025,0x0000115a,0x00000001,0x0000002b,0x000010a3,0x000000fd,0x00000152,
	0x000500be,0x000000dd,0x0000115c,0x0000115a,0x00000155,0x000300f7,0x00001169,0x00000000,
	0x000400fa,0x0000115c,0x0000115d,0x00001163,0x000200f8,0x00001163,0x000500be,0x000000dd,
	0x00001165,0x0000115a,0x00000167,0x000300f7,0x00001168,0x00000000,0x000400fa,0x00001165,
	0x00001166,0x00001167,0x000200f8,0x00001167,0x000200f9,0x00001168,0x000200f8,0x00001166,
	0x000200f9,0x00001168,0x000200f8,0x00001168,0x000700f5,0x00000025,0x00001b59,0x0000016c,
	0x00001166,0x000000fd,0x00001167,0x000700f5,0x00000025,0x00001b56,0x0000016b,0x00001166,
	0x0000016e,0x00001167,0x000200f9,0x00001169,0x000200f8,0x0000115d,0x000500be,0x000000dd,
	0x0000115f,0x0000115a,0x0000015a,0x000300f7,0x00001162,0x00000000,0x000400fa,0x0000115f,
	0x00001160,0x00001161,0x000200f8,0x00001161,0x000200f9,0x00001162,0x000200f8,0x00001160,
	0x000200f9,0x00001162,0x000200f8,0x00001162,0x000700f5,0x00000025,0x00001b58,0x00000161,
	0x00001160,0x00000164,0x00001161,0x000700f5,0x00000025,0x00001b55,0x0000015f,0x00001160,
	0x00000163,0x00001161,0x000200f9,0x00001169,0x000200f8,0x00001169,0x000700f5,0x00000025,
	0x00001b57,0x00001b58,0x00001162,0x00001b59,0x00001168,0x000700f5,0x00000025,0x00001b54,
	0x00001b55,0x00001162,0x00001b56,0x00001168,0x00050085,0x00000025,0x0000116c,0x0000115a,
	0x00001b54,0x0006000c,0x00000025,0x0000116d,0x00000001,0x00000003,0x0000116c,0x00050085,
	0x00000025,0x0000116e,0x0000116d,0x00000173,0x00050081,0x00000025,0x00001170,0x0000116e,
	0x00001b57,0x00050041,0x0000002a,0x000010a6,0x00000fec,0x00000097,0x0003003e,0x000010a6,
	0x00001138,0x00050041,0x0000002a,0x000010a8,0x00000fec,0x00000095,0x0003003e,0x000010a8,
	0x00001154,0x00050041,0x0000002a,0x000010aa,0x00000fec,0x000001a6,0x0003003e,0x000010aa,
	0x00001170,0x000200f9,0x000010ac,0x000200f8,0x000010ac,0x0004003d,0x0000003e,0x000010ad,
	0x00000fec,0x0003003e,0x00000ff2,0x000010ad,0x000200f9,0x0000118a,0x000200f8,0x0000118a,
	0x000300f7,0x000011ca,0x00000000,0x001100fb,0x0000111c,0x0000118c,0x00000000,0x0000118d,
	0x00000001,0x0000118d,0x00000002,0x000011a0,0x0000000a,0x000011a0,0x00000003,0x000011b3,
	0x0000000c,0x000011b3,0x0000000e,0x000011c6,0x000200f8,0x000011c6,0x00050041,0x0000002a,
	0x000011c7,0x00000ff2,0x00000097,0x0004003d,0x00000025,0x000011c8,0x000011c7,0x0004007c,
	0x00000006,0x000011c9,0x000011c8,0x000200f9,0x000011ca,0x000200f8,0x000011b3,0x00050041,
	0x0000002a,0x000011b4,0x00000ff2,0x00000097,0x0004003d,0x00000025,0x000011b5,0x000011b4,
	0x0008000c,0x00000025,0x00001214,0x00000001,0x0000002b,0x000011b5,0x000000fd,0x00000103,
	0x0004007c,0x00000006,0x00001215,0x00001214,0x000500b0,0x000000dd,0x00001217,0x00001215,
	0x00000108,0x000500c7,0x00000006,0x00001219,0x00001215,0x0000010c,0x000500c5,0x00000006,
	0x0000121a,0x0000010a,0x00001219,0x000500c2,0x00000006,0x0000121c,0x00001215,0x000000c4,
	0x00050082,0x00000006,0x0000121d,0x0000010f,0x0000121c,0x0007000c,0x00000006,0x0000121e,
	0x00000001,0x00000026,0x0000121d,0x00000113,0x000500c2,0x00000006,0x0000121f,0x0000121a,
	0x0000121e,0x00050080,0x00000006,0x00001221,0x00001215,0x00000117,0x000600a9,0x00000006,
	0x00001222,0x00001217,0x0000121f,0x00001221,0x00050080,0x00000006,0x00001224,0x00001222,
	0x0000011b,0x000500c2,0x00000006,0x00001226,0x00001222,0x0000011e,0x000500c7,0x00000006,
	0x00001227,0x00001226,0x00000095,0x00050080,0x00000006,0x00001228,0x00001224,0x00001227,
	0x000500c2,0x00000006,0x00001229,0x00001228,0x0000011e,0x000500c7,0x00000006,0x0000122a,
	0x00001229,0x00000123,0x00050041,0x0000002a,0x000011b7,0x00000ff2,0x00000095,0x0004003d,
	0x00000025,0x000011b8,0x000011b7,0x0008000c,0x00000025,0x00001230,0x00000001,0x0000002b,
	0x000011b8,0x000000fd,0x00000103,0x0004007c,0x00000006,0x00001231,0x00001230,0x000500b0,
	0x000000dd,0x00001233,0x00001231,0x00000108,0x000500c7,0x00000006,0x00001235,0x00001231,
	0x0000010c,0x000500c5,0x00000006,0x00001236,0x0000010a,0x00001235,0x000500c2,0x00000006,
	0x00001238,0x00001231,0x000000c4,0x00050082,0x00000006,0x00001239,0x0000010f,0x00001238,
	0x0007000c,0x00000006,0x0000123a,0x00000001,0x00000026,0x00001239,0x00000113,0x000500c2,
	0x00000006,0x0000123b,0x00001236,0x0000123a,0x00050080,0x00000006,0x0000123d,0x00001231,
	0x00000117,0x000600a9,0x00000006,0x0000123e,0x00001233,0x0000123b,0x0000123d,0x00050080,
	0x00000006,0x00001240,0x0000123e,0x0000011b,0x000500c2,0x00000006,0x00001242,0x0000123e,
	0x0000011e,0x000500c7,0x00000006,0x00001243,0x00001242,0x00000095,0x00050080,0x00000006,
	0x00001244,0x00001240,0x00001243,0x000500c2,0x00000006,0x00001245,0x00001244,0x0000011e,
	0x000500c7,0x00000006,0x00001246,0x00001245,0x00000123,0x000500c4,0x00000006,0x000011ba,
	0x00001246,0x000001bf,0x000500c5,0x00000006,0x000011bb,0x0000122a,0x000011ba,0x00050041,
	0x0000002a,0x000011bc,0x00000ff2,0x000001a6,0x0004003d,0x00000025,0x000011bd,0x000011bc,
	0x0008000c,0x00000025,0x0000124c,0x00000001,0x0000002b,0x000011bd,0x000000fd,0x00000103,
	0x0004007c,0x00000006,0x0000124d,0x0000124c,0x000500b0,0x000000dd,0x0000124f,0x0000124d,
	0x00000108,0x000500c7,0x00000006,0x00001251,0x0000124d,0x0000010c,0x000500c5,0x00000006,
	0x00001252,0x0000010a,0x00001251,0x000500c2,0x00000006,0x00001254,0x0000124d,0x000000c4,
	0x00050082,0x00000006,0x00001255,0x0000010f,0x00001254,0x0007000c,0x00000006,0x00001256,
	0x00000001,0x00000026,0x00001255,0x00000113,0x000500c2,0x00000006,0x00001257,0x00001252,
	0x00001256,0x00050080,0x00000006,0x00001259,0x0000124d,0x00000117,0x000600a9,0x00000006,
	0x0000125a,0x0000124f,0x00001257,0x00001259,0x00050080,0x00000006,0x0000125c,0x0000125a,
	0x0000011b,0x000500c2,0x00000006,0x0000125e,0x0000125a,0x0000011e,0x000500c7,0x00000006,
	0x0000125f,0x0000125e,0x00000095,0x00050080,0x00000006,0x00001260,0x0000125c,0x0000125f,
	0x000500c2,0x00000006,0x00001261,0x00001260,0x0000011e,0x000500c7,0x00000006,0x00001262,
	0x00001261,0x00000123,0x000500c4,0x00000006,0x000011bf,0x00001262,0x000000da,0x000500c5,
	0x00000006,0x000011c0,0x000011bb,0x000011bf,0x00050041,0x0000002a,0x000011c1,0x00000ff2,
	0x000000b3,0x0004003d,0x00000025,0x000011c2,0x000011c1,0x0008000c,0x00000025,0x00001266,
	0x00000001,0x0000002b,0x000011c2,0x000000fd,0x00000152,0x00050085,0x00000025,0x00001268,
	0x00001266,0x000001c9,0x00050081,0x00000025,0x00001269,0x00001268,0x0000018b,0x0004006d,
	0x00000006,0x0000126a,0x00001269,0x000500c4,0x00000006,0x000011c4,0x0000126a,0x000001cf,
	0x000500c5,0x00000006,0x000011c5,0x000011c0,0x000011c4,0x000200f9,0x000011ca,0x000200f8,
	0x000011a0,0x00050041,0x0000002a,0x000011a1,0x00000ff2,0x00000097,0x0004003d,0x00000025,
	0x000011a2,0x000011a1,0x0008000c,0x00000025,0x000011f2,0x00000001,0x0000002b,0x000011a2,
	0x000000fd,0x00000152,0x00050085,0x00000025,0x000011f4,0x000011f2,0x0000016e,0x00050081,
	0x00000025,0x000011f5,0x000011f4,0x0000018b,0x0004006d,0x00000006,0x000011f6,0x000011f5,
	0x00050041,0x0000002a,0x000011a4,0x00000ff2,0x00000095,0x0004003d,0x00000025,0x000011a5,
	0x000011a4,0x0008000c,0x00000025,0x000011fa,0x00000001,0x0000002b,0x000011a5,0x000000fd,
	0x00000152,0x00050085,0x00000025,0x000011fc,0x000011fa,0x0000016e,0x00050081,0x00000025,
	0x000011fd,0x000011fc,0x0000018b,0x0004006d,0x00000006,0x000011fe,0x000011fd,0x000500c4,
	0x00000006,0x000011a7,0x000011fe,0x000001bf,0x000500c5,0x00000006,0x000011a8,0x000011f6,
	0x000011a7,0x00050041,0x0000002a,0x000011a9,0x00000ff2,0x000001a6,0x0004003d,0x00000025,
	0x000011aa,0x000011a9,0x0008000c,0x00000025,0x00001202,0x00000001,0x0000002b,0x000011aa,
	0x000000fd,0x00000152,0x00050085,0x00000025,0x00001204,0x00001202,0x0000016e,0x00050081,
	0x00000025,0x00001205,0x00001204,0x0000018b,0x0004006d,0x00000006,0x00001206,0x00001205,
	0x000500c4,0x00000006,0x000011ac,0x00001206,0x000000da,0x000500c5,0x00000006,0x000011ad,
	0x000011a8,0x000011ac,0x00050041,0x0000002a,0x000011ae,0x00000ff2,0x000000b3,0x0004003d,
	0x00000025,0x000011af,0x000011ae,0x0008000c,0x00000025,0x0000120a,0x00000001,0x0000002b,
	0x000011af,0x000000fd,0x00000152,0x00050085,0x00000025,0x0000120c,0x0000120a,0x000001c9,
	0x00050081,0x00000025,0x0000120d,0x0000120c,0x0000018b,0x0004006d,0x00000006,0x0000120e,
	0x0000120d,0x000500c4,0x00000006,0x000011b1,0x0000120e,0x000001cf,0x000500c5,0x00000006,
	0x000011b2,0x000011ad,0x000011b1,0x000200f9,0x000011ca,0x000200f8,0x0000118d,0x00050041,
	0x0000002a,0x0000118e,0x00000ff2,0x00000097,0x0004003d,0x00000025,0x0000118f,0x0000118e,
	0x0008000c,0x00000025,0x000011d2,0x00000001,0x0000002b,0x0000118f,0x000000fd,0x00000152,
	0x00050085,0x00000025,0x000011d4,0x000011d2,0x00000197,0x00050081,0x00000025,0x000011d5,
	0x000011d4,0x0000018b,0x0004006d,0x00000006,0x000011d6,0x000011d5,0x00050041,0x0000002a,
	0x00001191,0x00000ff2,0x00000095,0x0004003d,0x00000025,0x00001192,0x00001191,0x0008000c,
	0x00000025,0x000011da,0x00000001,0x0000002b,0x00001192,0x000000fd,0x00000152,0x00050085,
	0x00000025,0x000011dc,0x000011da,0x00000197,0x00050081,0x00000025,0x000011dd,0x000011dc,
	0x0000018b,0x0004006d,0x00000006,0x000011de,0x000011dd,0x000500c4,0x00000006,0x00001194,
	0x000011de,0x000001a2,0x000500c5,0x00000006,0x00001195,0x000011d6,0x00001194,0x00050041,
	0x0000002a,0x00001196,0x00000ff2,0x000001a6,0x0004003d,0x00000025,0x00001197,0x00001196,
	0x0008000c,0x00000025,0x000011e2,0x00000001,0x0000002b,0x00001197,0x000000fd,0x00000152,
	0x00050085,0x00000025,0x000011e4,0x000011e2,0x00000197,0x00050081,0x00000025,0x000011e5,
	0x000011e4,0x0000018b,0x0004006d,0x00000006,0x000011e6,0x000011e5,0x000500c4,0x00000006,
	0x00001199,0x000011e6,0x0000011e,0x000500c5,0x00000006,0x0000119a,0x00001195,0x00001199,
	0x00050041,0x0000002a,0x0000119b,0x00000ff2,0x000000b3,0x0004003d,0x00000025,0x0000119c,
	0x0000119b,0x0008000c,0x00000025,0x000011ea,0x00000001,0x0000002b,0x0000119c,0x000000fd,
	0x00000152,0x00050085,0x00000025,0x000011ec,0x000011ea,0x00000197,0x00050081,0x00000025,
	0x000011ed,0x000011ec,0x0000018b,0x0004006d,0x00000006,0x000011ee,0x000011ed,0x000500c4,
	0x00000006,0x0000119e,0x000011ee,0x00000113,0x000500c5,0x00000006,0x0000119f,0x0000119a,
	0x0000119e,0x000200f9,0x000011ca,0x000200f8,0x0000118c,0x000200f9,0x000011ca,0x000200f8,
	0x000011ca,0x000d00f5,0x00000006,0x00001b5c,0x00000097,0x0000118c,0x0000119f,0x0000118d,
	0x000011b2,0x000011a0,0x000011c5,0x000011b3,0x000011c9,0x000011c6,0x000200f9,0x000011cd,
	0x000200f8,0x000011cd,0x00050050,0x00000007,0x00000cd1,0x00001af4,0x00001b5c,0x0003003e,
	0x00000cbf,0x00000cd1,0x000200f9,0x00001273,0x000200f8,0x00001273,0x000300f7,0x000012a2,
	0x00000000,0x000900fb,0x00000cb5,0x00001275,0x00000005,0x00001276,0x00000007,0x00001286,
	0x0000000f,0x0000129a,0x000200f8,0x0000129a,0x00050041,0x00000009,0x0000129b,0x00000cbf,
	0x00000097,0x0004003d,0x00000006,0x0000129c,0x0000129b,0x0004007c,0x00000025,0x0000129d,
	0x0000129c,0x00050041,0x00000009,0x0000129e,0x00000cbf,0x00000095,0x0004003d,0x00000006,
	0x0000129f,0x0000129e,0x0004007c,0x00000025,0x000012a0,0x0000129f,0x00070050,0x0000003e,
	0x000012a1,0x0000129d,0x000012a0,0x000000fd,0x000000fd,0x000200f9,0x000012a2,0x000200f8,
	0x00001286,0x00050041,0x00000009,0x00001287,0x00000cbf,0x00000097,0x0004003d,0x00000006,
	0x00001288,0x00001287,0x0006000c,0x00000244,0x00001289,0x00000001,0x0000003e,0x00001288,
	0x00050051,0x00000025,0x0000128a,0x00001289,0x00000000,0x00050041,0x00000009,0x0000128b,
	0x00000cbf,0x00000097,0x0004003d,0x00000006,0x0000128c,0x0000128b,0x000500c2,0x00000006,
	0x0000128d,0x0000128c,0x0000011e,0x0006000c,0x00000244,0x0000128e,0x00000001,0x0000003e,
	0x0000128d,0x00050051,0x00000025,0x0000128f,0x0000128e,0x00000000,0x00050041,0x00000009,
	0x00001290,0x00000cbf,0x00000095,0x0004003d,0x00000006,0x00001291,0x00001290,0x0006000c,
	0x00000244,0x00001292,0x00000001,0x0000003e,0x00001291,0x00050051,0x00000025,0x00001293,
	0x00001292,0x00000000,0x00050041,0x00000009,0x00001294,0x00000cbf,0x00000095,0x0004003d,
	0x00000006,0x00001295,0x00001294,0x000500c2,0x00000006,0x00001296,0x00001295,0x0000011e,
	0x0006000c,0x00000244,0x00001297,0x00000001,0x0000003e,0x00001296,0x00050051,0x00000025,
	0x00001298,0x00001297,0x00000000,0x00070050,0x0000003e,0x00001299,0x0000128a,0x0000128f,
	0x00001293,0x00001298,0x000200f9,0x000012a2,0x000200f8,0x00001276,0x00050041,0x00000009,
	0x00001277,0x00000cbf,0x00000097,0x0004003d,0x00000006,0x00001278,0x00001277,0x000500c4,
	0x00000006,0x000012aa,0x00001278,0x0000011e,0x0004007c,0x0000005e,0x000012ab,0x000012aa,
	0x000500c3,0x0000005e,0x000012ac,0x000012ab,0x0000017c,0x0004006f,0x00000025,0x000012ad,
	0x000012ac,0x00050085,0x00000025,0x000012ae,0x000012ad,0x0000017f,0x0007000c,0x00000025,
	0x000012af,0x00000001,0x00000028,0x000012ae,0x00000181,0x00050085,0x00000025,0x000012b1,
	0x000012af,0x000006ee,0x00050041,0x00000009,0x0000127a,0x00000cbf,0x00000097,0x0004003d,
	0x00000006,0x0000127b,0x0000127a,0x000500c2,0x00000006,0x0000127c,0x0000127b,0x0000011e,
	0x000500c4,0x00000006,0x000012b5,0x0000127c,0x0000011e,0x0004007c,0x0000005e,0x000012b6,
	0x000012b5,0x000500c3,0x0000005e,0x000012b7,0x000012b6,0x0000017c,0x0004006f,0x00000025,
	0x000012b8,0x000012b7,0x00050085,0x00000025,0x000012b9,0x000012b8,0x0000017f,0x0007000c,
	0x00000025,0x000012ba,0x00000001,0x00000028,0x000012b9,0x00000181,0x00050085,0x00000025,
	0x000012bc,0x000012ba,0x000006ee,0x00050041,0x00000009,0x0000127e,0x00000cbf,0x00000095,
	0x0004003d,0x00000006,0x0000127f,0x0000127e,0x000500c4,0x00000006,0x000012c0,0x0000127f,
	0x0000011e,0x0004007c,0x0000005e,0x000012c1,0x000012c0,0x000500c3,0x0000005e,0x000012c2,
	0x000012c1,0x0000017c,0x0004006f,0x00000025,0x000012c3,0x000012c2,0x00050085,0x00000025,
	0x000012c4,0x000012c3,0x0000017f,0x0007000c,0x00000025,0x000012c5,0x00000001,0x00000028,
	0x000012c4,0x00000181,0x00050085,0x00000025,0x000012c7,0x000012c5,0x000006ee,0x00050041,
	0x00000009,0x00001281,0x00000cbf,0x00000095,0x0004003d,0x00000006,0x00001282,0x00001281,
	0x000500c2,0x00000006,0x00001283,0x00001282,0x0000011e,0x000500c4,0x00000006,0x000012cb,
	0x00001283,0x0000011e,0x0004007c,0x0000005e,0x000012cc,0x000012cb,0x000500c3,0x0000005e,
	0x000012cd,0x000012cc,0x0000017c,0x0004006f,0x00000025,0x000012ce,0x000012cd,0x00050085,
	0x00000025,0x000012cf,0x000012ce,0x0000017f,0x0007000c,0x00000025,0x000012d0,0x00000001,
	0x00000028,0x000012cf,0x00000181,0x00050085,0x00000025,0x000012d2,0x000012d0,0x000006ee,
	0x00070050,0x0000003e,0x00001285,0x000012b1,0x000012bc,0x000012c7,0x000012d2,0x000200f9,
	0x000012a2,0x000200f8,0x00001275,0x000200f9,0x000012a2,0x000200f8,0x000012a2,0x000b00f5,
	0x0000003e,0x00001b70,0x0000024d,0x00001275,0x00001285,0x00001276,0x00001299,0x00001286,
	0x000012a1,0x0000129a,0x000200f9,0x000012a5,0x000200f8,0x000012a5,0x000200f9,0x00000cd8,
	0x000200f8,0x00000cd8,0x000700f5,0x0000003e,0x00001b71,0x00001b70,0x000012a5,0x00001b12,
	0x0000132b,0x0004003d,0x0000003e,0x00000759,0x000006a9,0x00050081,0x0000003e,0x0000075a,
	0x00000759,0x00001b71,0x0003003e,0x000006a9,0x0000075a,0x000200f9,0x0000075b,0x000200f8,
	0x0000075b,0x00050080,0x00000006,0x0000075d,0x00001a6e,0x000000ea,0x000200f9,0x0000074d,
	0x000200f8,0x0000075e,0x00040070,0x00000025,0x00000760,0x00001a70,0x00050088,0x00000025,
	0x00000761,0x00000152,0x00000760,0x0004003d,0x0000003e,0x00000762,0x000006a9,0x0005008e,
	0x0000003e,0x00000763,0x00000762,0x00000761,0x00050041,0x0000049c,0x00000764,0x0000049b,
	0x000003af,0x0004003d,0x00000006,0x00000765,0x00000764,0x000500c4,0x00000006,0x00000766,
	0x00000765,0x0000011e,0x0004007c,0x0000005e,0x00000767,0x00000766,0x000500c3,0x0000005e,
	0x00000768,0x00000767,0x000005e2,0x00050080,0x0000005e,0x0000076a,0x000005e4,0x00000768,
	0x0004007c,0x00000006,0x0000076b,0x0000076a,0x000500c4,0x00000006,0x0000076c,0x0000076b,
	0x000000c4,0x0004007c,0x00000025,0x0000076d,0x0000076c,0x0005008e,0x0000003e,0x0000076f,
	0x00000763,0x0000076d,0x0003003e,0x000006a9,0x0000076f,0x00050041,0x0000049c,0x00000770,
	0x0000049b,0x000003af,0x0004003d,0x00000006,0x00000771,0x00000770,0x000500c2,0x00000006,
	0x00000772,0x00000771,0x000005ee,0x000500c7,0x00000006,0x00000773,0x00000772,0x00000095,
	0x000500ab,0x000000dd,0x00000774,0x00000773,0x00000097,0x000300f7,0x00000778,0x00000000,
	0x000400fa,0x00000774,0x00000775,0x00000778,0x000200f8,0x00000775,0x0004003d,0x0000003e,
	0x00000776,0x000006a9,0x0009004f,0x0000003e,0x00000777,0x00000776,0x00000776,0x00000002,
	0x00000001,0x00000000,0x00000003,0x0003003e,0x000006a9,0x00000777,0x000200f9,0x00000778,
	0x000200f8,0x00000778,0x000500aa,0x000000dd,0x0000077a,0x00000704,0x00000097,0x000300f7,
	0x000007cd,0x00000000,0x000400fa,0x0000077a,0x0000077b,0x00000783,0x000200f8,0x00000783,
	0x000500aa,0x000000dd,0x00000785,0x00000704,0x00000095,0x000300f7,0x000007cc,0x00000000,
	0x000400fa,0x00000785,0x00000786,0x0000078e,0x000200f8,0x0000078e,0x000500aa,0x000000dd,
	0x00000790,0x00000704,0x000001a6,0x000300f7,0x000007cb,0x00000000,0x000400fa,0x00000790,
	0x00000791,0x0000079a,0x000200f8,0x0000079a,0x00050041,0x0000002a,0x0000079b,0x000006a9,
	0x00000097,0x0004003d,0x00000025,0x0000079c,0x0000079b,0x00050050,0x00000244,0x0000079d,
	0x0000079c,0x000000fd,0x0006000c,0x00000006,0x0000079e,0x00000001,0x0000003a,0x0000079d,
	0x00050041,0x0000002a,0x0000079f,0x000006a9,0x00000095,0x0004003d,0x00000025,0x000007a0,
	0x0000079f,0x00050050,0x00000244,0x000007a1,0x000007a0,0x000000fd,0x0006000c,0x00000006,
	0x000007a2,0x00000001,0x0000003a,0x000007a1,0x000500c4,0x00000006,0x000007a3,0x000007a2,
	0x0000011e,0x000500c5,0x00000006,0x000007a4,0x0000079e,0x000007a3,0x00050041,0x0000002a,
	0x000007a5,0x000006a9,0x000001a6,0x0004003d,0x00000025,0x000007a6,0x000007a5,0x00050050,
	0x00000244,0x000007a7,0x000007a6,0x000000fd,0x0006000c,0x00000006,0x000007a8,0x00000001,
	0x0000003a,0x000007a7,0x00050041,0x0000002a,0x000007a9,0x000006a9,0x000000b3,0x0004003d,
	0x00000025,0x000007aa,0x000007a9,0x00050050,0x00000244,0x000007ab,0x000007aa,0x000000fd,
	0x0006000c,0x00000006,0x000007ac,0x00000001,0x0000003a,0x000007ab,0x000500c4,0x00000006,
	0x000007ad,0x000007ac,0x0000011e,0x000500c5,0x00000006,0x000007ae,0x000007a8,0x000007ad,
	0x00050050,0x00000007,0x000007af,0x000007a4,0x000007ae,0x0003003e,0x000006c4,0x000007af,
	0x000500c2,0x0000005e,0x000007b1,0x00001a74,0x000003c2,0x00050041,0x00000009,0x000007b3,
	0x000006c4,0x00000097,0x0004003d,0x00000006,0x000007b4,0x000007b3,0x000500aa,0x000000dd,
	0x000019cc,0x00000708,0x00000095,0x000300f7,0x000019f0,0x00000000,0x000400fa,0x000019cc,
	0x000019cd,0x000019d5,0x000200f8,0x000019d5,0x000500aa,0x000000dd,0x000019d7,0x00000708,
	0x000001a6,0x000300f7,0x000019ef,0x00000000,0x000400fa,0x000019d7,0x000019d8,0x000019e5,
	0x000200f8,0x000019e5,0x000500aa,0x000000dd,0x000019e7,0x00000708,0x000000b3,0x000300f7,
	0x000019ee,0x00000000,0x000400fa,0x000019e7,0x000019e8,0x000019ee,0x000200f8,0x000019e8,
	0x000500c4,0x00000006,0x000019ea,0x000007b4,0x0000011e,0x000500c2,0x00000006,0x000019ec,
	0x000007b4,0x0000011e,0x000500c5,0x00000006,0x000019ed,0x000019ea,0x000019ec,0x000200f9,
	0x000019ee,0x000200f8,0x000019ee,0x000700f5,0x00000006,0x00001a77,0x000007b4,0x000019e5,
	0x000019ed,0x000019e8,0x000200f9,0x000019ef,0x000200f8,0x000019d8,0x000500c7,0x00000006,
	0x000019da,0x000007b4,0x00000432,0x000500c4,0x00000006,0x000019db,0x000019da,0x000001a2,
	0x000500c7,0x00000006,0x000019dd,0x000007b4,0x00000436,0x000500c2,0x00000006,0x000019de,
	0x000019dd,0x000001a2,0x000500c5,0x00000006,0x000019df,0x000019db,0x000019de,0x000500c4,
	0x00000006,0x000019e1,0x000019df,0x0000011e,0x000500c2,0x00000006,0x000019e3,0x000019df,
	0x0000011e,0x000500c5,0x00000006,0x000019e4,0x000019e1,0x000019e3,0x000200f9,0x000019ef,
	0x000200f8,0x000019ef,0x000700f5,0x00000006,0x00001a76,0x000019e4,0x000019d8,0x00001a77,
	0x000019ee,0x000200f9,0x000019f0,0x000200f8,0x000019cd,0x000500c7,0x00000006,0x000019cf,
	0x000007b4,0x00000432,0x000500c4,0x00000006,0x000019d0,0x000019cf,0x000001a2,0x000500c7,
	0x00000006,0x000019d2,0x000007b4,0x00000436,0x000500c2,0x00000006,0x000019d3,0x000019d2,
	0x000001a2,0x000500c5,0x00000006,0x000019d4,0x000019d0,0x000019d3,0x000200f9,0x000019f0,
	0x000200f8,0x000019f0,0x000700f5,0x00000006,0x00001a75,0x000019d4,0x000019cd,0x00001a76,
	0x000019ef,0x000200f9,0x00001a19,0x000200f8,0x00001a19,0x00060041,0x00000488,0x000007bd,
	0x00000485,0x00000377,0x000007b1,0x0003003e,0x000007bd,0x00001a75,0x00050080,0x0000005e,
	0x000007bf,0x000007b1,0x000000ea,0x000200f9,0x00001a42,0x000200f8,0x00001a42,0x00050041,
	0x00000009,0x000007c4,0x000006c4,0x00000095,0x0004003d,0x00000006,0x000007c5,0x000007c4,
	0x000500aa,0x000000dd,0x00001a47,0x00000708,0x00000095,0x000300f7,0x00001a6b,0x00000000,
	0x000400fa,0x00001a47,0x00001a48,0x00001a50,0x000200f8,0x00001a50,0x000500aa,0x000000dd,
	0x00001a52,0x00000708,0x000001a6,0x000300f7,0x00001a6a,0x00000000,0x000400fa,0x00001a52,
	0x00001a53,0x00001a60,0x000200f8,0x00001a60,0x000500aa,0x000000dd,0x00001a62,0x00000708,
	0x000000b3,0x000300f7,0x00001a69,0x00000000,0x000400fa,0x00001a62,0x00001a63,0x00001a69,
	0x000200f8,0x00001a63,0x000500c4,0x00000006,0x00001a65,0x000007c5,0x0000011e,0x000500c2,
	0x00000006,0x00001a67,0x000007c5,0x0000011e,0x000500c5,0x00000006,0x00001a68,0x00001a65,
	0x00001a67,0x000200f9,0x00001a69,0x000200f8,0x00001a69,0x000700f5,0x00000006,0x00001a80,
	0x000007c5,0x00001a60,0x00001a68,0x00001a63,0x000200f9,0x00001a6a,0x000200f8,0x00001a53,
	0x000500c7,0x00000006,0x00001a55,0x000007c5,0x00000432,0x000500c4,0x00000006,0x00001a56,
	0x00001a55,0x000001a2,0x000500c7,0x00000006,0x00001a58,0x000007c5,0x00000436,0x000500c2,
	0x00000006,0x00001a59,0x00001a58,0x000001a2,0x000500c5,0x00000006,0x00001a5a,0x00001a56,
	0x00001a59,0x000500c4,0x00000006,0x00001a5c,0x00001a5a,0x0000011e,0x000500c2,0x00000006,
	0x00001a5e,0x00001a5a,0x0000011e,0x000500c5,0x00000006,0x00001a5f,0x00001a5c,0x00001a5e,
	0x000200f9,0x00001a6a,0x000200f8,0x00001a6a,0x000700f5,0x00000006,0x00001a7f,0x00001a5f,
	0x00001a53,0x00001a80,0x00001a69,0x000200f9,0x00001a6b,0x000200f8,0x00001a48,0x000500c7,
	0x00000006,0x00001a4a,0x000007c5,0x00000432,0x000500c4,0x00000006,0x00001a4b,0x00001a4a,
	0x000001a2,0x000500c7,0x00000006,0x00001a4d,0x000007c5,0x00000436,0x000500c2,0x00000006,
	0x00001a4e,0x00001a4d,0x000001a2,0x000500c5,0x00000006,0x00001a4f,0x00001a4b,0x00001a4e,
	0x000200f9,0x00001a6b,0x000200f8,0x00001a6b,0x000700f5,0x00000006,0x00001a7e,0x00001a4f,
	0x00001a48,0x00001a7f,0x00001a6a,0x00060041,0x00000488,0x000007ca,0x00000485,0x00000377,
	0x000007bf,0x0003003e,0x000007ca,0x00001a7e,0x000200f9,0x000007cb,0x000200f8,0x00000791,
	0x00050041,0x0000002a,0x00000792,0x000006a9,0x00000097,0x0004003d,0x00000025,0x00000793,
	0x00000792,0x0004007c,0x00000006,0x00000794,0x00000793,0x000500aa,0x000000dd,0x0000186e,
	0x00000708,0x00000095,0x000300f7,0x00001892,0x00000000,0x000400fa,0x0000186e,0x0000186f,
	0x00001877,0x000200f8,0x00001877,0x000500aa,0x000000dd,0x00001879,0x00000708,0x000001a6,
	0x000300f7,0x00001891,0x00000000,0x000400fa,0x00001879,0x0000187a,0x00001887,0x000200f8,
	0x00001887,0x000500aa,0x000000dd,0x00001889,0x00000708,0x000000b3,0x000300f7,0x00001890,
	0x00000000,0x000400fa,0x00001889,0x0000188a,0x00001890,0x000200f8,0x0000188a,0x000500c4,
	0x00000006,0x0000188c,0x00000794,0x0000011e,0x000500c2,0x00000006,0x0000188e,0x00000794,
	0x0000011e,0x000500c5,0x00000006,0x0000188f,0x0000188c,0x0000188e,0x000200f9,0x00001890,
	0x000200f8,0x00001890,0x000700f5,0x00000006,0x00001a83,0x00000794,0x00001887,0x0000188f,
	0x0000188a,0x000200f9,0x00001891,0x000200f8,0x0000187a,0x000500c7,0x00000006,0x0000187c,
	0x00000794,0x00000432,0x000500c4,0x00000006,0x0000187d,0x0000187c,0x000001a2,0x000500c7,
	0x00000006,0x0000187f,0x00000794,0x00000436,0x000500c2,0x00000006,0x00001880,0x0000187f,
	0x000001a2,0x000500c5,0x00000006,0x00001881,0x0000187d,0x00001880,0x000500c4,0x00000006,
	0x00001883,0x00001881,0x0000011e,0x000500c2,0x00000006,0x00001885,0x00001881,0x0000011e,
	0x000500c5,0x00000006,0x00001886,0x00001883,0x00001885,0x000200f9,0x00001891,0x000200f8,
	0x00001891,0x000700f5,0x00000006,0x00001a82,0x00001886,0x0000187a,0x00001a83,0x00001890,
	0x000200f9,0x00001892,0x000200f8,0x0000186f,0x000500c7,0x00000006,0x00001871,0x00000794,
	0x00000432,0x000500c4,0x00000006,0x00001872,0x00001871,0x000001a2,0x000500c7,0x00000006,
	0x00001874,0x00000794,0x00000436,0x000500c2,0x00000006,0x00001875,0x00001874,0x000001a2,
	0x000500c5,0x00000006,0x00001876,0x00001872,0x00001875,0x000200f9,0x00001892,0x000200f8,
	0x00001892,0x000700f5,0x00000006,0x00001a81,0x00001876,0x0000186f,0x00001a82,0x00001891,
	0x000500c2,0x0000005e,0x000018a1,0x00001a74,0x000003c2,0x00060041,0x00000488,0x000018a4,
	0x00000485,0x00000377,0x000018a1,0x0003003e,0x000018a4,0x00001a81,0x0004003d,0x0000048b,
	0x000018a5,0x0000048d,0x00040068,0x00000007,0x000018a6,0x000018a5,0x0003003e,0x00001895,
	0x000018a6,0x00050041,0x00000009,0x000018a7,0x00001895,0x00000097,0x0004003d,0x00000006,
	0x000018a8,0x000018a7,0x00050041,0x00000009,0x000018a9,0x00001896,0x00000097,0x0003003e,
	0x000018a9,0x000018a8,0x00050041,0x00000009,0x000018aa,0x00001895,0x00000095,0x0004003d,
	0x00000006,0x000018ab,0x000018aa,0x00050041,0x00000009,0x000018ac,0x00001896,0x00000095,
	0x0003003e,0x000018ac,0x000018ab,0x00050041,0x0000049c,0x000018ae,0x0000049b,0x000003e6,
	0x0004003d,0x00000006,0x000018af,0x000018ae,0x00050050,0x00000007,0x000018b0,0x00000097,
	0x000018af,0x00050080,0x00000007,0x000018b1,0x000006e7,0x000018b0,0x0004003d,0x00000007,
	0x000018b3,0x00001896,0x000500b0,0x000004a3,0x000018b4,0x000018b1,0x000018b3,0x0004009b,
	0x000000dd,0x000018b5,0x000018b4,0x000300f7,0x000018be,0x00000000,0x000400fa,0x000018b5,
	0x000018b6,0x000018be,0x000200f8,0x000018b6,0x00050041,0x0000049c,0x000018b8,0x0000049b,
	0x000004a9,0x0004003d,0x00000006,0x000018b9,0x000018b8,0x000500c7,0x00000006,0x000018e4,
	0x000018b9,0x000000cd,0x000500aa,0x000000dd,0x00001904,0x000018e4,0x00000095,0x000300f7,
	0x00001928,0x00000000,0x000400fa,0x00001904,0x00001905,0x0000190d,0x000200f8,0x0000190d,
	0x000500aa,0x000000dd,0x0000190f,0x000018e4,0x000001a6,0x000300f7,0x00001927,0x00000000,
	0x000400fa,0x0000190f,0x00001910,0x0000191d,0x000200f8,0x0000191d,0x000500aa,0x000000dd,
	0x0000191f,0x000018e4,0x000000b3,0x000300f7,0x00001926,0x00000000,0x000400fa,0x0000191f,
	0x00001920,0x00001926,0x000200f8,0x00001920,0x000500c4,0x00000006,0x00001922,0x00001a81,
	0x0000011e,0x000500c2,0x00000006,0x00001924,0x00001a81,0x0000011e,0x000500c5,0x00000006,
	0x00001925,0x00001922,0x00001924,0x000200f9,0x00001926,0x000200f8,0x00001926,0x000700f5,
	0x00000006,0x00001a89,0x00001a81,0x0000191d,0x00001925,0x00001920,0x000200f9,0x00001927,
	0x000200f8,0x00001910,0x000500c7,0x00000006,0x00001912,0x00001a81,0x00000432,0x000500c4,
	0x00000006,0x00001913,0x00001912,0x000001a2,0x000500c7,0x00000006,0x00001915,0x00001a81,
	0x00000436,0x000500c2,0x00000006,0x00001916,0x00001915,0x000001a2,0x000500c5,0x00000006,
	0x00001917,0x00001913,0x00001916,0x000500c4,0x00000006,0x00001919,0x00001917,0x0000011e,
	0x000500c2,0x00000006,0x0000191b,0x00001917,0x0000011e,0x000500c5,0x00000006,0x0000191c,
	0x00001919,0x0000191b,0x000200f9,0x00001927,0x000200f8,0x00001927,0x000700f5,0x00000006,
	0x00001a88,0x0000191c,0x00001910,0x00001a89,0x00001926,0x000200f9,0x00001928,0x000200f8,
	0x00001905,0x000500c7,0x00000006,0x00001907,0x00001a81,0x00000432,0x000500c4,0x00000006,
	0x00001908,0x00001907,0x000001a2,0x000500c7,0x00000006,0x0000190a,0x00001a81,0x00000436,
	0x000500c2,0x00000006,0x0000190b,0x0000190a,0x000001a2,0x000500c5,0x00000006,0x0000190c,
	0x00001908,0x0000190b,0x000200f9,0x00001928,0x000200f8,0x00001928,0x000700f5,0x00000006,
	0x00001a87,0x0000190c,0x00001905,0x00001a88,0x00001927,0x000500c2,0x00000006,0x000018e8,
	0x000018b9,0x000000b3,0x000500c7,0x00000006,0x000018e9,0x000018e8,0x000000b3,0x000500aa,
	0x000000dd,0x000018eb,0x000018e9,0x00000095,0x000300f7,0x000018ff,0x00000000,0x000400fa,
	0x000018eb,0x000018ec,0x000018f6,0x000200f8,0x000018f6,0x000500aa,0x000000dd,0x000018f8,
	0x000018e9,0x000001a6,0x000300f7,0x000018fe,0x00000000,0x000400fa,0x000018f8,0x000018f9,
	0x000018fe,0x000200f8,0x000018f9,0x000500c2,0x00000006,0x000018fb,0x00001a87,0x000001a2,
	0x000500c7,0x00000006,0x00001930,0x000018fb,0x000000d1,0x000500c7,0x00000006,0x00001932,
	0x000018fb,0x000000d6,0x000500c2,0x00000006,0x00001934,0x00001930,0x000000da,0x000500aa,
	0x000000dd,0x00001936,0x00001934,0x00000097,0x000500ab,0x000000dd,0x00001938,0x00001932,
	0x00000097,0x000500a7,0x000000dd,0x00001939,0x00001936,0x00001938,0x000300f7,0x00001947,
	0x00000000,0x000400fa,0x00001939,0x0000193a,0x00001947,0x000200f8,0x0000193a,0x0006000c,
	0x00000006,0x0000193c,0x00000001,0x0000004b,0x00001932,0x00050082,0x00000006,0x0000193e,
	0x000000da,0x0000193c,0x0004007c,0x0000005e,0x00001940,0x0000193e,0x00050082,0x0000005e,
	0x00001941,0x000000ea,0x00001940,0x0004007c,0x00000006,0x00001942,0x00001941,0x000500c4,
	0x00000006,0x00001945,0x00001932,0x0000193e,0x000500c7,0x00000006,0x00001946,0x00001945,
	0x000000d6,0x000200f9,0x00001947,0x000200f8,0x00001947,0x000700f5,0x00000006,0x00001a8b,
	0x00001932,0x000018f9,0x00001946,0x0000193a,0x000700f5,0x00000006,0x00001a8a,0x00001934,
	0x000018f9,0x00001942,0x0000193a,0x000500ab,0x000000dd,0x00001949,0x00001930,0x00000097,
	0x00050080,0x00000006,0x0000194b,0x00001a8a,0x000000f6,0x000500c4,0x00000006,0x0000194c,
	0x0000194b,0x000000c4,0x000500c4,0x00000006,0x0000194e,0x00001a8b,0x000000b3,0x000500c5,
	0x00000006,0x0000194f,0x0000194c,0x0000194e,0x0004007c,0x00000025,0x00001950,0x0000194f,
	0x000600a9,0x00000025,0x00001951,0x00001949,0x00001950,0x000000fd,0x0004007c,0x00000006,
	0x000018fd,0x00001951,0x000200f9,0x000018fe,0x000200f8,0x000018fe,0x000700f5,0x00000006,
	0x00001a8d,0x00001a87,0x000018f6,0x000018fd,0x00001947,0x000200f9,0x000018ff,0x000200f8,
	0x000018ec,0x000500c2,0x00000006,0x000018ee,0x00001a87,0x000001a2,0x000500c2,0x00000006,
	0x000018f1,0x000018ee,0x000000c4,0x00050080,0x00000006,0x000018f2,0x000018ee,0x000018f1,
	0x00040070,0x00000025,0x000018f3,0x000018f2,0x00050085,0x00000025,0x000018f4,0x000018f3,
	0x0000046f,0x0004007c,0x00000006,0x000018f5,0x000018f4,0x000200f9,0x000018ff,0x000200f8,
	0x000018ff,0x000700f5,0x00000006,0x00001a8c,0x000018f5,0x000018ec,0x00001a8d,0x000018fe,
	0x0004003d,0x0000048b,0x000018bb,0x0000048d,0x00040063,0x000018bb,0x000018b1,0x00001a8c,
	0x000200f9,0x000018be,0x000200f8,0x000018be,0x00050041,0x0000049c,0x000018bf,0x0000049b,
	0x000004b3,0x0004003d,0x00000006,0x000018c0,0x000018bf,0x000500c2,0x00000006,0x000018c1,
	0x000018c0,0x000004b6,0x000500c7,0x00000006,0x000018c2,0x000018c1,0x00000095,0x000500ab,
	0x000000dd,0x000018c3,0x000018c2,0x00000097,0x000300f7,0x000018da,0x00000000,0x000400fa,
	0x000018c3,0x000018c4,0x000018da,0x000200f8,0x000018c4,0x0004003d,0x0000048b,0x000018c5,
	0x000004bd,0x00040068,0x00000007,0x000018c6,0x000018c5,0x0003003e,0x0000189b,0x000018c6,
	0x00050041,0x00000009,0x000018c7,0x0000189b,0x00000097,0x0004003d,0x00000006,0x000018c8,
	0x000018c7,0x00050041,0x00000009,0x000018c9,0x00001896,0x00000097,0x0003003e,0x000018c9,
	0x000018c8,0x00050041,0x00000009,0x000018ca,0x0000189b,0x00000095,0x0004003d,0x00000006,
	0x000018cb,0x000018ca,0x00050041,0x00000009,0x000018cc,0x00001896,0x00000095,0x0003003e,
	0x000018cc,0x000018cb,0x0004003d,0x00000007,0x000018ce,0x00001896,0x000500b0,0x000004a3,
	0x000018cf,0x000018b1,0x000018ce,0x0004009b,0x000000dd,0x000018d0,0x000018cf,0x000300f7,
	0x000018d9,0x00000000,0x000400fa,0x000018d0,0x000018d1,0x000018d9,0x000200f8,0x000018d1,
	0x00050041,0x0000049c,0x000018d3,0x0000049b,0x000004b3,0x0004003d,0x00000006,0x000018d4,
	0x000018d3,0x000500c7,0x00000006,0x0000195b,0x000018d4,0x000000cd,0x000500aa,0x000000dd,
	0x0000197b,0x0000195b,0x00000095,0x000300f7,0x0000199f,0x00000000,0x000400fa,0x0000197b,
	0x0000197c,0x00001984,0x000200f8,0x00001984,0x000500aa,0x000000dd,0x00001986,0x0000195b,
	0x000001a6,0x000300f7,0x0000199e,0x00000000,0x000400fa,0x00001986,0x00001987,0x00001994,
	0x000200f8,0x00001994,0x000500aa,0x000000dd,0x00001996,0x0000195b,0x000000b3,0x000300f7,
	0x0000199d,0x00000000,0x000400fa,0x00001996,0x00001997,0x0000199d,0x000200f8,0x00001997,
	0x000500c4,0x00000006,0x00001999,0x00001a81,0x0000011e,0x000500c2,0x00000006,0x0000199b,
	0x00001a81,0x0000011e,0x000500c5,0x00000006,0x0000199c,0x00001999,0x0000199b,0x000200f9,
	0x0000199d,0x000200f8,0x0000199d,0x000700f5,0x00000006,0x00001a90,0x00001a81,0x00001994,
	0x0000199c,0x00001997,0x000200f9,0x0000199e,0x000200f8,0x00001987,0x000500c7,0x00000006,
	0x00001989,0x00001a81,0x00000432,0x000500c4,0x00000006,0x0000198a,0x00001989,0x000001a2,
	0x000500c7,0x00000006,0x0000198c,0x00001a81,0x00000436,0x000500c2,0x00000006,0x0000198d,
	0x0000198c,0x000001a2,0x000500c5,0x00000006,0x0000198e,0x0000198a,0x0000198d,0x000500c4,
	0x00000006,0x00001990,0x0000198e,0x0000011e,0x000500c2,0x00000006,0x00001992,0x0000198e,
	0x0000011e,0x000500c5,0x00000006,0x00001993,0x00001990,0x00001992,0x000200f9,0x0000199e,
	0x000200f8,0x0000199e,0x000700f5,0x00000006,0x00001a8f,0x00001993,0x00001987,0x00001a90,
	0x0000199d,0x000200f9,0x0000199f,0x000200f8,0x0000197c,0x000500c7,0x00000006,0x0000197e,
	0x00001a81,0x00000432,0x000500c4,0x00000006,0x0000197f,0x0000197e,0x000001a2,0x000500c7,
	0x00000006,0x00001981,0x00001a81,0x00000436,0x000500c2,0x00000006,0x00001982,0x00001981,
	0x000001a2,0x000500c5,0x00000006,0x00001983,0x0000197f,0x00001982,0x000200f9,0x0000199f,
	0x000200f8,0x0000199f,0x000700f5,0x00000006,0x00001a8e,0x00001983,0x0000197c,0x00001a8f,
	0x0000199e,0x000500c2,0x00000006,0x0000195f,0x000018d4,0x000000b3,0x000500c7,0x00000006,
	0x00001960,0x0000195f,0x000000b3,0x000500aa,0x000000dd,0x00001962,0x00001960,0x00000095,
	0x000300f7,0x00001976,0x00000000,0x000400fa,0x00001962,0x00001963,0x0000196d,0x000200f8,
	0x0000196d,0x000500aa,0x000000dd,0x0000196f,0x00001960,0x000001a6,0x000300f7,0x00001975,
	0x00000000,0x000400fa,0x0000196f,0x00001970,0x00001975,0x000200f8,0x00001970,0x000500c2,
	0x00000006,0x00001972,0x00001a8e,0x000001a2,0x000500c7,0x00000006,0x000019a7,0x00001972,
	0x000000d1,0x000500c7,0x00000006,0x000019a9,0x00001972,0x000000d6,0x000500c2,0x00000006,
	0x000019ab,0x000019a7,0x000000da,0x000500aa,0x000000dd,0x000019ad,0x000019ab,0x00000097,
	0x000500ab,0x000000dd,0x000019af,0x000019a9,0x00000097,0x000500a7,0x000000dd,0x000019b0,
	0x000019ad,0x000019af,0x000300f7,0x000019be,0x00000000,0x000400fa,0x000019b0,0x000019b1,
	0x000019be,0x000200f8,0x000019b1,0x0006000c,0x00000006,0x000019b3,0x00000001,0x0000004b,
	0x000019a9,0x00050082,0x00000006,0x000019b5,0x000000da,0x000019b3,0x0004007c,0x0000005e,
	0x000019b7,0x000019b5,0x00050082,0x0000005e,0x000019b8,0x000000ea,0x000019b7,0x0004007c,
	0x00000006,0x000019b9,0x000019b8,0x000500c4,0x00000006,0x000019bc,0x000019a9,0x000019b5,
	0x000500c7,0x00000006,0x000019bd,0x000019bc,0x000000d6,0x000200f9,0x000019be,0x000200f8,
	0x000019be,0x000700f5,0x00000006,0x00001a92,0x000019a9,0x00001970,0x000019bd,0x000019b1,
	0x000700f5,0x00000006,0x00001a91,0x000019ab,0x00001970,0x000019b9,0x000019b1,0x000500ab,
	0x000000dd,0x000019c0,0x000019a7,0x00000097,0x00050080,0x00000006,0x000019c2,0x00001a91,
	0x000000f6,0x000500c4,0x00000006,0x000019c3,0x000019c2,0x000000c4,0x000500c4,0x00000006,
	0x000019c5,0x00001a92,0x000000b3,0x000500c5,0x00000006,0x000019c6,0x000019c3,0x000019c5,
	0x0004007c,0x00000025,0x000019c7,0x000019c6,0x000600a9,0x00000025,0x000019c8,0x000019c0,
	0x000019c7,0x000000fd,0x0004007c,0x00000006,0x00001974,0x000019c8,0x000200f9,0x00001975,
	0x000200f8,0x00001975,0x000700f5,0x00000006,0x00001a94,0x00001a8e,0x0000196d,0x00001974,
	0x000019be,0x000200f9,0x00001976,0x000200f8,0x00001963,0x000500c2,0x00000006,0x00001965,
	0x00001a8e,0x000001a2,0x000500c2,0x00000006,0x00001968,0x00001965,0x000000c4,0x00050080,
	0x00000006,0x00001969,0x00001965,0x00001968,0x00040070,0x00000025,0x0000196a,0x00001969,
	0x00050085,0x00000025,0x0000196b,0x0000196a,0x0000046f,0x0004007c,0x00000006,0x0000196c,
	0x0000196b,0x000200f9,0x00001976,0x000200f8,0x00001976,0x000700f5,0x00000006,0x00001a93,
	0x0000196c,0x00001963,0x00001a94,0x00001975,0x0004003d,0x0000048b,0x000018d6,0x000004bd,
	0x00040063,0x000018d6,0x000018b1,0x00001a93,0x000200f9,0x000018d9,0x000200f8,0x000018d9,
	0x000200f9,0x000018da,0x000200f8,0x000018da,0x000200f9,0x000007cb,0x000200f8,0x000007cb,
	0x000200f9,0x000007cc,0x000200f8,0x00000786,0x0004003d,0x0000003e,0x00000787,0x000006a9,
	0x0003003e,0x000006b8,0x00000787,0x000200f9,0x0000162c,0x000200f8,0x0000162c,0x000200f9,
	0x00001642,0x000200f8,0x00001642,0x00050041,0x0000002a,0x00001643,0x000006b8,0x00000097,
	0x0004003d,0x00000025,0x00001644,0x00001643,0x0008000c,0x00000025,0x00001694,0x00000001,
	0x0000002b,0x00001644,0x000000fd,0x00000152,0x00050085,0x00000025,0x00001696,0x00001694,
	0x0000016e,0x00050081,0x00000025,0x00001697,0x00001696,0x0000018b,0x0004006d,0x00000006,
	0x00001698,0x00001697,0x00050041,0x0000002a,0x00001646,0x000006b8,0x00000095,0x0004003d,
	0x00000025,0x00001647,0x00001646,0x0008000c,0x00000025,0x0000169c,0x00000001,0x0000002b,
	0x00001647,0x000000fd,0x00000152,0x00050085,0x00000025,0x0000169e,0x0000169c,0x0000016e,
	0x00050081,0x00000025,0x0000169f,0x0000169e,0x0000018b,0x0004006d,0x00000006,0x000016a0,
	0x0000169f,0x000500c4,0x00000006,0x00001649,0x000016a0,0x000001bf,0x000500c5,0x00000006,
	0x0000164a,0x00001698,0x00001649,0x00050041,0x0000002a,0x0000164b,0x000006b8,0x000001a6,
	0x0004003d,0x00000025,0x0000164c,0x0000164b,0x0008000c,0x00000025,0x000016a4,0x00000001,
	0x0000002b,0x0000164c,0x000000fd,0x00000152,0x00050085,0x00000025,0x000016a6,0x000016a4,
	0x0000016e,0x00050081,0x00000025,0x000016a7,0x000016a6,0x0000018b,0x0004006d,0x00000006,
	0x000016a8,0x000016a7,0x000500c4,0x00000006,0x0000164e,0x000016a8,0x000000da,0x000500c5,
	0x00000006,0x0000164f,0x0000164a,0x0000164e,0x00050041,0x0000002a,0x00001650,0x000006b8,
	0x000000b3,0x0004003d,0x00000025,0x00001651,0x00001650,0x0008000c,0x00000025,0x000016ac,
	0x00000001,0x0000002b,0x00001651,0x000000fd,0x00000152,0x00050085,0x00000025,0x000016ae,
	0x000016ac,0x000001c9,0x00050081,0x00000025,0x000016af,0x000016ae,0x0000018b,0x0004006d,
	0x00000006,0x000016b0,0x000016af,0x000500c4,0x00000006,0x00001653,0x000016b0,0x000001cf,
	0x000500c5,0x00000006,0x00001654,0x0000164f,0x00001653,0x000200f9,0x0000166c,0x000200f8,
	0x0000166c,0x000200f9,0x0000166f,0x000200f8,0x0000166f,0x000500aa,0x000000dd,0x00001710,
	0x00000708,0x00000095,0x000300f7,0x00001734,0x00000000,0x000400fa,0x00001710,0x00001711,
	0x00001719,0x000200f8,0x00001719,0x000500aa,0x000000dd,0x0000171b,0x00000708,0x000001a6,
	0x000300f7,0x00001733,0x00000000,0x000400fa,0x0000171b,0x0000171c,0x00001729,0x000200f8,
	0x00001729,0x000500aa,0x000000dd,0x0000172b,0x00000708,0x000000b3,0x000300f7,0x00001732,
	0x00000000,0x000400fa,0x0000172b,0x0000172c,0x00001732,0x000200f8,0x0000172c,0x000500c4,
	0x00000006,0x0000172e,0x00001654,0x0000011e,0x000500c2,0x00000006,0x00001730,0x00001654,
	0x0000011e,0x000500c5,0x00000006,0x00001731,0x0000172e,0x00001730,0x000200f9,0x00001732,
	0x000200f8,0x00001732,0x000700f5,0x00000006,0x00001a9a,0x00001654,0x00001729,0x00001731,
	0x0000172c,0x000200f9,0x00001733,0x000200f8,0x0000171c,0x000500c7,0x00000006,0x0000171e,
	0x00001654,0x00000432,0x000500c4,0x00000006,0x0000171f,0x0000171e,0x000001a2,0x000500c7,
	0x00000006,0x00001721,0x00001654,0x00000436,0x000500c2,0x00000006,0x00001722,0x00001721,
	0x000001a2,0x000500c5,0x00000006,0x00001723,0x0000171f,0x00001722,0x000500c4,0x00000006,
	0x00001725,0x00001723,0x0000011e,0x000500c2,0x00000006,0x00001727,0x00001723,0x0000011e,
	0x000500c5,0x00000006,0x00001728,0x00001725,0x00001727,0x000200f9,0x00001733,0x000200f8,
	0x00001733,0x000700f5,0x00000006,0x00001a99,0x00001728,0x0000171c,0x00001a9a,0x00001732,
	0x000200f9,0x00001734,0x000200f8,0x00001711,0x000500c7,0x00000006,0x00001713,0x00001654,
	0x00000432,0x000500c4,0x00000006,0x00001714,0x00001713,0x000001a2,0x000500c7,0x00000006,
	0x00001716,0x00001654,0x00000436,0x000500c2,0x00000006,0x00001717,0x00001716,0x000001a2,
	0x000500c5,0x00000006,0x00001718,0x00001714,0x00001717,0x000200f9,0x00001734,0x000200f8,
	0x00001734,0x000700f5,0x00000006,0x00001a98,0x00001718,0x00001711,0x00001a99,0x00001733,
	0x000500c2,0x0000005e,0x00001743,0x00001a74,0x000003c2,0x00060041,0x00000488,0x00001746,
	0x00000485,0x00000377,0x00001743,0x0003003e,0x00001746,0x00001a98,0x0004003d,0x0000048b,
	0x00001747,0x0000048d,0x00040068,0x00000007,0x00001748,0x00001747,0x0003003e,0x00001737,
	0x00001748,0x00050041,0x00000009,0x00001749,0x00001737,0x00000097,0x0004003d,0x00000006,
	0x0000174a,0x00001749,0x00050041,0x00000009,0x0000174b,0x00001738,0x00000097,0x0003003e,
	0x0000174b,0x0000174a,0x00050041,0x00000009,0x0000174c,0x00001737,0x00000095,0x0004003d,
	0x00000006,0x0000174d,0x0000174c,0x00050041,0x00000009,0x0000174e,0x00001738,0x00000095,
	0x0003003e,0x0000174e,0x0000174d,0x00050041,0x0000049c,0x00001750,0x0000049b,0x000003e6,
	0x0004003d,0x00000006,0x00001751,0x00001750,0x00050050,0x00000007,0x00001752,0x00000097,
	0x00001751,0x00050080,0x00000007,0x00001753,0x000006e7,0x00001752,0x0004003d,0x00000007,
	0x00001755,0x00001738,0x000500b0,0x000004a3,0x00001756,0x00001753,0x00001755,0x0004009b,
	0x000000dd,0x00001757,0x00001756,0x000300f7,0x00001760,0x00000000,0x000400fa,0x00001757,
	0x00001758,0x00001760,0x000200f8,0x00001758,0x00050041,0x0000049c,0x0000175a,0x0000049b,
	0x000004a9,0x0004003d,0x00000006,0x0000175b,0x0000175a,0x000500c7,0x00000006,0x00001786,
	0x0000175b,0x000000cd,0x000500aa,0x000000dd,0x000017a6,0x00001786,0x00000095,0x000300f7,
	0x000017ca,0x00000000,0x000400fa,0x000017a6,0x000017a7,0x000017af,0x000200f8,0x000017af,
	0x000500aa,0x000000dd,0x000017b1,0x00001786,0x000001a6,0x000300f7,0x000017c9,0x00000000,
	0x000400fa,0x000017b1,0x000017b2,0x000017bf,0x000200f8,0x000017bf,0x000500aa,0x000000dd,
	0x000017c1,0x00001786,0x000000b3,0x000300f7,0x000017c8,0x00000000,0x000400fa,0x000017c1,
	0x000017c2,0x000017c8,0x000200f8,0x000017c2,0x000500c4,0x00000006,0x000017c4,0x00001a98,
	0x0000011e,0x000500c2,0x00000006,0x000017c6,0x00001a98,0x0000011e,0x000500c5,0x00000006,
	0x000017c7,0x000017c4,0x000017c6,0x000200f9,0x000017c8,0x000200f8,0x000017c8,0x000700f5,
	0x00000006,0x00001aa5,0x00001a98,0x000017bf,0x000017c7,0x000017c2,0x000200f9,0x000017c9,
	0x000200f8,0x000017b2,0x000500c7,0x00000006,0x000017b4,0x00001a98,0x00000432,0x000500c4,
	0x00000006,0x000017b5,0x000017b4,0x000001a2,0x000500c7,0x00000006,0x000017b7,0x00001a98,
	0x00000436,0x000500c2,0x00000006,0x000017b8,0x000017b7,0x000001a2,0x000500c5,0x00000006,
	0x000017b9,0x000017b5,0x000017b8,0x000500c4,0x00000006,0x000017bb,0x000017b9,0x0000011e,
	0x000500c2,0x00000006,0x000017bd,0x000017b9,0x0000011e,0x000500c5,0x00000006,0x000017be,
	0x000017bb,0x000017bd,0x000200f9,0x000017c9,0x000200f8,0x000017c9,0x000700f5,0x00000006,
	0x00001aa4,0x000017be,0x000017b2,0x00001aa5,0x000017c8,0x000200f9,0x000017ca,0x000200f8,
	0x000017a7,0x000500c7,0x00000006,0x000017a9,0x00001a98,0x00000432,0x000500c4,0x00000006,
	0x000017aa,0x000017a9,0x000001a2,0x000500c7,0x00000006,0x000017ac,0x00001a98,0x00000436,
	0x000500c2,0x00000006,0x000017ad,0x000017ac,0x000001a2,0x000500c5,0x00000006,0x000017ae,
	0x000017aa,0x000017ad,0x000200f9,0x000017ca,0x000200f8,0x000017ca,0x000700f5,0x00000006,
	0x00001aa3,0x000017ae,0x000017a7,0x00001aa4,0x000017c9,0x000500c2,0x00000006,0x0000178a,
	0x0000175b,0x000000b3,0x000500c7,0x00000006,0x0000178b,0x0000178a,0x000000b3,0x000500aa,
	0x000000dd,0x0000178d,0x0000178b,0x00000095,0x000300f7,0x000017a1,0x00000000,0x000400fa,
	0x0000178d,0x0000178e,0x00001798,0x000200f8,0x00001798,0x000500aa,0x000000dd,0x0000179a,
	0x0000178b,0x000001a6,0x000300f7,0x000017a0,0x00000000,0x000400fa,0x0000179a,0x0000179b,
	0x000017a0,0x000200f8,0x0000179b,0x000500c2,0x00000006,0x0000179d,0x00001aa3,0x000001a2,
	0x000500c7,0x00000006,0x000017d2,0x0000179d,0x000000d1,0x000500c7,0x00000006,0x000017d4,
	0x0000179d,0x000000d6,0x000500c2,0x00000006,0x000017d6,0x000017d2,0x000000da,0x000500aa,
	0x000000dd,0x000017d8,0x000017d6,0x00000097,0x000500ab,0x000000dd,0x000017da,0x000017d4,
	0x00000097,0x000500a7,0x000000dd,0x000017db,0x000017d8,0x000017da,0x000300f7,0x000017e9,
	0x00000000,0x000400fa,0x000017db,0x000017dc,0x000017e9,0x000200f8,0x000017dc,0x0006000c,
	0x00000006,0x000017de,0x00000001,0x0000004b,0x000017d4,0x00050082,0x00000006,0x000017e0,
	0x000000da,0x000017de,0x0004007c,0x0000005e,0x000017e2,0x000017e0,0x00050082,0x0000005e,
	0x000017e3,0x000000ea,0x000017e2,0x0004007c,0x00000006,0x000017e4,0x000017e3,0x000500c4,
	0x00000006,0x000017e7,0x000017d4,0x000017e0,0x000500c7,0x00000006,0x000017e8,0x000017e7,
	0x000000d6,0x000200f9,0x000017e9,0x000200f8,0x000017e9,0x000700f5,0x00000006,0x00001aa7,
	0x000017d4,0x0000179b,0x000017e8,0x000017dc,0x000700f5,0x00000006,0x00001aa6,0x000017d6,
	0x0000179b,0x000017e4,0x000017dc,0x000500ab,0x000000dd,0x000017eb,0x000017d2,0x00000097,
	0x00050080,0x00000006,0x000017ed,0x00001aa6,0x000000f6,0x000500c4,0x00000006,0x000017ee,
	0x000017ed,0x000000c4,0x000500c4,0x00000006,0x000017f0,0x00001aa7,0x000000b3,0x000500c5,
	0x00000006,0x000017f1,0x000017ee,0x000017f0,0x0004007c,0x00000025,0x000017f2,0x000017f1,
	0x000600a9,0x00000025,0x000017f3,0x000017eb,0x000017f2,0x000000fd,0x0004007c,0x00000006,
	0x0000179f,0x000017f3,0x000200f9,0x000017a0,0x000200f8,0x000017a0,0x000700f5,0x00000006,
	0x00001aa9,0x00001aa3,0x00001798,0x0000179f,0x000017e9,0x000200f9,0x000017a1,0x000200f8,
	0x0000178e,0x000500c2,0x00000006,0x00001790,0x00001aa3,0x000001a2,0x000500c2,0x00000006,
	0x00001793,0x00001790,0x000000c4,0x00050080,0x00000006,0x00001794,0x00001790,0x00001793,
	0x00040070,0x00000025,0x00001795,0x00001794,0x00050085,0x00000025,0x00001796,0x00001795,
	0x0000046f,0x0004007c,0x00000006,0x00001797,0x00001796,0x000200f9,0x000017a1,0x000200f8,
	0x000017a1,0x000700f5,0x00000006,0x00001aa8,0x00001797,0x0000178e,0x00001aa9,0x000017a0,
	0x0004003d,0x0000048b,0x0000175d,0x0000048d,0x00040063,0x0000175d,0x00001753,0x00001aa8,
	0x000200f9,0x00001760,0x000200f8,0x00001760,0x00050041,0x0000049c,0x00001761,0x0000049b,
	0x000004b3,0x0004003d,0x00000006,0x00001762,0x00001761,0x000500c2,0x00000006,0x00001763,
	0x00001762,0x000004b6,0x000500c7,0x00000006,0x00001764,0x00001763,0x00000095,0x000500ab,
	0x000000dd,0x00001765,0x00001764,0x00000097,0x000300f7,0x0000177c,0x00000000,0x000400fa,
	0x00001765,0x00001766,0x0000177c,0x000200f8,0x00001766,0x0004003d,0x0000048b,0x00001767,
	0x000004bd,0x00040068,0x00000007,0x00001768,0x00001767,0x0003003e,0x0000173d,0x00001768,
	0x00050041,0x00000009,0x00001769,0x0000173d,0x00000097,0x0004003d,0x00000006,0x0000176a,
	0x00001769,0x00050041,0x00000009,0x0000176b,0x00001738,0x00000097,0x0003003e,0x0000176b,
	0x0000176a,0x00050041,0x00000009,0x0000176c,0x0000173d,0x00000095,0x0004003d,0x00000006,
	0x0000176d,0x0000176c,0x00050041,0x00000009,0x0000176e,0x00001738,0x00000095,0x0003003e,
	0x0000176e,0x0000176d,0x0004003d,0x00000007,0x00001770,0x00001738,0x000500b0,0x000004a3,
	0x00001771,0x00001753,0x00001770,0x0004009b,0x000000dd,0x00001772,0x00001771,0x000300f7,
	0x0000177b,0x00000000,0x000400fa,0x00001772,0x00001773,0x0000177b,0x000200f8,0x00001773,
	0x00050041,0x0000049c,0x00001775,0x0000049b,0x000004b3,0x0004003d,0x00000006,0x00001776,
	0x00001775,0x000500c7,0x00000006,0x000017fd,0x00001776,0x000000cd,0x000500aa,0x000000dd,
	0x0000181d,0x000017fd,0x00000095,0x000300f7,0x00001841,0x00000000,0x000400fa,0x0000181d,
	0x0000181e,0x00001826,0x000200f8,0x00001826,0x000500aa,0x000000dd,0x00001828,0x000017fd,
	0x000001a6,0x000300f7,0x00001840,0x00000000,0x000400fa,0x00001828,0x00001829,0x00001836,
	0x000200f8,0x00001836,0x000500aa,0x000000dd,0x00001838,0x000017fd,0x000000b3,0x000300f7,
	0x0000183f,0x00000000,0x000400fa,0x00001838,0x00001839,0x0000183f,0x000200f8,0x00001839,
	0x000500c4,0x00000006,0x0000183b,0x00001a98,0x0000011e,0x000500c2,0x00000006,0x0000183d,
	0x00001a98,0x0000011e,0x000500c5,0x00000006,0x0000183e,0x0000183b,0x0000183d,0x000200f9,
	0x0000183f,0x000200f8,0x0000183f,0x000700f5,0x00000006,0x00001aac,0x00001a98,0x00001836,
	0x0000183e,0x00001839,0x000200f9,0x00001840,0x000200f8,0x00001829,0x000500c7,0x00000006,
	0x0000182b,0x00001a98,0x00000432,0x000500c4,0x00000006,0x0000182c,0x0000182b,0x000001a2,
	0x000500c7,0x00000006,0x0000182e,0x00001a98,0x00000436,0x000500c2,0x00000006,0x0000182f,
	0x0000182e,0x000001a2,0x000500c5,0x00000006,0x00001830,0x0000182c,0x0000182f,0x000500c4,
	0x00000006,0x00001832,0x00001830,0x0000011e,0x000500c2,0x00000006,0x00001834,0x00001830,
	0x0000011e,0x000500c5,0x00000006,0x00001835,0x00001832,0x00001834,0x000200f9,0x00001840,
	0x000200f8,0x00001840,0x000700f5,0x00000006,0x00001aab,0x00001835,0x00001829,0x00001aac,
	0x0000183f,0x000200f9,0x00001841,0x000200f8,0x0000181e,0x000500c7,0x00000006,0x00001820,
	0x00001a98,0x00000432,0x000500c4,0x00000006,0x00001821,0x00001820,0x000001a2,0x000500c7,
	0x00000006,0x00001823,0x00001a98,0x00000436,0x000500c2,0x00000006,0x00001824,0x00001823,
	0x000001a2,0x000500c5,0x00000006,0x00001825,0x00001821,0x00001824,0x000200f9,0x00001841,
	0x000200f8,0x00001841,0x000700f5,0x00000006,0x00001aaa,0x00001825,0x0000181e,0x00001aab,
	0x00001840,0x000500c2,0x00000006,0x00001801,0x00001776,0x000000b3,0x000500c7,0x00000006,
	0x00001802,0x00001801,0x000000b3,0x000500aa,0x000000dd,0x00001804,0x00001802,0x00000095,
	0x000300f7,0x00001818,0x00000000,0x000400fa,0x00001804,0x00001805,0x0000180f,0x000200f8,
	0x0000180f,0x000500aa,0x000000dd,0x00001811,0x00001802,0x000001a6,0x000300f7,0x00001817,
	0x00000000,0x000400fa,0x00001811,0x00001812,0x00001817,0x000200f8,0x00001812,0x000500c2,
	0x00000006,0x00001814,0x00001aaa,0x000001a2,0x000500c7,0x00000006,0x00001849,0x00001814,
	0x000000d1,0x000500c7,0x00000006,0x0000184b,0x00001814,0x000000d6,0x000500c2,0x00000006,
	0x0000184d,0x00001849,0x000000da,0x000500aa,0x000000dd,0x0000184f,0x0000184d,0x00000097,
	0x000500ab,0x000000dd,0x00001851,0x0000184b,0x00000097,0x000500a7,0x000000dd,0x00001852,
	0x0000184f,0x00001851,0x000300f7,0x00001860,0x00000000,0x000400fa,0x00001852,0x00001853,
	0x00001860,0x000200f8,0x00001853,0x0006000c,0x00000006,0x00001855,0x00000001,0x0000004b,
	0x0000184b,0x00050082,0x00000006,0x00001857,0x000000da,0x00001855,0x0004007c,0x0000005e,
	0x00001859,0x00001857,0x00050082,0x0000005e,0x0000185a,0x000000ea,0x00001859,0x0004007c,
	0x00000006,0x0000185b,0x0000185a,0x000500c4,0x00000006,0x0000185e,0x0000184b,0x00001857,
	0x000500c7,0x00000006,0x0000185f,0x0000185e,0x000000d6,0x000200f9,0x00001860,0x000200f8,
	0x00001860,0x000700f5,0x00000006,0x00001aae,0x0000184b,0x00001812,0x0000185f,0x00001853,
	0x000700f5,0x00000006,0x00001aad,0x0000184d,0x00001812,0x0000185b,0x00001853,0x000500ab,
	0x000000dd,0x00001862,0x00001849,0x00000097,0x00050080,0x00000006,0x00001864,0x00001aad,
	0x000000f6,0x000500c4,0x00000006,0x00001865,0x00001864,0x000000c4,0x000500c4,0x00000006,
	0x00001867,0x00001aae,0x000000b3,0x000500c5,0x00000006,0x00001868,0x00001865,0x00001867,
	0x0004007c,0x00000025,0x00001869,0x00001868,0x000600a9,0x00000025,0x0000186a,0x00001862,
	0x00001869,0x000000fd,0x0004007c,0x00000006,0x00001816,0x0000186a,0x000200f9,0x00001817,
	0x000200f8,0x00001817,0x000700f5,0x00000006,0x00001ab0,0x00001aaa,0x0000180f,0x00001816,
	0x00001860,0x000200f9,0x00001818,0x000200f8,0x00001805,0x000500c2,0x00000006,0x00001807,
	0x00001aaa,0x000001a2,0x000500c2,0x00000006,0x0000180a,0x00001807,0x000000c4,0x00050080,
	0x00000006,0x0000180b,0x00001807,0x0000180a,0x00040070,0x00000025,0x0000180c,0x0000180b,
	0x00050085,0x00000025,0x0000180d,0x0000180c,0x0000046f,0x0004007c,0x00000006,0x0000180e,
	0x0000180d,0x000200f9,0x00001818,0x000200f8,0x00001818,0x000700f5,0x00000006,0x00001aaf,
	0x0000180e,0x00001805,0x00001ab0,0x00001817,0x0004003d,0x0000048b,0x00001778,0x000004bd,
	0x00040063,0x00001778,0x00001753,0x00001aaf,0x000200f9,0x0000177b,0x000200f8,0x0000177b,
	0x000200f9,0x0000177c,0x000200f8,0x0000177c,0x000200f9,0x000007cc,0x000200f8,0x000007cc,
	0x000200f9,0x000007cd,0x000200f8,0x0000077b,0x0004003d,0x0000003e,0x0000077c,0x000006a9,
	0x0003003e,0x000006b1,0x0000077c,0x000200f9,0x000013d4,0x000200f8,0x000013d4,0x000200f9,
	0x000013d7,0x000200f8,0x000013d7,0x00050041,0x0000002a,0x000013d8,0x000006b1,0x00000097,
	0x0004003d,0x00000025,0x000013d9,0x000013d8,0x0008000c,0x00000025,0x0000141c,0x00000001,
	0x0000002b,0x000013d9,0x000000fd,0x00000152,0x00050085,0x00000025,0x0000141e,0x0000141c,
	0x00000197,0x00050081,0x00000025,0x0000141f,0x0000141e,0x0000018b,0x0004006d,0x00000006,
	0x00001420,0x0000141f,0x00050041,0x0000002a,0x000013db,0x000006b1,0x00000095,0x0004003d,
	0x00000025,0x000013dc,0x000013db,0x0008000c,0x00000025,0x00001424,0x00000001,0x0000002b,
	0x000013dc,0x000000fd,0x00000152,0x00050085,0x00000025,0x00001426,0x00001424,0x00000197,
	0x00050081,0x00000025,0x00001427,0x00001426,0x0000018b,0x0004006d,0x00000006,0x00001428,
	0x00001427,0x000500c4,0x00000006,0x000013de,0x00001428,0x000001a2,0x000500c5,0x00000006,
	0x000013df,0x00001420,0x000013de,0x00050041,0x0000002a,0x000013e0,0x000006b1,0x000001a6,
	0x0004003d,0x00000025,0x000013e1,0x000013e0,0x0008000c,0x00000025,0x0000142c,0x00000001,
	0x0000002b,0x000013e1,0x000000fd,0x00000152,0x00050085,0x00000025,0x0000142e,0x0000142c,
	0x00000197,0x00050081,0x00000025,0x0000142f,0x0000142e,0x0000018b,0x0004006d,0x00000006,
	0x00001430,0x0000142f,0x000500c4,0x00000006,0x000013e3,0x00001430,0x0000011e,0x000500c5,
	0x00000006,0x000013e4,0x000013df,0x000013e3,0x00050041,0x0000002a,0x000013e5,0x000006b1,
	0x000000b3,0x0004003d,0x00000025,0x000013e6,0x000013e5,0x0008000c,0x00000025,0x00001434,
	0x00000001,0x0000002b,0x000013e6,0x000000fd,0x00000152,0x00050085,0x00000025,0x00001436,
	0x00001434,0x00000197,0x00050081,0x00000025,0x00001437,0x00001436,0x0000018b,0x0004006d,
	0x00000006,0x00001438,0x00001437,0x000500c4,0x00000006,0x000013e8,0x00001438,0x00000113,
	0x000500c5,0x00000006,0x000013e9,0x000013e4,0x000013e8,0x000200f9,0x00001414,0x000200f8,
	0x00001414,0x000200f9,0x00001417,0x000200f8,0x00001417,0x000500aa,0x000000dd,0x000014b8,
	0x00000708,0x00000095,0x000300f7,0x000014dc,0x00000000,0x000400fa,0x000014b8,0x000014b9,
	0x000014c1,0x000200f8,0x000014c1,0x000500aa,0x000000dd,0x000014c3,0x00000708,0x000001a6,
	0x000300f7,0x000014db,0x00000000,0x000400fa,0x000014c3,0x000014c4,0x000014d1,0x000200f8,
	0x000014d1,0x000500aa,0x000000dd,0x000014d3,0x00000708,0x000000b3,0x000300f7,0x000014da,
	0x00000000,0x000400fa,0x000014d3,0x000014d4,0x000014da,0x000200f8,0x000014d4,0x000500c4,
	0x00000006,0x000014d6,0x000013e9,0x0000011e,0x000500c2,0x00000006,0x000014d8,0x000013e9,
	0x0000011e,0x000500c5,0x00000006,0x000014d9,0x000014d6,0x000014d8,0x000200f9,0x000014da,
	0x000200f8,0x000014da,0x000700f5,0x00000006,0x00001ab6,0x000013e9,0x000014d1,0x000014d9,
	0x000014d4,0x000200f9,0x000014db,0x000200f8,0x000014c4,0x000500c7,0x00000006,0x000014c6,
	0x000013e9,0x00000432,0x000500c4,0x00000006,0x000014c7,0x000014c6,0x000001a2,0x000500c7,
	0x00000006,0x000014c9,0x000013e9,0x00000436,0x000500c2,0x00000006,0x000014ca,0x000014c9,
	0x000001a2,0x000500c5,0x00000006,0x000014cb,0x000014c7,0x000014ca,0x000500c4,0x00000006,
	0x000014cd,0x000014cb,0x0000011e,0x000500c2,0x00000006,0x000014cf,0x000014cb,0x0000011e,
	0x000500c5,0x00000006,0x000014d0,0x000014cd,0x000014cf,0x000200f9,0x000014db,0x000200f8,
	0x000014db,0x000700f5,0x00000006,0x00001ab5,0x000014d0,0x000014c4,0x00001ab6,0x000014da,
	0x000200f9,0x000014dc,0x000200f8,0x000014b9,0x000500c7,0x00000006,0x000014bb,0x000013e9,
	0x00000432,0x000500c4,0x00000006,0x000014bc,0x000014bb,0x000001a2,0x000500c7,0x00000006,
	0x000014be,0x000013e9,0x00000436,0x000500c2,0x00000006,0x000014bf,0x000014be,0x000001a2,
	0x000500c5,0x00000006,0x000014c0,0x000014bc,0x000014bf,0x000200f9,0x000014dc,0x000200f8,
	0x000014dc,0x000700f5,0x00000006,0x00001ab4,0x000014c0,0x000014b9,0x00001ab5,0x000014db,
	0x000500c2,0x0000005e,0x000014eb,0x00001a74,0x000003c2,0x00060041,0x00000488,0x000014ee,
	0x00000485,0x00000377,0x000014eb,0x0003003e,0x000014ee,0x00001ab4,0x0004003d,0x0000048b,
	0x000014ef,0x0000048d,0x00040068,0x00000007,0x000014f0,0x000014ef,0x0003003e,0x000014df,
	0x000014f0,0x00050041,0x00000009,0x000014f1,0x000014df,0x00000097,0x0004003d,0x00000006,
	0x000014f2,0x000014f1,0x00050041,0x00000009,0x000014f3,0x000014e0,0x00000097,0x0003003e,
	0x000014f3,0x000014f2,0x00050041,0x00000009,0x000014f4,0x000014df,0x00000095,0x0004003d,
	0x00000006,0x000014f5,0x000014f4,0x00050041,0x00000009,0x000014f6,0x000014e0,0x00000095,
	0x0003003e,0x000014f6,0x000014f5,0x00050041,0x0000049c,0x000014f8,0x0000049b,0x000003e6,
	0x0004003d,0x00000006,0x000014f9,0x000014f8,0x00050050,0x00000007,0x000014fa,0x00000097,
	0x000014f9,0x00050080,0x00000007,0x000014fb,0x000006e7,0x000014fa,0x0004003d,0x00000007,
	0x000014fd,0x000014e0,0x000500b0,0x000004a3,0x000014fe,0x000014fb,0x000014fd,0x0004009b,
	0x000000dd,0x000014ff,0x000014fe,0x000300f7,0x00001508,0x00000000,0x000400fa,0x000014ff,
	0x00001500,0x00001508,0x000200f8,0x00001500,0x00050041,0x0000049c,0x00001502,0x0000049b,
	0x000004a9,0x0004003d,0x00000006,0x00001503,0x00001502,0x000500c7,0x00000006,0x0000152e,
	0x00001503,0x000000cd,0x000500aa,0x000000dd,0x0000154e,0x0000152e,0x00000095,0x000300f7,
	0x00001572,0x00000000,0x000400fa,0x0000154e,0x0000154f,0x00001557,0x000200f8,0x00001557,
	0x000500aa,0x000000dd,0x00001559,0x0000152e,0x000001a6,0x000300f7,0x00001571,0x00000000,
	0x000400fa,0x00001559,0x0000155a,0x00001567,0x000200f8,0x00001567,0x000500aa,0x000000dd,
	0x00001569,0x0000152e,0x000000b3,0x000300f7,0x00001570,0x00000000,0x000400fa,0x00001569,
	0x0000156a,0x00001570,0x000200f8,0x0000156a,0x000500c4,0x00000006,0x0000156c,0x00001ab4,
	0x0000011e,0x000500c2,0x00000006,0x0000156e,0x00001ab4,0x0000011e,0x000500c5,0x00000006,
	0x0000156f,0x0000156c,0x0000156e,0x000200f9,0x00001570,0x000200f8,0x00001570,0x000700f5,
	0x00000006,0x00001ac1,0x00001ab4,0x00001567,0x0000156f,0x0000156a,0x000200f9,0x00001571,
	0x000200f8,0x0000155a,0x000500c7,0x00000006,0x0000155c,0x00001ab4,0x00000432,0x000500c4,
	0x00000006,0x0000155d,0x0000155c,0x000001a2,0x000500c7,0x00000006,0x0000155f,0x00001ab4,
	0x00000436,0x000500c2,0x00000006,0x00001560,0x0000155f,0x000001a2,0x000500c5,0x00000006,
	0x00001561,0x0000155d,0x00001560,0x000500c4,0x00000006,0x00001563,0x00001561,0x0000011e,
	0x000500c2,0x00000006,0x00001565,0x00001561,0x0000011e,0x000500c5,0x00000006,0x00001566,
	0x00001563,0x00001565,0x000200f9,0x00001571,0x000200f8,0x00001571,0x000700f5,0x00000006,
	0x00001ac0,0x00001566,0x0000155a,0x00001ac1,0x00001570,0x000200f9,0x00001572,0x000200f8,
	0x0000154f,0x000500c7,0x00000006,0x00001551,0x00001ab4,0x00000432,0x000500c4,0x00000006,
	0x00001552,0x00001551,0x000001a2,0x000500c7,0x00000006,0x00001554,0x00001ab4,0x00000436,
	0x000500c2,0x00000006,0x00001555,0x00001554,0x000001a2,0x000500c5,0x00000006,0x00001556,
	0x00001552,0x00001555,0x000200f9,0x00001572,0x000200f8,0x00001572,0x000700f5,0x00000006,
	0x00001abf,0x00001556,0x0000154f,0x00001ac0,0x00001571,0x000500c2,0x00000006,0x00001532,
	0x00001503,0x000000b3,0x000500c7,0x00000006,0x00001533,0x00001532,0x000000b3,0x000500aa,
	0x000000dd,0x00001535,0x00001533,0x00000095,0x000300f7,0x00001549,0x00000000,0x000400fa,
	0x00001535,0x00001536,0x00001540,0x000200f8,0x00001540,0x000500aa,0x000000dd,0x00001542,
	0x00001533,0x000001a6,0x000300f7,0x00001548,0x00000000,0x000400fa,0x00001542,0x00001543,
	0x00001548,0x000200f8,0x00001543,0x000500c2,0x00000006,0x00001545,0x00001abf,0x000001a2,
	0x000500c7,0x00000006,0x0000157a,0x00001545,0x000000d1,0x000500c7,0x00000006,0x0000157c,
	0x00001545,0x000000d6,0x000500c2,0x00000006,0x0000157e,0x0000157a,0x000000da,0x000500aa,
	0x000000dd,0x00001580,0x0000157e,0x00000097,0x000500ab,0x000000dd,0x00001582,0x0000157c,
	0x00000097,0x000500a7,0x000000dd,0x00001583,0x00001580,0x00001582,0x000300f7,0x00001591,
	0x00000000,0x000400fa,0x00001583,0x00001584,0x00001591,0x000200f8,0x00001584,0x0006000c,
	0x00000006,0x00001586,0x00000001,0x0000004b,0x0000157c,0x00050082,0x00000006,0x00001588,
	0x000000da,0x00001586,0x0004007c,0x0000005e,0x0000158a,0x00001588,0x00050082,0x0000005e,
	0x0000158b,0x000000ea,0x0000158a,0x0004007c,0x00000006,0x0000158c,0x0000158b,0x000500c4,
	0x00000006,0x0000158f,0x0000157c,0x00001588,0x000500c7,0x00000006,0x00001590,0x0000158f,
	0x000000d6,0x000200f9,0x00001591,0x000200f8,0x00001591,0x000700f5,0x00000006,0x00001ac3,
	0x0000157c,0x00001543,0x00001590,0x00001584,0x000700f5,0x00000006,0x00001ac2,0x0000157e,
	0x00001543,0x0000158c,0x00001584,0x000500ab,0x000000dd,0x00001593,0x0000157a,0x00000097,
	0x00050080,0x00000006,0x00001595,0x00001ac2,0x000000f6,0x000500c4,0x00000006,0x00001596,
	0x00001595,0x000000c4,0x000500c4,0x00000006,0x00001598,0x00001ac3,0x000000b3,0x000500c5,
	0x00000006,0x00001599,0x00001596,0x00001598,0x0004007c,0x00000025,0x0000159a,0x00001599,
	0x000600a9,0x00000025,0x0000159b,0x00001593,0x0000159a,0x000000fd,0x0004007c,0x00000006,
	0x00001547,0x0000159b,0x000200f9,0x00001548,0x000200f8,0x00001548,0x000700f5,0x00000006,
	0x00001ac5,0x00001abf,0x00001540,0x00001547,0x00001591,0x000200f9,0x00001549,0x000200f8,
	0x00001536,0x000500c2,0x00000006,0x00001538,0x00001abf,0x000001a2,0x000500c2,0x00000006,
	0x0000153b,0x00001538,0x000000c4,0x00050080,0x00000006,0x0000153c,0x00001538,0x0000153b,
	0x00040070,0x00000025,0x0000153d,0x0000153c,0x00050085,0x00000025,0x0000153e,0x0000153d,
	0x0000046f,0x0004007c,0x00000006,0x0000153f,0x0000153e,0x000200f9,0x00001549,0x000200f8,
	0x00001549,0x000700f5,0x00000006,0x00001ac4,0x0000153f,0x00001536,0x00001ac5,0x00001548,
	0x0004003d,0x0000048b,0x00001505,0x0000048d,0x00040063,0x00001505,0x000014fb,0x00001ac4,
	0x000200f9,0x00001508,0x000200f8,0x00001508,0x00050041,0x0000049c,0x00001509,0x0000049b,
	0x000004b3,0x0004003d,0x00000006,0x0000150a,0x00001509,0x000500c2,0x00000006,0x0000150b,
	0x0000150a,0x000004b6,0x000500c7,0x00000006,0x0000150c,0x0000150b,0x00000095,0x000500ab,
	0x000000dd,0x0000150d,0x0000150c,0x00000097,0x000300f7,0x00001524,0x00000000,0x000400fa,
	0x0000150d,0x0000150e,0x00001524,0x000200f8,0x0000150e,0x0004003d,0x0000048b,0x0000150f,
	0x000004bd,0x00040068,0x00000007,0x00001510,0x0000150f,0x0003003e,0x000014e5,0x00001510,
	0x00050041,0x00000009,0x00001511,0x000014e5,0x00000097,0x0004003d,0x00000006,0x00001512,
	0x00001511,0x00050041,0x00000009,0x00001513,0x000014e0,0x00000097,0x0003003e,0x00001513,
	0x00001512,0x00050041,0x00000009,0x00001514,0x000014e5,0x00000095,0x0004003d,0x00000006,
	0x00001515,0x00001514,0x00050041,0x00000009,0x00001516,0x000014e0,0x00000095,0x0003003e,
	0x00001516,0x00001515,0x0004003d,0x00000007,0x00001518,0x000014e0,0x000500b0,0x000004a3,
	0x00001519,0x000014fb,0x00001518,0x0004009b,0x000000dd,0x0000151a,0x00001519,0x000300f7,
	0x00001523,0x00000000,0x000400fa,0x0000151a,0x0000151b,0x00001523,0x000200f8,0x0000151b,
	0x00050041,0x0000049c,0x0000151d,0x0000049b,0x000004b3,0x0004003d,0x00000006,0x0000151e,
	0x0000151d,0x000500c7,0x00000006,0x000015a5,0x0000151e,0x000000cd,0x000500aa,0x000000dd,
	0x000015c5,0x000015a5,0x00000095,0x000300f7,0x000015e9,0x00000000,0x000400fa,0x000015c5,
	0x000015c6,0x000015ce,0x000200f8,0x000015ce,0x000500aa,0x000000dd,0x000015d0,0x000015a5,
	0x000001a6,0x000300f7,0x000015e8,0x00000000,0x000400fa,0x000015d0,0x000015d1,0x000015de,
	0x000200f8,0x000015de,0x000500aa,0x000000dd,0x000015e0,0x000015a5,0x000000b3,0x000300f7,
	0x000015e7,0x00000000,0x000400fa,0x000015e0,0x000015e1,0x000015e7,0x000200f8,0x000015e1,
	0x000500c4,0x00000006,0x000015e3,0x00001ab4,0x0000011e,0x000500c2,0x00000006,0x000015e5,
	0x00001ab4,0x0000011e,0x000500c5,0x00000006,0x000015e6,0x000015e3,0x000015e5,0x000200f9,
	0x000015e7,0x000200f8,0x000015e7,0x000700f5,0x00000006,0x00001ac8,0x00001ab4,0x000015de,
	0x000015e6,0x000015e1,0x000200f9,0x000015e8,0x000200f8,0x000015d1,0x000500c7,0x00000006,
	0x000015d3,0x00001ab4,0x00000432,0x000500c4,0x00000006,0x000015d4,0x000015d3,0x000001a2,
	0x000500c7,0x00000006,0x000015d6,0x00001ab4,0x00000436,0x000500c2,0x00000006,0x000015d7,
	0x000015d6,0x000001a2,0x000500c5,0x00000006,0x000015d8,0x000015d4,0x000015d7,0x000500c4,
	0x00000006,0x000015da,0x000015d8,0x0000011e,0x000500c2,0x00000006,0x000015dc,0x000015d8,
	0x0000011e,0x000500c5,0x00000006,0x000015dd,0x000015da,0x000015dc,0x000200f9,0x000015e8,
	0x000200f8,0x000015e8,0x000700f5,0x00000006,0x00001ac7,0x000015dd,0x000015d1,0x00001ac8,
	0x000015e7,0x000200f9,0x000015e9,0x000200f8,0x000015c6,0x000500c7,0x00000006,0x000015c8,
	0x00001ab4,0x00000432,0x000500c4,0x00000006,0x000015c9,0x000015c8,0x000001a2,0x000500c7,
	0x00000006,0x000015cb,0x00001ab4,0x00000436,0x000500c2,0x00000006,0x000015cc,0x000015cb,
	0x000001a2,0x000500c5,0x00000006,0x000015cd,0x000015c9,0x000015cc,0x000200f9,0x000015e9,
	0x000200f8,0x000015e9,0x000700f5,0x00000006,0x00001ac6,0x000015cd,0x000015c6,0x00001ac7,
	0x000015e8,0x000500c2,0x00000006,0x000015a9,0x0000151e,0x000000b3,0x000500c7,0x00000006,
	0x000015aa,0x000015a9,0x000000b3,0x000500aa,0x000000dd,0x000015ac,0x000015aa,0x00000095,
	0x000300f7,0x000015c0,0x00000000,0x000400fa,0x000015ac,0x000015ad,0x000015b7,0x000200f8,
	0x000015b7,0x000500aa,0x000000dd,0x000015b9,0x000015aa,0x000001a6,0x000300f7,0x000015bf,
	0x00000000,0x000400fa,0x000015b9,0x000015ba,0x000015bf,0x000200f8,0x000015ba,0x000500c2,
	0x00000006,0x000015bc,0x00001ac6,0x000001a2,0x000500c7,0x00000006,0x000015f1,0x000015bc,
	0x000000d1,0x000500c7,0x00000006,0x000015f3,0x000015bc,0x000000d6,0x000500c2,0x00000006,
	0x000015f5,0x000015f1,0x000000da,0x000500aa,0x000000dd,0x000015f7,0x000015f5,0x00000097,
	0x000500ab,0x000000dd,0x000015f9,0x000015f3,0x00000097,0x000500a7,0x000000dd,0x000015fa,
	0x000015f7,0x000015f9,0x000300f7,0x00001608,0x00000000,0x000400fa,0x000015fa,0x000015fb,
	0x00001608,0x000200f8,0x000015fb,0x0006000c,0x00000006,0x000015fd,0x00000001,0x0000004b,
	0x000015f3,0x00050082,0x00000006,0x000015ff,0x000000da,0x000015fd,0x0004007c,0x0000005e,
	0x00001601,0x000015ff,0x00050082,0x0000005e,0x00001602,0x000000ea,0x00001601,0x0004007c,
	0x00000006,0x00001603,0x00001602,0x000500c4,0x00000006,0x00001606,0x000015f3,0x000015ff,
	0x000500c7,0x00000006,0x00001607,0x00001606,0x000000d6,0x000200f9,0x00001608,0x000200f8,
	0x00001608,0x000700f5,0x00000006,0x00001aca,0x000015f3,0x000015ba,0x00001607,0x000015fb,
	0x000700f5,0x00000006,0x00001ac9,0x000015f5,0x000015ba,0x00001603,0x000015fb,0x000500ab,
	0x000000dd,0x0000160a,0x000015f1,0x00000097,0x00050080,0x00000006,0x0000160c,0x00001ac9,
	0x000000f6,0x000500c4,0x00000006,0x0000160d,0x0000160c,0x000000c4,0x000500c4,0x00000006,
	0x0000160f,0x00001aca,0x000000b3,0x000500c5,0x00000006,0x00001610,0x0000160d,0x0000160f,
	0x0004007c,0x00000025,0x00001611,0x00001610,0x000600a9,0x00000025,0x00001612,0x0000160a,
	0x00001611,0x000000fd,0x0004007c,0x00000006,0x000015be,0x00001612,0x000200f9,0x000015bf,
	0x000200f8,0x000015bf,0x000700f5,0x00000006,0x00001acc,0x00001ac6,0x000015b7,0x000015be,
	0x00001608,0x000200f9,0x000015c0,0x000200f8,0x000015ad,0x000500c2,0x00000006,0x000015af,
	0x00001ac6,0x000001a2,0x000500c2,0x00000006,0x000015b2,0x000015af,0x000000c4,0x00050080,
	0x00000006,0x000015b3,0x000015af,0x000015b2,0x00040070,0x00000025,0x000015b4,0x000015b3,
	0x00050085,0x00000025,0x000015b5,0x000015b4,0x0000046f,0x0004007c,0x00000006,0x000015b6,
	0x000015b5,0x000200f9,0x000015c0,0x000200f8,0x000015c0,0x000700f5,0x00000006,0x00001acb,
	0x000015b6,0x000015ad,0x00001acc,0x000015bf,0x0004003d,0x0000048b,0x00001520,0x000004bd,
	0x00040063,0x00001520,0x000014fb,0x00001acb,0x000200f9,0x00001523,0x000200f8,0x00001523,
	0x000200f9,0x00001524,0x000200f8,0x00001524,0x000200f9,0x000007cd,0x000200f8,0x000007cd,
	0x000200f9,0x000007ce,0x000200f8,0x000007ce,0x000100fd,0x00010038
};
