	// 1116.5.0
	 #pragma once
const uint32_t fh1_native_resolve_memory_color_cs[] = {
	0x07230203,0x00010000,0x0008000b,0x0000163d,0x00000000,0x00020011,0x00000001,0x0006000b,
	0x00000001,0x4c534c47,0x6474732e,0x3035342e,0x00000000,0x0003000e,0x00000000,0x00000001,
	0x0006000f,0x00000005,0x00000004,0x6e69616d,0x00000000,0x000005ca,0x00060010,0x00000004,
	0x00000011,0x00000008,0x00000008,0x00000001,0x00030003,0x00000005,0x000001f4,0x00040005,
	0x00000004,0x6e69616d,0x00000000,0x00070005,0x00000342,0x5f316866,0x72756f73,0x635f6563,
	0x726f6c6f,0x00000000,0x00050005,0x0000042a,0x5f316866,0x6f6d656d,0x00007972,0x00050006,
	0x0000042a,0x00000000,0x74616440,0x00000061,0x00050005,0x0000042c,0x5f316866,0x6f6d656d,
	0x00007972,0x000a0005,0x00000432,0x4e316846,0x76697461,0x73655265,0x65766c6f,0x6f6d654d,
	0x6f437972,0x6174736e,0x0073746e,0x00070006,0x00000432,0x00000000,0x5f316866,0x74636572,
	0x69726f5f,0x006e6967,0x00070006,0x00000432,0x00000001,0x5f316866,0x74636572,0x7a69735f,
	0x00000065,0x00080006,0x00000432,0x00000002,0x5f316866,0x6f736572,0x5f65766c,0x6f79616c,
	0x00007475,0x00080006,0x00000432,0x00000003,0x5f316866,0x656e776f,0x616c5f72,0x74756f79,
	0x00000000,0x00080006,0x00000432,0x00000004,0x5f316866,0x706d6173,0x735f656c,0x63656c65,
	0x00000074,0x00070006,0x00000432,0x00000005,0x5f316866,0x74736564,0x666e695f,0x0000006f,
	0x00070006,0x00000432,0x00000006,0x5f316866,0x74736564,0x7361625f,0x00000065,0x00070006,
	0x00000432,0x00000007,0x5f316866,0x74736564,0x7469705f,0x00006863,0x00030005,0x00000434,
	0x00000000,0x00040005,0x000005ca,0x65726874,0x00006461,0x00040047,0x00000342,0x00000021,
	0x00000010,0x00040047,0x00000342,0x00000022,0x00000000,0x00040047,0x00000429,0x00000006,
	0x00000004,0x00030047,0x0000042a,0x00000003,0x00050048,0x0000042a,0x00000000,0x00000023,
	0x00000000,0x00040047,0x0000042c,0x00000021,0x00000020,0x00040047,0x0000042c,0x00000022,
	0x00000000,0x00030047,0x00000432,0x00000002,0x00050048,0x00000432,0x00000000,0x00000023,
	0x00000000,0x00050048,0x00000432,0x00000001,0x00000023,0x00000004,0x00050048,0x00000432,
	0x00000002,0x00000023,0x00000008,0x00050048,0x00000432,0x00000003,0x00000023,0x0000000c,
	0x00050048,0x00000432,0x00000004,0x00000023,0x00000010,0x00050048,0x00000432,0x00000005,
	0x00000023,0x00000014,0x00050048,0x00000432,0x00000006,0x00000023,0x00000018,0x00050048,
	0x00000432,0x00000007,0x00000023,0x0000001c,0x00040047,0x000005ca,0x0000000b,0x0000001c,
	0x00020013,0x00000002,0x00030021,0x00000003,0x00000002,0x00040015,0x00000006,0x00000020,
	0x00000000,0x00040017,0x00000007,0x00000006,0x00000002,0x00040020,0x00000008,0x00000007,
	0x00000007,0x00040020,0x00000009,0x00000007,0x00000006,0x00030016,0x00000025,0x00000020,
	0x00040020,0x00000026,0x00000007,0x00000025,0x00040017,0x0000003b,0x00000025,0x00000004,
	0x00040020,0x0000003c,0x00000007,0x0000003b,0x00040015,0x0000005b,0x00000020,0x00000001,
	0x00040017,0x00000083,0x00000006,0x00000003,0x0004002b,0x00000025,0x0000008b,0x42000000,
	0x0004002b,0x00000006,0x0000008e,0x00000001,0x0004002b,0x00000006,0x00000090,0x00000000,
	0x0005002c,0x00000007,0x00000093,0x00000090,0x00000090,0x0004002b,0x00000006,0x0000009e,
	0x000007ff,0x0004002b,0x00000006,0x000000a3,0x0000000b,0x0004002b,0x00000006,0x000000a5,
	0x000000ff,0x0004002b,0x00000006,0x000000aa,0x00000013,0x0004002b,0x00000006,0x000000ac,
	0x00000003,0x0004002b,0x00000006,0x000000b1,0x00000015,0x0004002b,0x00000006,0x000000b7,
	0x00000016,0x0004002b,0x00000006,0x000000bd,0x00000017,0x0004002b,0x00000006,0x000000bf,
	0x0000000f,0x0004002b,0x00000006,0x000000c6,0x00000007,0x0004002b,0x00000025,0x000000cc,
	0x00000000,0x0004002b,0x00000025,0x000000cd,0x41ff0000,0x0004002b,0x00000006,0x000000d2,
	0x3e800000,0x00020014,0x000000d3,0x0004002b,0x00000006,0x000000d5,0x00800000,0x0004002b,
	0x00000006,0x000000d7,0x007fffff,0x0004002b,0x00000006,0x000000da,0x0000007d,0x0004002b,
	0x00000006,0x000000de,0x00000018,0x0004002b,0x00000006,0x000000e2,0xc2000000,0x0004002b,
	0x00000006,0x000000e6,0x00007fff,0x0004002b,0x00000006,0x000000e9,0x00000010,0x0004002b,
	0x00000006,0x000000ee,0x000003ff,0x0004002b,0x00000006,0x000000f6,0x0000007f,0x0004002b,
	0x00000006,0x00000103,0x0000001f,0x0004002b,0x0000005b,0x00000108,0x00000001,0x0004002b,
	0x00000006,0x00000114,0x0000007c,0x0004002b,0x00000025,0x0000011f,0x3f800000,0x0004002b,
	0x00000025,0x00000122,0x3e002008,0x0004002b,0x00000025,0x00000127,0x3f002008,0x0004002b,
	0x00000025,0x0000012c,0x42ffc000,0x0004002b,0x00000025,0x0000012e,0x3f008081,0x0004002b,
	0x00000025,0x00000130,0x437fc000,0x0004002b,0x00000025,0x00000131,0x3e808081,0x0004002b,
	0x00000025,0x00000134,0x3d802008,0x0004002b,0x00000025,0x00000138,0x43ffc000,0x0004002b,
	0x00000025,0x00000139,0x3e008081,0x0004002b,0x00000025,0x0000013b,0x447fc000,0x0004002b,
	0x00000025,0x00000140,0x3b808081,0x0004002b,0x0000005b,0x00000149,0x00000010,0x0004002b,
	0x00000025,0x0000014c,0x38000100,0x0004002b,0x00000025,0x0000014e,0xbf800000,0x0004002b,
	0x00000025,0x00000158,0x3f000000,0x0004002b,0x00000025,0x00000164,0x437f0000,0x0004002b,
	0x00000006,0x0000016f,0x00000008,0x0004002b,0x00000006,0x00000173,0x00000002,0x0004002b,
	0x00000006,0x0000018c,0x0000000a,0x0004002b,0x00000006,0x00000194,0x00000014,0x0004002b,
	0x00000025,0x00000197,0x40400000,0x0004002b,0x00000006,0x0000019d,0x0000001e,0x00040017,
	0x000001e5,0x00000025,0x00000003,0x0004002b,0x00000025,0x000001e7,0x3a802008,0x0004002b,
	0x00000025,0x000001ec,0x3eaaaaab,0x00040017,0x00000212,0x00000025,0x00000002,0x0007002c,
	0x0000003b,0x0000021b,0x000000cc,0x000000cc,0x000000cc,0x000000cc,0x0004002b,0x00000006,
	0x00000277,0x00000004,0x0004002b,0x00000006,0x000002b5,0x00000050,0x0004002b,0x00000006,
	0x000002f2,0x00000028,0x00040017,0x00000316,0x0000005b,0x00000002,0x00090019,0x00000340,
	0x00000025,0x00000001,0x00000000,0x00000000,0x00000000,0x00000001,0x00000000,0x00040020,
	0x00000341,0x00000000,0x00000340,0x0004003b,0x00000341,0x00000342,0x00000000,0x0004002b,
	0x0000005b,0x00000345,0x00000000,0x00040017,0x00000346,0x0000005b,0x00000003,0x0004002b,
	0x00000006,0x00000379,0xffffffe0,0x0004002b,0x0000005b,0x0000037d,0x00000005,0x0004002b,
	0x0000005b,0x0000038b,0x00000007,0x0004002b,0x0000005b,0x0000038e,0x0000000e,0x0004002b,
	0x0000005b,0x00000390,0x00000002,0x0004002b,0x0000005b,0x00000398,0xfffffff0,0x0004002b,
	0x0000005b,0x0000039d,0x0000000f,0x0004002b,0x0000005b,0x000003a2,0x00000004,0x0004002b,
	0x0000005b,0x000003a6,0xfffffe00,0x0004002b,0x0000005b,0x000003a8,0x00000003,0x0004002b,
	0x0000005b,0x000003af,0x000001c0,0x0004002b,0x0000005b,0x000003b4,0x00000008,0x0004002b,
	0x0000005b,0x000003bb,0x00000006,0x0004002b,0x0000005b,0x000003bf,0x0000003f,0x0004002b,
	0x00000006,0x000003e5,0xfffffff0,0x0004002b,0x00000006,0x00000400,0x00ff00ff,0x0004002b,
	0x00000006,0x00000404,0xff00ff00,0x0003001d,0x00000429,0x00000006,0x0003001e,0x0000042a,
	0x00000429,0x00040020,0x0000042b,0x00000002,0x0000042a,0x0004003b,0x0000042b,0x0000042c,
	0x00000002,0x00040020,0x0000042f,0x00000002,0x00000006,0x000a001e,0x00000432,0x00000006,
	0x00000006,0x00000006,0x00000006,0x00000006,0x00000006,0x00000006,0x00000006,0x00040020,
	0x00000433,0x00000009,0x00000432,0x0004003b,0x00000433,0x00000434,0x00000009,0x00040020,
	0x00000435,0x00000009,0x00000006,0x0004002b,0x00000006,0x0000043e,0x00000012,0x0004002b,
	0x00000006,0x0000047c,0x0000ffff,0x00040017,0x00000485,0x000000d3,0x00000002,0x0004002b,
	0x0000005b,0x00000542,0x00000018,0x0004002b,0x0000005b,0x00000544,0x0000007f,0x0004002b,
	0x00000006,0x0000054e,0x00000006,0x00040020,0x000005c9,0x00000001,0x00000083,0x0004003b,
	0x000005c9,0x000005ca,0x00000001,0x00050036,0x00000002,0x00000004,0x00000000,0x00000003,
	0x000200f8,0x00000005,0x0004003b,0x0000003c,0x00000e1e,0x00000007,0x0004003b,0x0000003c,
	0x00000e24,0x00000007,0x0004003b,0x00000008,0x00000dd9,0x00000007,0x0004003b,0x0000003c,
	0x00000b53,0x00000007,0x0004003b,0x0000003c,0x00000b59,0x00000007,0x0004003b,0x00000008,
	0x00000b0e,0x00000007,0x0004003b,0x00000008,0x00000af1,0x00000007,0x0004003b,0x0000003c,
	0x00000834,0x00000007,0x0004003b,0x0000003c,0x0000083a,0x00000007,0x0004003b,0x00000008,
	0x000007ef,0x00000007,0x0004003b,0x00000008,0x000005eb,0x00000007,0x0004003b,0x00000008,
	0x000005f5,0x00000007,0x0004003b,0x00000008,0x000005f6,0x00000007,0x0004003b,0x0000003c,
	0x00000609,0x00000007,0x0004003b,0x0000003c,0x00000611,0x00000007,0x0004003b,0x0000003c,
	0x00000618,0x00000007,0x0004003b,0x00000008,0x00000624,0x00000007,0x0004003d,0x00000083,
	0x000005cb,0x000005ca,0x000300f7,0x0000072e,0x00000000,0x000300fb,0x00000090,0x0000062f,
	0x000200f8,0x0000062f,0x00050041,0x00000435,0x00000630,0x00000434,0x00000108,0x0004003d,
	0x00000006,0x00000631,0x00000630,0x000500c7,0x00000006,0x00000632,0x00000631,0x0000047c,
	0x00050041,0x00000435,0x00000633,0x00000434,0x00000108,0x0004003d,0x00000006,0x00000634,
	0x00000633,0x000500c2,0x00000006,0x00000635,0x00000634,0x000000e9,0x00050050,0x00000007,
	0x00000636,0x00000632,0x00000635,0x0007004f,0x00000007,0x00000638,0x000005cb,0x000005cb,
	0x00000000,0x00000001,0x000500ae,0x00000485,0x0000063a,0x00000638,0x00000636,0x0004009a,
	0x000000d3,0x0000063b,0x0000063a,0x000300f7,0x0000063d,0x00000000,0x000400fa,0x0000063b,
	0x0000063c,0x0000063d,0x000200f8,0x0000063c,0x000200f9,0x0000072e,0x000200f8,0x0000063d,
	0x00050041,0x00000435,0x0000063e,0x00000434,0x00000345,0x0004003d,0x00000006,0x0000063f,
	0x0000063e,0x000500c7,0x00000006,0x00000640,0x0000063f,0x0000047c,0x00050041,0x00000435,
	0x00000641,0x00000434,0x00000345,0x0004003d,0x00000006,0x00000642,0x00000641,0x000500c2,
	0x00000006,0x00000643,0x00000642,0x000000e9,0x00050050,0x00000007,0x00000644,0x00000640,
	0x00000643,0x0007004f,0x00000007,0x00000646,0x000005cb,0x000005cb,0x00000000,0x00000001,
	0x00050080,0x00000007,0x00000647,0x00000644,0x00000646,0x0003003e,0x000005eb,0x00000647,
	0x00050041,0x00000435,0x00000649,0x00000434,0x0000037d,0x0004003d,0x00000006,0x0000064a,
	0x00000649,0x000500c2,0x00000006,0x0000064b,0x0000064a,0x000000aa,0x000500c7,0x00000006,
	0x0000064c,0x0000064b,0x0000008e,0x000500ab,0x000000d3,0x0000064d,0x0000064c,0x00000090,
	0x000600a9,0x00000025,0x0000064e,0x0000064d,0x0000008b,0x0000011f,0x00050041,0x00000435,
	0x0000064f,0x00000434,0x0000037d,0x0004003d,0x00000006,0x00000650,0x0000064f,0x000500c2,
	0x00000006,0x00000651,0x00000650,0x00000194,0x000500c7,0x00000006,0x00000652,0x00000651,
	0x000000ac,0x00050080,0x00000006,0x00000653,0x00000652,0x0000008e,0x00050041,0x00000435,
	0x00000654,0x00000434,0x0000037d,0x0004003d,0x00000006,0x00000655,0x00000654,0x000500c2,
	0x00000006,0x00000656,0x00000655,0x000000b7,0x000500c7,0x00000006,0x00000657,0x00000656,
	0x0000008e,0x000500ab,0x000000d3,0x00000658,0x00000657,0x00000090,0x000300f7,0x00000661,
	0x00000000,0x000400fa,0x00000658,0x0000065a,0x0000065c,0x000200f8,0x0000065c,0x0004003d,
	0x00000007,0x0000065d,0x000005eb,0x00050050,0x00000007,0x00000733,0x00000653,0x00000653,
	0x00050089,0x00000007,0x00000734,0x0000065d,0x00000733,0x00050050,0x00000007,0x00000737,
	0x00000653,0x00000653,0x00050086,0x00000007,0x00000738,0x0000065d,0x00000737,0x0003003e,
	0x000005eb,0x00000738,0x000200f9,0x00000661,0x000200f8,0x0000065a,0x000200f9,0x00000661,
	0x000200f8,0x00000661,0x000700f5,0x00000007,0x00001515,0x00000093,0x0000065a,0x00000734,
	0x0000065c,0x00050041,0x00000435,0x00000662,0x00000434,0x0000037d,0x0004003d,0x00000006,
	0x00000663,0x00000662,0x000500c7,0x00000006,0x00000664,0x00000663,0x000000c6,0x00050041,
	0x00000435,0x00000665,0x00000434,0x0000037d,0x0004003d,0x00000006,0x00000666,0x00000665,
	0x000500c2,0x00000006,0x00000667,0x00000666,0x000000ac,0x000500c7,0x00000006,0x00000668,
	0x00000667,0x000000c6,0x00050041,0x00000435,0x00000669,0x00000434,0x0000037d,0x0004003d,
	0x00000006,0x0000066a,0x00000669,0x000500c2,0x00000006,0x0000066b,0x0000066a,0x000000e9,
	0x000500c7,0x00000006,0x0000066c,0x0000066b,0x000000ac,0x000500ac,0x000000d3,0x0000066e,
	0x00000653,0x0000008e,0x000400a8,0x000000d3,0x00000670,0x00000658,0x000500a7,0x000000d3,
	0x00000671,0x0000066e,0x00000670,0x000300f7,0x00000690,0x00000002,0x000400fa,0x00000671,
	0x00000672,0x00000681,0x000200f8,0x00000681,0x00050041,0x00000435,0x00000682,0x00000434,
	0x000003bb,0x0004003d,0x00000006,0x00000683,0x00000682,0x00050041,0x00000009,0x00000684,
	0x000005eb,0x00000090,0x0004003d,0x00000006,0x00000685,0x00000684,0x0004007c,0x0000005b,
	0x00000686,0x00000685,0x00050041,0x00000009,0x00000687,0x000005eb,0x0000008e,0x0004003d,
	0x00000006,0x00000688,0x00000687,0x0004007c,0x0000005b,0x00000689,0x00000688,0x00050041,
	0x00000435,0x0000068a,0x00000434,0x0000038b,0x0004003d,0x00000006,0x0000068b,0x0000068a,
	0x00050080,0x00000006,0x000007b4,0x0000068b,0x00000103,0x000500c7,0x00000006,0x000007b5,
	0x000007b4,0x00000379,0x000500c3,0x0000005b,0x000007b7,0x00000686,0x0000037d,0x000500c3,
	0x0000005b,0x000007b9,0x00000689,0x0000037d,0x000500c2,0x00000006,0x000007bb,0x000007b5,
	0x0000037d,0x0004007c,0x0000005b,0x000007bc,0x000007bb,0x00050084,0x0000005b,0x000007bd,
	0x000007b9,0x000007bc,0x00050080,0x0000005b,0x000007be,0x000007b7,0x000007bd,0x00050080,
	0x00000006,0x000007c0,0x0000066c,0x000000c6,0x000500c4,0x0000005b,0x000007c1,0x000007be,
	0x000007c0,0x000500c7,0x0000005b,0x000007c3,0x00000686,0x0000038b,0x000500c7,0x0000005b,
	0x000007c5,0x00000689,0x0000038e,0x000500c4,0x0000005b,0x000007c6,0x000007c5,0x00000390,
	0x00050080,0x0000005b,0x000007c7,0x000007c3,0x000007c6,0x000500c4,0x0000005b,0x000007c9,
	0x000007c7,0x0000066c,0x000500c7,0x0000005b,0x000007cc,0x000007c9,0x00000398,0x000500c4,
	0x0000005b,0x000007cd,0x000007cc,0x00000108,0x00050080,0x0000005b,0x000007ce,0x000007c1,
	0x000007cd,0x000500c7,0x0000005b,0x000007d0,0x000007c9,0x0000039d,0x00050080,0x0000005b,
	0x000007d1,0x000007ce,0x000007d0,0x000500c7,0x0000005b,0x000007d3,0x00000689,0x00000108,
	0x000500c4,0x0000005b,0x000007d4,0x000007d3,0x000003a2,0x00050080,0x0000005b,0x000007d5,
	0x000007d1,0x000007d4,0x000500c7,0x0000005b,0x000007d7,0x000007d5,0x000003a6,0x000500c4,
	0x0000005b,0x000007d8,0x000007d7,0x000003a8,0x000500c7,0x0000005b,0x000007da,0x00000689,
	0x00000149,0x000500c4,0x0000005b,0x000007db,0x000007da,0x0000038b,0x00050080,0x0000005b,
	0x000007dc,0x000007d8,0x000007db,0x000500c7,0x0000005b,0x000007de,0x000007d5,0x000003af,
	0x000500c4,0x0000005b,0x000007df,0x000007de,0x00000390,0x00050080,0x0000005b,0x000007e0,
	0x000007dc,0x000007df,0x000500c7,0x0000005b,0x000007e2,0x00000689,0x000003b4,0x000500c3,
	0x0000005b,0x000007e3,0x000007e2,0x00000390,0x000500c3,0x0000005b,0x000007e5,0x00000686,
	0x000003a8,0x00050080,0x0000005b,0x000007e6,0x000007e3,0x000007e5,0x000500c7,0x0000005b,
	0x000007e7,0x000007e6,0x000003a8,0x000500c4,0x0000005b,0x000007e8,0x000007e7,0x000003bb,
	0x00050080,0x0000005b,0x000007e9,0x000007e0,0x000007e8,0x000500c7,0x0000005b,0x000007eb,
	0x000007d5,0x000003bf,0x00050080,0x0000005b,0x000007ec,0x000007e9,0x000007eb,0x0004007c,
	0x00000006,0x0000068e,0x000007ec,0x00050080,0x00000006,0x0000068f,0x00000683,0x0000068e,
	0x000200f9,0x00000690,0x000200f8,0x00000672,0x00050041,0x00000435,0x00000673,0x00000434,
	0x000003bb,0x0004003d,0x00000006,0x00000674,0x00000673,0x00050084,0x00000006,0x00000676,
	0x00000674,0x00000653,0x00050084,0x00000006,0x00000678,0x00000676,0x00000653,0x0004003d,
	0x00000007,0x00000679,0x000005eb,0x0003003e,0x000005f5,0x00000679,0x0003003e,0x000005f6,
	0x00001515,0x00050041,0x00000435,0x0000067b,0x00000434,0x0000038b,0x0004003d,0x00000006,
	0x0000067c,0x0000067b,0x00050041,0x00000009,0x00000743,0x000005f5,0x00000090,0x0004003d,
	0x00000006,0x00000744,0x00000743,0x0004007c,0x0000005b,0x00000745,0x00000744,0x00050041,
	0x00000009,0x00000746,0x000005f5,0x0000008e,0x0004003d,0x00000006,0x00000747,0x00000746,
	0x0004007c,0x0000005b,0x00000748,0x00000747,0x00050080,0x00000006,0x00000775,0x0000067c,
	0x00000103,0x000500c7,0x00000006,0x00000776,0x00000775,0x00000379,0x000500c3,0x0000005b,
	0x00000778,0x00000745,0x0000037d,0x000500c3,0x0000005b,0x0000077a,0x00000748,0x0000037d,
	0x000500c2,0x00000006,0x0000077c,0x00000776,0x0000037d,0x0004007c,0x0000005b,0x0000077d,
	0x0000077c,0x00050084,0x0000005b,0x0000077e,0x0000077a,0x0000077d,0x00050080,0x0000005b,
	0x0000077f,0x00000778,0x0000077e,0x00050080,0x00000006,0x00000781,0x0000066c,0x000000c6,
	0x000500c4,0x0000005b,0x00000782,0x0000077f,0x00000781,0x000500c7,0x0000005b,0x00000784,
	0x00000745,0x0000038b,0x000500c7,0x0000005b,0x00000786,0x00000748,0x0000038e,0x000500c4,
	0x0000005b,0x00000787,0x00000786,0x00000390,0x00050080,0x0000005b,0x00000788,0x00000784,
	0x00000787,0x000500c4,0x0000005b,0x0000078a,0x00000788,0x0000066c,0x000500c7,0x0000005b,
	0x0000078d,0x0000078a,0x00000398,0x000500c4,0x0000005b,0x0000078e,0x0000078d,0x00000108,
	0x00050080,0x0000005b,0x0000078f,0x00000782,0x0000078e,0x000500c7,0x0000005b,0x00000791,
	0x0000078a,0x0000039d,0x00050080,0x0000005b,0x00000792,0x0000078f,0x00000791,0x000500c7,
	0x0000005b,0x00000794,0x00000748,0x00000108,0x000500c4,0x0000005b,0x00000795,0x00000794,
	0x000003a2,0x00050080,0x0000005b,0x00000796,0x00000792,0x00000795,0x000500c7,0x0000005b,
	0x00000798,0x00000796,0x000003a6,0x000500c4,0x0000005b,0x00000799,0x00000798,0x000003a8,
	0x000500c7,0x0000005b,0x0000079b,0x00000748,0x00000149,0x000500c4,0x0000005b,0x0000079c,
	0x0000079b,0x0000038b,0x00050080,0x0000005b,0x0000079d,0x00000799,0x0000079c,0x000500c7,
	0x0000005b,0x0000079f,0x00000796,0x000003af,0x000500c4,0x0000005b,0x000007a0,0x0000079f,
	0x00000390,0x00050080,0x0000005b,0x000007a1,0x0000079d,0x000007a0,0x000500c7,0x0000005b,
	0x000007a3,0x00000748,0x000003b4,0x000500c3,0x0000005b,0x000007a4,0x000007a3,0x00000390,
	0x000500c3,0x0000005b,0x000007a6,0x00000745,0x000003a8,0x00050080,0x0000005b,0x000007a7,
	0x000007a4,0x000007a6,0x000500c7,0x0000005b,0x000007a8,0x000007a7,0x000003a8,0x000500c4,
	0x0000005b,0x000007a9,0x000007a8,0x000003bb,0x00050080,0x0000005b,0x000007aa,0x000007a1,
	0x000007a9,0x000500c7,0x0000005b,0x000007ac,0x00000796,0x000003bf,0x00050080,0x0000005b,
	0x000007ad,0x000007aa,0x000007ac,0x0004007c,0x00000006,0x0000074c,0x000007ad,0x000500c2,
	0x00000006,0x0000074e,0x000000e9,0x0000066c,0x000500c7,0x00000006,0x00000750,0x0000074c,
	0x000000bf,0x000500c2,0x00000006,0x00000752,0x00000750,0x0000066c,0x00050084,0x00000006,
	0x00000754,0x00000752,0x00000653,0x00050041,0x00000009,0x00000755,0x000005f6,0x00000090,
	0x0004003d,0x00000006,0x00000756,0x00000755,0x00050080,0x00000006,0x00000757,0x00000754,
	0x00000756,0x00050086,0x00000006,0x0000075a,0x00000757,0x0000074e,0x000500c7,0x00000006,
	0x0000075c,0x0000074c,0x000003e5,0x00050084,0x00000006,0x0000075e,0x0000075c,0x00000653,
	0x00050084,0x00000006,0x00000760,0x0000075e,0x00000653,0x00050084,0x00000006,0x00000763,
	0x0000075a,0x00000653,0x00050041,0x00000009,0x00000764,0x000005f6,0x0000008e,0x0004003d,
	0x00000006,0x00000765,0x00000764,0x00050080,0x00000006,0x00000766,0x00000763,0x00000765,
	0x000500c4,0x00000006,0x00000767,0x00000766,0x00000277,0x00050080,0x00000006,0x00000768,
	0x00000760,0x00000767,0x00050089,0x00000006,0x0000076b,0x00000757,0x0000074e,0x000500c4,
	0x00000006,0x0000076d,0x0000076b,0x0000066c,0x00050080,0x00000006,0x0000076e,0x00000768,
	0x0000076d,0x00050080,0x00000006,0x00000680,0x00000678,0x0000076e,0x000200f9,0x00000690,
	0x000200f8,0x00000690,0x000700f5,0x00000006,0x0000151c,0x00000680,0x00000672,0x0000068f,
	0x00000681,0x00050041,0x00000435,0x00000691,0x00000434,0x000003a2,0x0004003d,0x00000006,
	0x00000692,0x00000691,0x000500c2,0x00000006,0x00000693,0x00000692,0x000000e9,0x00050041,
	0x00000435,0x00000694,0x00000434,0x000003a2,0x0004003d,0x00000006,0x00000695,0x00000694,
	0x000500c7,0x00000006,0x00000696,0x00000695,0x0000047c,0x000300f7,0x0000069d,0x00000000,
	0x000900fb,0x00000696,0x00000698,0x00000004,0x0000069a,0x00000005,0x0000069b,0x00000006,
	0x0000069c,0x000200f8,0x0000069c,0x000200f9,0x0000069d,0x000200f8,0x0000069b,0x000200f9,
	0x0000069d,0x000200f8,0x0000069a,0x000200f9,0x0000069d,0x000200f8,0x00000698,0x000200f9,
	0x0000069d,0x000200f8,0x0000069d,0x000b00f5,0x00000006,0x0000154c,0x00000696,0x00000698,
	0x00000090,0x0000069a,0x00000173,0x0000069b,0x00000090,0x0000069c,0x000b00f5,0x00000006,
	0x00001518,0x0000008e,0x00000698,0x00000173,0x0000069a,0x00000173,0x0000069b,0x00000277,
	0x0000069c,0x000500aa,0x000000d3,0x0000069f,0x00000664,0x00000277,0x000300f7,0x000006a9,
	0x00000000,0x000400fa,0x0000069f,0x000006a0,0x000006a9,0x000200f8,0x000006a0,0x0004003d,
	0x00000007,0x000006a1,0x000005eb,0x00050041,0x00000435,0x000007f6,0x00000434,0x0000037d,
	0x0004003d,0x00000006,0x000007f7,0x000007f6,0x000500c2,0x00000006,0x000007f8,0x000007f7,
	0x000000c6,0x000500c7,0x00000006,0x000007f9,0x000007f8,0x0000008e,0x000500ab,0x000000d3,
	0x000007fa,0x000007f9,0x00000090,0x000600a9,0x00000006,0x000007fb,0x000007fa,0x0000008e,
	0x00000090,0x00050041,0x00000435,0x000007fc,0x00000434,0x0000037d,0x0004003d,0x00000006,
	0x000007fd,0x000007fc,0x000500c2,0x00000006,0x000007fe,0x000007fd,0x0000043e,0x000500c7,
	0x00000006,0x000007ff,0x000007fe,0x0000008e,0x000500ab,0x000000d3,0x00000800,0x000007ff,
	0x00000090,0x000600a9,0x00000006,0x00000801,0x00000800,0x00000173,0x00000090,0x000500c5,
	0x00000006,0x00000802,0x000007fb,0x00000801,0x00050041,0x00000435,0x00000803,0x00000434,
	0x00000390,0x0004003d,0x00000006,0x00000804,0x00000803,0x0003003e,0x000007ef,0x000006a1,
	0x00050041,0x00000435,0x00000808,0x00000434,0x000003a8,0x0004003d,0x00000006,0x00000809,
	0x00000808,0x000500c2,0x00000006,0x000008fb,0x00000804,0x000000aa,0x000500c7,0x00000006,
	0x000008fc,0x000008fb,0x000000ac,0x000500ae,0x000000d3,0x00000841,0x000008fc,0x00000173,
	0x000600a9,0x00000006,0x00000842,0x00000841,0x0000008e,0x00000090,0x000500ae,0x000000d3,
	0x00000844,0x000008fc,0x0000008e,0x000600a9,0x00000006,0x00000845,0x00000844,0x0000008e,
	0x00000090,0x00050041,0x00000009,0x00000846,0x000007ef,0x00000090,0x0004003d,0x00000006,
	0x00000847,0x00000846,0x000500c4,0x00000006,0x00000849,0x00000847,0x00000842,0x000500ae,
	0x000000d3,0x0000084b,0x000008fc,0x00000173,0x000500c7,0x00000006,0x0000084d,0x0000154c,
	0x0000008e,0x000600a9,0x00000006,0x0000084e,0x0000084b,0x0000084d,0x00000090,0x00050080,
	0x00000006,0x0000084f,0x00000849,0x0000084e,0x00050041,0x00000009,0x00000850,0x000007ef,
	0x0000008e,0x0004003d,0x00000006,0x00000851,0x00000850,0x000500c4,0x00000006,0x00000853,
	0x00000851,0x00000845,0x000500ae,0x000000d3,0x00000855,0x000008fc,0x00000173,0x000500c2,
	0x00000006,0x00000857,0x0000154c,0x0000008e,0x000500aa,0x000000d3,0x00000859,0x000008fc,
	0x0000008e,0x000600a9,0x00000006,0x0000085b,0x00000859,0x0000154c,0x00000090,0x000600a9,
	0x00000006,0x0000085c,0x00000855,0x00000857,0x0000085b,0x00050080,0x00000006,0x0000085d,
	0x00000853,0x0000085c,0x000500c2,0x00000006,0x00000900,0x00000804,0x000000b1,0x000500c7,
	0x00000006,0x00000901,0x00000900,0x0000008e,0x000500ab,0x000000d3,0x00000860,0x00000901,
	0x00000090,0x00050084,0x00000006,0x00000862,0x0000084f,0x00000173,0x000600a9,0x00000006,
	0x00000866,0x00000860,0x00000862,0x0000084f,0x00050086,0x00000006,0x00000868,0x00000866,
	0x000002b5,0x00050089,0x00000006,0x0000086a,0x00000866,0x000002b5,0x000500c2,0x00000006,
	0x0000086c,0x0000085d,0x00000277,0x000500c7,0x00000006,0x0000086e,0x0000085d,0x000000bf,
	0x000500c7,0x00000006,0x00000905,0x00000804,0x0000009e,0x000500c2,0x00000006,0x00000909,
	0x00000804,0x000000a3,0x000500c7,0x00000006,0x0000090a,0x00000909,0x000000a5,0x000500c2,
	0x00000006,0x0000090e,0x00000804,0x000000b1,0x000500c7,0x00000006,0x0000090f,0x0000090e,
	0x0000008e,0x000500c4,0x00000006,0x00000876,0x0000090a,0x0000090f,0x00050084,0x00000006,
	0x00000877,0x0000086c,0x00000876,0x00050080,0x00000006,0x00000878,0x00000905,0x00000877,
	0x00050080,0x00000006,0x0000087a,0x00000878,0x00000868,0x000500c7,0x00000006,0x0000087b,
	0x0000087a,0x0000009e,0x000500c7,0x00000006,0x00000913,0x00000809,0x0000009e,0x00050082,
	0x00000006,0x0000087f,0x0000087b,0x00000913,0x000500c7,0x00000006,0x00000880,0x0000087f,
	0x0000009e,0x000500c2,0x00000006,0x00000917,0x00000809,0x000000a3,0x000500c7,0x00000006,
	0x00000918,0x00000917,0x000000a5,0x000500c2,0x00000006,0x0000091c,0x00000809,0x000000b1,
	0x000500c7,0x00000006,0x0000091d,0x0000091c,0x0000008e,0x000500c4,0x00000006,0x00000885,
	0x00000918,0x0000091d,0x00050089,0x00000006,0x00000888,0x00000880,0x00000885,0x00050086,
	0x00000006,0x0000088b,0x00000880,0x00000885,0x000500c2,0x00000006,0x00000921,0x00000809,
	0x000000b7,0x000500c7,0x00000006,0x00000922,0x00000921,0x0000008e,0x000500c2,0x00000006,
	0x00000926,0x00000804,0x000000b7,0x000500c7,0x00000006,0x00000927,0x00000926,0x0000008e,
	0x000500ab,0x000000d3,0x00000890,0x00000922,0x00000927,0x000300f7,0x00000895,0x00000000,
	0x000400fa,0x00000890,0x00000891,0x00000895,0x000200f8,0x00000891,0x00050080,0x00000006,
	0x00000893,0x0000086a,0x000002f2,0x00050089,0x00000006,0x00000894,0x00000893,0x000002b5,
	0x000200f9,0x00000895,0x000200f8,0x00000895,0x000700f5,0x00000006,0x0000161d,0x0000086a,
	0x000006a0,0x00000894,0x00000891,0x000500c2,0x00000006,0x0000092b,0x00000809,0x000000aa,
	0x000500c7,0x00000006,0x0000092c,0x0000092b,0x000000ac,0x00050084,0x00000006,0x00000899,
	0x00000888,0x000002b5,0x00050080,0x00000006,0x0000089b,0x00000899,0x0000161d,0x000500c2,
	0x00000006,0x00000930,0x00000809,0x000000b1,0x000500c7,0x00000006,0x00000931,0x00000930,
	0x0000008e,0x000500ab,0x000000d3,0x0000089e,0x00000931,0x00000090,0x000300f7,0x000008a4,
	0x00000000,0x000400fa,0x0000089e,0x0000089f,0x000008a4,0x000200f8,0x0000089f,0x000500c2,
	0x00000006,0x000008a3,0x0000089b,0x0000008e,0x000200f9,0x000008a4,0x000200f8,0x000008a4,
	0x000700f5,0x00000006,0x0000161e,0x0000089b,0x00000895,0x000008a3,0x0000089f,0x00050084,
	0x00000006,0x000008a6,0x0000088b,0x000000e9,0x00050080,0x00000006,0x000008a8,0x000008a6,
	0x0000086e,0x000500ae,0x000000d3,0x000008aa,0x0000092c,0x00000173,0x000600a9,0x00000006,
	0x000008ab,0x000008aa,0x0000008e,0x00000090,0x000500ae,0x000000d3,0x000008ad,0x0000092c,
	0x0000008e,0x000600a9,0x00000006,0x000008ae,0x000008ad,0x0000008e,0x00000090,0x000500c2,
	0x00000006,0x000008b1,0x0000161e,0x000008ab,0x0004007c,0x0000005b,0x000008b2,0x000008b1,
	0x000500c2,0x00000006,0x000008b5,0x000008a8,0x000008ae,0x00050080,0x00000006,0x000008b7,
	0x000008b5,0x00000693,0x0004007c,0x0000005b,0x000008b8,0x000008b7,0x00050050,0x00000316,
	0x000008b9,0x000008b2,0x000008b8,0x0004007c,0x0000005b,0x000008bb,0x00000653,0x00050050,
	0x00000316,0x000008bc,0x000008bb,0x000008bb,0x00050084,0x00000316,0x000008bd,0x000008b9,
	0x000008bc,0x0004007c,0x00000316,0x000008bf,0x00001515,0x00050080,0x00000316,0x000008c0,
	0x000008bd,0x000008bf,0x000200f9,0x0000095e,0x000200f8,0x0000095e,0x0004003d,0x00000340,
	0x000008cf,0x00000342,0x00050051,0x0000005b,0x000008d1,0x000008c0,0x00000000,0x00050051,
	0x0000005b,0x000008d2,0x000008c0,0x00000001,0x00060050,0x00000346,0x000008d3,0x000008d1,
	0x000008d2,0x00000345,0x0007004f,0x00000316,0x000008d4,0x000008d3,0x000008d3,0x00000000,
	0x00000001,0x0007005f,0x0000003b,0x000008da,0x000008cf,0x000008d4,0x00000002,0x00000345,
	0x0003003e,0x00000834,0x000008da,0x000500c2,0x00000006,0x00000963,0x00000809,0x000000bd,
	0x000500c7,0x00000006,0x00000964,0x00000963,0x000000bf,0x000500aa,0x000000d3,0x000008de,
	0x00000964,0x0000008e,0x000500c7,0x00000006,0x000008e0,0x00000802,0x00000173,0x000500ab,
	0x000000d3,0x000008e1,0x000008e0,0x00000090,0x000500a7,0x000000d3,0x000008e2,0x000008de,
	0x000008e1,0x000300f7,0x000008f4,0x00000000,0x000400fa,0x000008e2,0x000008e3,0x000008f4,
	0x000200f8,0x000008e3,0x00050041,0x00000026,0x000008e4,0x00000834,0x00000090,0x0004003d,
	0x00000025,0x000008e5,0x000008e4,0x0008000c,0x00000025,0x0000096a,0x00000001,0x0000002b,
	0x000008e5,0x000000cc,0x0000011f,0x000500be,0x000000d3,0x0000096c,0x0000096a,0x00000122,
	0x000300f7,0x00000979,0x00000000,0x000400fa,0x0000096c,0x0000096d,0x00000973,0x000200f8,
	0x00000973,0x000500be,0x000000d3,0x00000975,0x0000096a,0x00000134,0x000300f7,0x00000978,
	0x00000000,0x000400fa,0x00000975,0x00000976,0x00000977,0x000200f8,0x00000977,0x000200f9,
	0x00000978,0x000200f8,0x00000976,0x000200f9,0x00000978,0x000200f8,0x00000978,0x000700f5,
	0x00000025,0x0000162a,0x00000139,0x00000976,0x000000cc,0x00000977,0x000700f5,0x00000025,
	0x00001627,0x00000138,0x00000976,0x0000013b,0x00000977,0x000200f9,0x00000979,0x000200f8,
	0x0000096d,0x000500be,0x000000d3,0x0000096f,0x0000096a,0x00000127,0x000300f7,0x00000972,
	0x00000000,0x000400fa,0x0000096f,0x00000970,0x00000971,0x000200f8,0x00000971,0x000200f9,
	0x00000972,0x000200f8,0x00000970,0x000200f9,0x00000972,0x000200f8,0x00000972,0x000700f5,
	0x00000025,0x00001629,0x0000012e,0x00000970,0x00000131,0x00000971,0x000700f5,0x00000025,
	0x00001626,0x0000012c,0x00000970,0x00000130,0x00000971,0x000200f9,0x00000979,0x000200f8,
	0x00000979,0x000700f5,0x00000025,0x00001628,0x00001629,0x00000972,0x0000162a,0x00000978,
	0x000700f5,0x00000025,0x00001625,0x00001626,0x00000972,0x00001627,0x00000978,0x00050085,
	0x00000025,0x0000097c,0x0000096a,0x00001625,0x0006000c,0x00000025,0x0000097d,0x00000001,
	0x00000003,0x0000097c,0x00050085,0x00000025,0x0000097e,0x0000097d,0x00000140,0x00050081,
	0x00000025,0x00000980,0x0000097e,0x00001628,0x00050041,0x00000026,0x000008e7,0x00000834,
	0x0000008e,0x0004003d,0x00000025,0x000008e8,0x000008e7,0x0008000c,0x00000025,0x00000986,
	0x00000001,0x0000002b,0x000008e8,0x000000cc,0x0000011f,0x000500be,0x000000d3,0x00000988,
	0x00000986,0x00000122,0x000300f7,0x00000995,0x00000000,0x000400fa,0x00000988,0x00000989,
	0x0000098f,0x000200f8,0x0000098f,0x000500be,0x000000d3,0x00000991,0x00000986,0x00000134,
	0x000300f7,0x00000994,0x00000000,0x000400fa,0x00000991,0x00000992,0x00000993,0x000200f8,
	0x00000993,0x000200f9,0x00000994,0x000200f8,0x00000992,0x000200f9,0x00000994,0x000200f8,
	0x00000994,0x000700f5,0x00000025,0x00001630,0x00000139,0x00000992,0x000000cc,0x00000993,
	0x000700f5,0x00000025,0x0000162d,0x00000138,0x00000992,0x0000013b,0x00000993,0x000200f9,
	0x00000995,0x000200f8,0x00000989,0x000500be,0x000000d3,0x0000098b,0x00000986,0x00000127,
	0x000300f7,0x0000098e,0x00000000,0x000400fa,0x0000098b,0x0000098c,0x0000098d,0x000200f8,
	0x0000098d,0x000200f9,0x0000098e,0x000200f8,0x0000098c,0x000200f9,0x0000098e,0x000200f8,
	0x0000098e,0x000700f5,0x00000025,0x0000162f,0x0000012e,0x0000098c,0x00000131,0x0000098d,
	0x000700f5,0x00000025,0x0000162c,0x0000012c,0x0000098c,0x00000130,0x0000098d,0x000200f9,
	0x00000995,0x000200f8,0x00000995,0x000700f5,0x00000025,0x0000162e,0x0000162f,0x0000098e,
	0x00001630,0x00000994,0x000700f5,0x00000025,0x0000162b,0x0000162c,0x0000098e,0x0000162d,
	0x00000994,0x00050085,0x00000025,0x00000998,0x00000986,0x0000162b,0x0006000c,0x00000025,
	0x00000999,0x00000001,0x00000003,0x00000998,0x00050085,0x00000025,0x0000099a,0x00000999,
	0x00000140,0x00050081,0x00000025,0x0000099c,0x0000099a,0x0000162e,0x00050041,0x00000026,
	0x000008ea,0x00000834,0x00000173,0x0004003d,0x00000025,0x000008eb,0x000008ea,0x0008000c,
	0x00000025,0x000009a2,0x00000001,0x0000002b,0x000008eb,0x000000cc,0x0000011f,0x000500be,
	0x000000d3,0x000009a4,0x000009a2,0x00000122,0x000300f7,0x000009b1,0x00000000,0x000400fa,
	0x000009a4,0x000009a5,0x000009ab,0x000200f8,0x000009ab,0x000500be,0x000000d3,0x000009ad,
	0x000009a2,0x00000134,0x000300f7,0x000009b0,0x00000000,0x000400fa,0x000009ad,0x000009ae,
	0x000009af,0x000200f8,0x000009af,0x000200f9,0x000009b0,0x000200f8,0x000009ae,0x000200f9,
	0x000009b0,0x000200f8,0x000009b0,0x000700f5,0x00000025,0x00001636,0x00000139,0x000009ae,
	0x000000cc,0x000009af,0x000700f5,0x00000025,0x00001633,0x00000138,0x000009ae,0x0000013b,
	0x000009af,0x000200f9,0x000009b1,0x000200f8,0x000009a5,0x000500be,0x000000d3,0x000009a7,
	0x000009a2,0x00000127,0x000300f7,0x000009aa,0x00000000,0x000400fa,0x000009a7,0x000009a8,
	0x000009a9,0x000200f8,0x000009a9,0x000200f9,0x000009aa,0x000200f8,0x000009a8,0x000200f9,
	0x000009aa,0x000200f8,0x000009aa,0x000700f5,0x00000025,0x00001635,0x0000012e,0x000009a8,
	0x00000131,0x000009a9,0x000700f5,0x00000025,0x00001632,0x0000012c,0x000009a8,0x00000130,
	0x000009a9,0x000200f9,0x000009b1,0x000200f8,0x000009b1,0x000700f5,0x00000025,0x00001634,
	0x00001635,0x000009aa,0x00001636,0x000009b0,0x000700f5,0x00000025,0x00001631,0x00001632,
	0x000009aa,0x00001633,0x000009b0,0x00050085,0x00000025,0x000009b4,0x000009a2,0x00001631,
	0x0006000c,0x00000025,0x000009b5,0x00000001,0x00000003,0x000009b4,0x00050085,0x00000025,
	0x000009b6,0x000009b5,0x00000140,0x00050081,0x00000025,0x000009b8,0x000009b6,0x00001634,
	0x00050041,0x00000026,0x000008ee,0x00000834,0x00000090,0x0003003e,0x000008ee,0x00000980,
	0x00050041,0x00000026,0x000008f0,0x00000834,0x0000008e,0x0003003e,0x000008f0,0x0000099c,
	0x00050041,0x00000026,0x000008f2,0x00000834,0x00000173,0x0003003e,0x000008f2,0x000009b8,
	0x000200f9,0x000008f4,0x000200f8,0x000008f4,0x0004003d,0x0000003b,0x000008f5,0x00000834,
	0x0003003e,0x0000083a,0x000008f5,0x000200f9,0x000009d2,0x000200f8,0x000009d2,0x000300f7,
	0x00000a12,0x00000000,0x001100fb,0x00000964,0x000009d4,0x00000000,0x000009d5,0x00000001,
	0x000009d5,0x00000002,0x000009e8,0x0000000a,0x000009e8,0x00000003,0x000009fb,0x0000000c,
	0x000009fb,0x0000000e,0x00000a0e,0x000200f8,0x00000a0e,0x00050041,0x00000026,0x00000a0f,
	0x0000083a,0x00000090,0x0004003d,0x00000025,0x00000a10,0x00000a0f,0x0004007c,0x00000006,
	0x00000a11,0x00000a10,0x000200f9,0x00000a12,0x000200f8,0x000009fb,0x00050041,0x00000026,
	0x000009fc,0x0000083a,0x00000090,0x0004003d,0x00000025,0x000009fd,0x000009fc,0x0008000c,
	0x00000025,0x00000a5c,0x00000001,0x0000002b,0x000009fd,0x000000cc,0x000000cd,0x0004007c,
	0x00000006,0x00000a5d,0x00000a5c,0x000500b0,0x000000d3,0x00000a5f,0x00000a5d,0x000000d2,
	0x000500c7,0x00000006,0x00000a61,0x00000a5d,0x000000d7,0x000500c5,0x00000006,0x00000a62,
	0x000000d5,0x00000a61,0x000500c2,0x00000006,0x00000a64,0x00000a5d,0x000000bd,0x00050082,
	0x00000006,0x00000a65,0x000000da,0x00000a64,0x0007000c,0x00000006,0x00000a66,0x00000001,
	0x00000026,0x00000a65,0x000000de,0x000500c2,0x00000006,0x00000a67,0x00000a62,0x00000a66,
	0x00050080,0x00000006,0x00000a69,0x00000a5d,0x000000e2,0x000600a9,0x00000006,0x00000a6a,
	0x00000a5f,0x00000a67,0x00000a69,0x00050080,0x00000006,0x00000a6c,0x00000a6a,0x000000e6,
	0x000500c2,0x00000006,0x00000a6e,0x00000a6a,0x000000e9,0x000500c7,0x00000006,0x00000a6f,
	0x00000a6e,0x0000008e,0x00050080,0x00000006,0x00000a70,0x00000a6c,0x00000a6f,0x000500c2,
	0x00000006,0x00000a71,0x00000a70,0x000000e9,0x000500c7,0x00000006,0x00000a72,0x00000a71,
	0x000000ee,0x00050041,0x00000026,0x000009ff,0x0000083a,0x0000008e,0x0004003d,0x00000025,
	0x00000a00,0x000009ff,0x0008000c,0x00000025,0x00000a78,0x00000001,0x0000002b,0x00000a00,
	0x000000cc,0x000000cd,0x0004007c,0x00000006,0x00000a79,0x00000a78,0x000500b0,0x000000d3,
	0x00000a7b,0x00000a79,0x000000d2,0x000500c7,0x00000006,0x00000a7d,0x00000a79,0x000000d7,
	0x000500c5,0x00000006,0x00000a7e,0x000000d5,0x00000a7d,0x000500c2,0x00000006,0x00000a80,
	0x00000a79,0x000000bd,0x00050082,0x00000006,0x00000a81,0x000000da,0x00000a80,0x0007000c,
	0x00000006,0x00000a82,0x00000001,0x00000026,0x00000a81,0x000000de,0x000500c2,0x00000006,
	0x00000a83,0x00000a7e,0x00000a82,0x00050080,0x00000006,0x00000a85,0x00000a79,0x000000e2,
	0x000600a9,0x00000006,0x00000a86,0x00000a7b,0x00000a83,0x00000a85,0x00050080,0x00000006,
	0x00000a88,0x00000a86,0x000000e6,0x000500c2,0x00000006,0x00000a8a,0x00000a86,0x000000e9,
	0x000500c7,0x00000006,0x00000a8b,0x00000a8a,0x0000008e,0x00050080,0x00000006,0x00000a8c,
	0x00000a88,0x00000a8b,0x000500c2,0x00000006,0x00000a8d,0x00000a8c,0x000000e9,0x000500c7,
	0x00000006,0x00000a8e,0x00000a8d,0x000000ee,0x000500c4,0x00000006,0x00000a02,0x00000a8e,
	0x0000018c,0x000500c5,0x00000006,0x00000a03,0x00000a72,0x00000a02,0x00050041,0x00000026,
	0x00000a04,0x0000083a,0x00000173,0x0004003d,0x00000025,0x00000a05,0x00000a04,0x0008000c,
	0x00000025,0x00000a94,0x00000001,0x0000002b,0x00000a05,0x000000cc,0x000000cd,0x0004007c,
	0x00000006,0x00000a95,0x00000a94,0x000500b0,0x000000d3,0x00000a97,0x00000a95,0x000000d2,
	0x000500c7,0x00000006,0x00000a99,0x00000a95,0x000000d7,0x000500c5,0x00000006,0x00000a9a,
	0x000000d5,0x00000a99,0x000500c2,0x00000006,0x00000a9c,0x00000a95,0x000000bd,0x00050082,
	0x00000006,0x00000a9d,0x000000da,0x00000a9c,0x0007000c,0x00000006,0x00000a9e,0x00000001,
	0x00000026,0x00000a9d,0x000000de,0x000500c2,0x00000006,0x00000a9f,0x00000a9a,0x00000a9e,
	0x00050080,0x00000006,0x00000aa1,0x00000a95,0x000000e2,0x000600a9,0x00000006,0x00000aa2,
	0x00000a97,0x00000a9f,0x00000aa1,0x00050080,0x00000006,0x00000aa4,0x00000aa2,0x000000e6,
	0x000500c2,0x00000006,0x00000aa6,0x00000aa2,0x000000e9,0x000500c7,0x00000006,0x00000aa7,
	0x00000aa6,0x0000008e,0x00050080,0x00000006,0x00000aa8,0x00000aa4,0x00000aa7,0x000500c2,
	0x00000006,0x00000aa9,0x00000aa8,0x000000e9,0x000500c7,0x00000006,0x00000aaa,0x00000aa9,
	0x000000ee,0x000500c4,0x00000006,0x00000a07,0x00000aaa,0x00000194,0x000500c5,0x00000006,
	0x00000a08,0x00000a03,0x00000a07,0x00050041,0x00000026,0x00000a09,0x0000083a,0x000000ac,
	0x0004003d,0x00000025,0x00000a0a,0x00000a09,0x0008000c,0x00000025,0x00000aae,0x00000001,
	0x0000002b,0x00000a0a,0x000000cc,0x0000011f,0x00050085,0x00000025,0x00000ab0,0x00000aae,
	0x00000197,0x00050081,0x00000025,0x00000ab1,0x00000ab0,0x00000158,0x0004006d,0x00000006,
	0x00000ab2,0x00000ab1,0x000500c4,0x00000006,0x00000a0c,0x00000ab2,0x0000019d,0x000500c5,
	0x00000006,0x00000a0d,0x00000a08,0x00000a0c,0x000200f9,0x00000a12,0x000200f8,0x000009e8,
	0x00050041,0x00000026,0x000009e9,0x0000083a,0x00000090,0x0004003d,0x00000025,0x000009ea,
	0x000009e9,0x0008000c,0x00000025,0x00000a3a,0x00000001,0x0000002b,0x000009ea,0x000000cc,
	0x0000011f,0x00050085,0x00000025,0x00000a3c,0x00000a3a,0x0000013b,0x00050081,0x00000025,
	0x00000a3d,0x00000a3c,0x00000158,0x0004006d,0x00000006,0x00000a3e,0x00000a3d,0x00050041,
	0x00000026,0x000009ec,0x0000083a,0x0000008e,0x0004003d,0x00000025,0x000009ed,0x000009ec,
	0x0008000c,0x00000025,0x00000a42,0x00000001,0x0000002b,0x000009ed,0x000000cc,0x0000011f,
	0x00050085,0x00000025,0x00000a44,0x00000a42,0x0000013b,0x00050081,0x00000025,0x00000a45,
	0x00000a44,0x00000158,0x0004006d,0x00000006,0x00000a46,0x00000a45,0x000500c4,0x00000006,
	0x000009ef,0x00000a46,0x0000018c,0x000500c5,0x00000006,0x000009f0,0x00000a3e,0x000009ef,
	0x00050041,0x00000026,0x000009f1,0x0000083a,0x00000173,0x0004003d,0x00000025,0x000009f2,
	0x000009f1,0x0008000c,0x00000025,0x00000a4a,0x00000001,0x0000002b,0x000009f2,0x000000cc,
	0x0000011f,0x00050085,0x00000025,0x00000a4c,0x00000a4a,0x0000013b,0x00050081,0x00000025,
	0x00000a4d,0x00000a4c,0x00000158,0x0004006d,0x00000006,0x00000a4e,0x00000a4d,0x000500c4,
	0x00000006,0x000009f4,0x00000a4e,0x00000194,0x000500c5,0x00000006,0x000009f5,0x000009f0,
	0x000009f4,0x00050041,0x00000026,0x000009f6,0x0000083a,0x000000ac,0x0004003d,0x00000025,
	0x000009f7,0x000009f6,0x0008000c,0x00000025,0x00000a52,0x00000001,0x0000002b,0x000009f7,
	0x000000cc,0x0000011f,0x00050085,0x00000025,0x00000a54,0x00000a52,0x00000197,0x00050081,
	0x00000025,0x00000a55,0x00000a54,0x00000158,0x0004006d,0x00000006,0x00000a56,0x00000a55,
	0x000500c4,0x00000006,0x000009f9,0x00000a56,0x0000019d,0x000500c5,0x00000006,0x000009fa,
	0x000009f5,0x000009f9,0x000200f9,0x00000a12,0x000200f8,0x000009d5,0x00050041,0x00000026,
	0x000009d6,0x0000083a,0x00000090,0x0004003d,0x00000025,0x000009d7,0x000009d6,0x0008000c,
	0x00000025,0x00000a1a,0x00000001,0x0000002b,0x000009d7,0x000000cc,0x0000011f,0x00050085,
	0x00000025,0x00000a1c,0x00000a1a,0x00000164,0x00050081,0x00000025,0x00000a1d,0x00000a1c,
	0x00000158,0x0004006d,0x00000006,0x00000a1e,0x00000a1d,0x00050041,0x00000026,0x000009d9,
	0x0000083a,0x0000008e,0x0004003d,0x00000025,0x000009da,0x000009d9,0x0008000c,0x00000025,
	0x00000a22,0x00000001,0x0000002b,0x000009da,0x000000cc,0x0000011f,0x00050085,0x00000025,
	0x00000a24,0x00000a22,0x00000164,0x00050081,0x00000025,0x00000a25,0x00000a24,0x00000158,
	0x0004006d,0x00000006,0x00000a26,0x00000a25,0x000500c4,0x00000006,0x000009dc,0x00000a26,
	0x0000016f,0x000500c5,0x00000006,0x000009dd,0x00000a1e,0x000009dc,0x00050041,0x00000026,
	0x000009de,0x0000083a,0x00000173,0x0004003d,0x00000025,0x000009df,0x000009de,0x0008000c,
	0x00000025,0x00000a2a,0x00000001,0x0000002b,0x000009df,0x000000cc,0x0000011f,0x00050085,
	0x00000025,0x00000a2c,0x00000a2a,0x00000164,0x00050081,0x00000025,0x00000a2d,0x00000a2c,
	0x00000158,0x0004006d,0x00000006,0x00000a2e,0x00000a2d,0x000500c4,0x00000006,0x000009e1,
	0x00000a2e,0x000000e9,0x000500c5,0x00000006,0x000009e2,0x000009dd,0x000009e1,0x00050041,
	0x00000026,0x000009e3,0x0000083a,0x000000ac,0x0004003d,0x00000025,0x000009e4,0x000009e3,
	0x0008000c,0x00000025,0x00000a32,0x00000001,0x0000002b,0x000009e4,0x000000cc,0x0000011f,
	0x00050085,0x00000025,0x00000a34,0x00000a32,0x00000164,0x00050081,0x00000025,0x00000a35,
	0x00000a34,0x00000158,0x0004006d,0x00000006,0x00000a36,0x00000a35,0x000500c4,0x00000006,
	0x000009e6,0x00000a36,0x000000de,0x000500c5,0x00000006,0x000009e7,0x000009e2,0x000009e6,
	0x000200f9,0x00000a12,0x000200f8,0x000009d4,0x000200f9,0x00000a12,0x000200f8,0x00000a12,
	0x000d00f5,0x00000006,0x00001639,0x00000090,0x000009d4,0x000009e7,0x000009d5,0x000009fa,
	0x000009e8,0x00000a0d,0x000009fb,0x00000a11,0x00000a0e,0x000200f9,0x00000a15,0x000200f8,
	0x00000a15,0x000500aa,0x000000d3,0x00000ab6,0x00000668,0x0000008e,0x000300f7,0x00000ada,
	0x00000000,0x000400fa,0x00000ab6,0x00000ab7,0x00000abf,0x000200f8,0x00000abf,0x000500aa,
	0x000000d3,0x00000ac1,0x00000668,0x00000173,0x000300f7,0x00000ad9,0x00000000,0x000400fa,
	0x00000ac1,0x00000ac2,0x00000acf,0x000200f8,0x00000acf,0x000500aa,0x000000d3,0x00000ad1,
	0x00000668,0x000000ac,0x000300f7,0x00000ad8,0x00000000,0x000400fa,0x00000ad1,0x00000ad2,
	0x00000ad8,0x000200f8,0x00000ad2,0x000500c4,0x00000006,0x00000ad4,0x00001639,0x000000e9,
	0x000500c2,0x00000006,0x00000ad6,0x00001639,0x000000e9,0x000500c5,0x00000006,0x00000ad7,
	0x00000ad4,0x00000ad6,0x000200f9,0x00000ad8,0x000200f8,0x00000ad8,0x000700f5,0x00000006,
	0x0000163c,0x00001639,0x00000acf,0x00000ad7,0x00000ad2,0x000200f9,0x00000ad9,0x000200f8,
	0x00000ac2,0x000500c7,0x00000006,0x00000ac4,0x00001639,0x00000400,0x000500c4,0x00000006,
	0x00000ac5,0x00000ac4,0x0000016f,0x000500c7,0x00000006,0x00000ac7,0x00001639,0x00000404,
	0x000500c2,0x00000006,0x00000ac8,0x00000ac7,0x0000016f,0x000500c5,0x00000006,0x00000ac9,
	0x00000ac5,0x00000ac8,0x000500c4,0x00000006,0x00000acb,0x00000ac9,0x000000e9,0x000500c2,
	0x00000006,0x00000acd,0x00000ac9,0x000000e9,0x000500c5,0x00000006,0x00000ace,0x00000acb,
	0x00000acd,0x000200f9,0x00000ad9,0x000200f8,0x00000ad9,0x000700f5,0x00000006,0x0000163b,
	0x00000ace,0x00000ac2,0x0000163c,0x00000ad8,0x000200f9,0x00000ada,0x000200f8,0x00000ab7,
	0x000500c7,0x00000006,0x00000ab9,0x00001639,0x00000400,0x000500c4,0x00000006,0x00000aba,
	0x00000ab9,0x0000016f,0x000500c7,0x00000006,0x00000abc,0x00001639,0x00000404,0x000500c2,
	0x00000006,0x00000abd,0x00000abc,0x0000016f,0x000500c5,0x00000006,0x00000abe,0x00000aba,
	0x00000abd,0x000200f9,0x00000ada,0x000200f8,0x00000ada,0x000700f5,0x00000006,0x0000163a,
	0x00000abe,0x00000ab7,0x0000163b,0x00000ad9,0x000500c2,0x0000005b,0x00000adf,0x0000151c,
	0x00000390,0x00060041,0x0000042f,0x00000ae2,0x0000042c,0x00000345,0x00000adf,0x0003003e,
	0x00000ae2,0x0000163a,0x000200f9,0x0000072e,0x000200f8,0x000006a9,0x0003003e,0x00000609,
	0x0000021b,0x00050041,0x00000435,0x000006aa,0x00000434,0x00000390,0x0004003d,0x00000006,
	0x000006ab,0x000006aa,0x000500c2,0x00000006,0x00000ae6,0x000006ab,0x000000bd,0x000500c7,
	0x00000006,0x00000ae7,0x00000ae6,0x000000bf,0x000200f9,0x000006ad,0x000200f8,0x000006ad,
	0x000700f5,0x00000006,0x00001516,0x00000090,0x000006a9,0x000006bd,0x000006bb,0x000400f6,
	0x000006be,0x000006bb,0x00000000,0x000200f9,0x000006ae,0x000200f8,0x000006ae,0x000500b0,
	0x000000d3,0x000006b1,0x00001516,0x00001518,0x000400fa,0x000006b1,0x000006b2,0x000006be,
	0x000200f8,0x000006b2,0x00050080,0x00000006,0x000006b5,0x0000154c,0x00001516,0x0004003d,
	0x00000007,0x000006b6,0x000005eb,0x00050041,0x00000435,0x00000b15,0x00000434,0x0000037d,
	0x0004003d,0x00000006,0x00000b16,0x00000b15,0x000500c2,0x00000006,0x00000b17,0x00000b16,
	0x000000c6,0x000500c7,0x00000006,0x00000b18,0x00000b17,0x0000008e,0x000500ab,0x000000d3,
	0x00000b19,0x00000b18,0x00000090,0x000600a9,0x00000006,0x00000b1a,0x00000b19,0x0000008e,
	0x00000090,0x00050041,0x00000435,0x00000b1b,0x00000434,0x0000037d,0x0004003d,0x00000006,
	0x00000b1c,0x00000b1b,0x000500c2,0x00000006,0x00000b1d,0x00000b1c,0x0000043e,0x000500c7,
	0x00000006,0x00000b1e,0x00000b1d,0x0000008e,0x000500ab,0x000000d3,0x00000b1f,0x00000b1e,
	0x00000090,0x000600a9,0x00000006,0x00000b20,0x00000b1f,0x00000173,0x00000090,0x000500c5,
	0x00000006,0x00000b21,0x00000b1a,0x00000b20,0x00050041,0x00000435,0x00000b22,0x00000434,
	0x00000390,0x0004003d,0x00000006,0x00000b23,0x00000b22,0x0003003e,0x00000b0e,0x000006b6,
	0x00050041,0x00000435,0x00000b27,0x00000434,0x000003a8,0x0004003d,0x00000006,0x00000b28,
	0x00000b27,0x000500c2,0x00000006,0x00000c1a,0x00000b23,0x000000aa,0x000500c7,0x00000006,
	0x00000c1b,0x00000c1a,0x000000ac,0x000500ae,0x000000d3,0x00000b60,0x00000c1b,0x00000173,
	0x000600a9,0x00000006,0x00000b61,0x00000b60,0x0000008e,0x00000090,0x000500ae,0x000000d3,
	0x00000b63,0x00000c1b,0x0000008e,0x000600a9,0x00000006,0x00000b64,0x00000b63,0x0000008e,
	0x00000090,0x00050041,0x00000009,0x00000b65,0x00000b0e,0x00000090,0x0004003d,0x00000006,
	0x00000b66,0x00000b65,0x000500c4,0x00000006,0x00000b68,0x00000b66,0x00000b61,0x000500ae,
	0x000000d3,0x00000b6a,0x00000c1b,0x00000173,0x000500c7,0x00000006,0x00000b6c,0x000006b5,
	0x0000008e,0x000600a9,0x00000006,0x00000b6d,0x00000b6a,0x00000b6c,0x00000090,0x00050080,
	0x00000006,0x00000b6e,0x00000b68,0x00000b6d,0x00050041,0x00000009,0x00000b6f,0x00000b0e,
	0x0000008e,0x0004003d,0x00000006,0x00000b70,0x00000b6f,0x000500c4,0x00000006,0x00000b72,
	0x00000b70,0x00000b64,0x000500ae,0x000000d3,0x00000b74,0x00000c1b,0x00000173,0x000500c2,
	0x00000006,0x00000b76,0x000006b5,0x0000008e,0x000500aa,0x000000d3,0x00000b78,0x00000c1b,
	0x0000008e,0x000600a9,0x00000006,0x00000b7a,0x00000b78,0x000006b5,0x00000090,0x000600a9,
	0x00000006,0x00000b7b,0x00000b74,0x00000b76,0x00000b7a,0x00050080,0x00000006,0x00000b7c,
	0x00000b72,0x00000b7b,0x000500c2,0x00000006,0x00000c1f,0x00000b23,0x000000b1,0x000500c7,
	0x00000006,0x00000c20,0x00000c1f,0x0000008e,0x000500ab,0x000000d3,0x00000b7f,0x00000c20,
	0x00000090,0x00050084,0x00000006,0x00000b81,0x00000b6e,0x00000173,0x000600a9,0x00000006,
	0x00000b85,0x00000b7f,0x00000b81,0x00000b6e,0x00050086,0x00000006,0x00000b87,0x00000b85,
	0x000002b5,0x00050089,0x00000006,0x00000b89,0x00000b85,0x000002b5,0x000500c2,0x00000006,
	0x00000b8b,0x00000b7c,0x00000277,0x000500c7,0x00000006,0x00000b8d,0x00000b7c,0x000000bf,
	0x000500c7,0x00000006,0x00000c24,0x00000b23,0x0000009e,0x000500c2,0x00000006,0x00000c28,
	0x00000b23,0x000000a3,0x000500c7,0x00000006,0x00000c29,0x00000c28,0x000000a5,0x000500c2,
	0x00000006,0x00000c2d,0x00000b23,0x000000b1,0x000500c7,0x00000006,0x00000c2e,0x00000c2d,
	0x0000008e,0x000500c4,0x00000006,0x00000b95,0x00000c29,0x00000c2e,0x00050084,0x00000006,
	0x00000b96,0x00000b8b,0x00000b95,0x00050080,0x00000006,0x00000b97,0x00000c24,0x00000b96,
	0x00050080,0x00000006,0x00000b99,0x00000b97,0x00000b87,0x000500c7,0x00000006,0x00000b9a,
	0x00000b99,0x0000009e,0x000500c7,0x00000006,0x00000c32,0x00000b28,0x0000009e,0x00050082,
	0x00000006,0x00000b9e,0x00000b9a,0x00000c32,0x000500c7,0x00000006,0x00000b9f,0x00000b9e,
	0x0000009e,0x000500c2,0x00000006,0x00000c36,0x00000b28,0x000000a3,0x000500c7,0x00000006,
	0x00000c37,0x00000c36,0x000000a5,0x000500c2,0x00000006,0x00000c3b,0x00000b28,0x000000b1,
	0x000500c7,0x00000006,0x00000c3c,0x00000c3b,0x0000008e,0x000500c4,0x00000006,0x00000ba4,
	0x00000c37,0x00000c3c,0x00050089,0x00000006,0x00000ba7,0x00000b9f,0x00000ba4,0x00050086,
	0x00000006,0x00000baa,0x00000b9f,0x00000ba4,0x000500c2,0x00000006,0x00000c40,0x00000b28,
	0x000000b7,0x000500c7,0x00000006,0x00000c41,0x00000c40,0x0000008e,0x000500c2,0x00000006,
	0x00000c45,0x00000b23,0x000000b7,0x000500c7,0x00000006,0x00000c46,0x00000c45,0x0000008e,
	0x000500ab,0x000000d3,0x00000baf,0x00000c41,0x00000c46,0x000300f7,0x00000bb4,0x00000000,
	0x000400fa,0x00000baf,0x00000bb0,0x00000bb4,0x000200f8,0x00000bb0,0x00050080,0x00000006,
	0x00000bb2,0x00000b89,0x000002f2,0x00050089,0x00000006,0x00000bb3,0x00000bb2,0x000002b5,
	0x000200f9,0x00000bb4,0x000200f8,0x00000bb4,0x000700f5,0x00000006,0x0000154d,0x00000b89,
	0x000006b2,0x00000bb3,0x00000bb0,0x000500c2,0x00000006,0x00000c4a,0x00000b28,0x000000aa,
	0x000500c7,0x00000006,0x00000c4b,0x00000c4a,0x000000ac,0x00050084,0x00000006,0x00000bb8,
	0x00000ba7,0x000002b5,0x00050080,0x00000006,0x00000bba,0x00000bb8,0x0000154d,0x000500c2,
	0x00000006,0x00000c4f,0x00000b28,0x000000b1,0x000500c7,0x00000006,0x00000c50,0x00000c4f,
	0x0000008e,0x000500ab,0x000000d3,0x00000bbd,0x00000c50,0x00000090,0x000300f7,0x00000bc3,
	0x00000000,0x000400fa,0x00000bbd,0x00000bbe,0x00000bc3,0x000200f8,0x00000bbe,0x000500c2,
	0x00000006,0x00000bc2,0x00000bba,0x0000008e,0x000200f9,0x00000bc3,0x000200f8,0x00000bc3,
	0x000700f5,0x00000006,0x0000154e,0x00000bba,0x00000bb4,0x00000bc2,0x00000bbe,0x00050084,
	0x00000006,0x00000bc5,0x00000baa,0x000000e9,0x00050080,0x00000006,0x00000bc7,0x00000bc5,
	0x00000b8d,0x000500ae,0x000000d3,0x00000bc9,0x00000c4b,0x00000173,0x000600a9,0x00000006,
	0x00000bca,0x00000bc9,0x0000008e,0x00000090,0x000500ae,0x000000d3,0x00000bcc,0x00000c4b,
	0x0000008e,0x000600a9,0x00000006,0x00000bcd,0x00000bcc,0x0000008e,0x00000090,0x000500c2,
	0x00000006,0x00000bd0,0x0000154e,0x00000bca,0x0004007c,0x0000005b,0x00000bd1,0x00000bd0,
	0x000500c2,0x00000006,0x00000bd4,0x00000bc7,0x00000bcd,0x00050080,0x00000006,0x00000bd6,
	0x00000bd4,0x00000693,0x0004007c,0x0000005b,0x00000bd7,0x00000bd6,0x00050050,0x00000316,
	0x00000bd8,0x00000bd1,0x00000bd7,0x0004007c,0x0000005b,0x00000bda,0x00000653,0x00050050,
	0x00000316,0x00000bdb,0x00000bda,0x00000bda,0x00050084,0x00000316,0x00000bdc,0x00000bd8,
	0x00000bdb,0x0004007c,0x00000316,0x00000bde,0x00001515,0x00050080,0x00000316,0x00000bdf,
	0x00000bdc,0x00000bde,0x000200f9,0x00000c7d,0x000200f8,0x00000c7d,0x0004003d,0x00000340,
	0x00000bee,0x00000342,0x00050051,0x0000005b,0x00000bf0,0x00000bdf,0x00000000,0x00050051,
	0x0000005b,0x00000bf1,0x00000bdf,0x00000001,0x00060050,0x00000346,0x00000bf2,0x00000bf0,
	0x00000bf1,0x00000345,0x0007004f,0x00000316,0x00000bf3,0x00000bf2,0x00000bf2,0x00000000,
	0x00000001,0x0007005f,0x0000003b,0x00000bf9,0x00000bee,0x00000bf3,0x00000002,0x00000345,
	0x0003003e,0x00000b53,0x00000bf9,0x000500c2,0x00000006,0x00000c82,0x00000b28,0x000000bd,
	0x000500c7,0x00000006,0x00000c83,0x00000c82,0x000000bf,0x000500aa,0x000000d3,0x00000bfd,
	0x00000c83,0x0000008e,0x000500c7,0x00000006,0x00000bff,0x00000b21,0x00000173,0x000500ab,
	0x000000d3,0x00000c00,0x00000bff,0x00000090,0x000500a7,0x000000d3,0x00000c01,0x00000bfd,
	0x00000c00,0x000300f7,0x00000c13,0x00000000,0x000400fa,0x00000c01,0x00000c02,0x00000c13,
	0x000200f8,0x00000c02,0x00050041,0x00000026,0x00000c03,0x00000b53,0x00000090,0x0004003d,
	0x00000025,0x00000c04,0x00000c03,0x0008000c,0x00000025,0x00000c89,0x00000001,0x0000002b,
	0x00000c04,0x000000cc,0x0000011f,0x000500be,0x000000d3,0x00000c8b,0x00000c89,0x00000122,
	0x000300f7,0x00000c98,0x00000000,0x000400fa,0x00000c8b,0x00000c8c,0x00000c92,0x000200f8,
	0x00000c92,0x000500be,0x000000d3,0x00000c94,0x00000c89,0x00000134,0x000300f7,0x00000c97,
	0x00000000,0x000400fa,0x00000c94,0x00000c95,0x00000c96,0x000200f8,0x00000c96,0x000200f9,
	0x00000c97,0x000200f8,0x00000c95,0x000200f9,0x00000c97,0x000200f8,0x00000c97,0x000700f5,
	0x00000025,0x00001563,0x00000139,0x00000c95,0x000000cc,0x00000c96,0x000700f5,0x00000025,
	0x00001560,0x00000138,0x00000c95,0x0000013b,0x00000c96,0x000200f9,0x00000c98,0x000200f8,
	0x00000c8c,0x000500be,0x000000d3,0x00000c8e,0x00000c89,0x00000127,0x000300f7,0x00000c91,
	0x00000000,0x000400fa,0x00000c8e,0x00000c8f,0x00000c90,0x000200f8,0x00000c90,0x000200f9,
	0x00000c91,0x000200f8,0x00000c8f,0x000200f9,0x00000c91,0x000200f8,0x00000c91,0x000700f5,
	0x00000025,0x00001562,0x0000012e,0x00000c8f,0x00000131,0x00000c90,0x000700f5,0x00000025,
	0x0000155f,0x0000012c,0x00000c8f,0x00000130,0x00000c90,0x000200f9,0x00000c98,0x000200f8,
	0x00000c98,0x000700f5,0x00000025,0x00001561,0x00001562,0x00000c91,0x00001563,0x00000c97,
	0x000700f5,0x00000025,0x0000155e,0x0000155f,0x00000c91,0x00001560,0x00000c97,0x00050085,
	0x00000025,0x00000c9b,0x00000c89,0x0000155e,0x0006000c,0x00000025,0x00000c9c,0x00000001,
	0x00000003,0x00000c9b,0x00050085,0x00000025,0x00000c9d,0x00000c9c,0x00000140,0x00050081,
	0x00000025,0x00000c9f,0x00000c9d,0x00001561,0x00050041,0x00000026,0x00000c06,0x00000b53,
	0x0000008e,0x0004003d,0x00000025,0x00000c07,0x00000c06,0x0008000c,0x00000025,0x00000ca5,
	0x00000001,0x0000002b,0x00000c07,0x000000cc,0x0000011f,0x000500be,0x000000d3,0x00000ca7,
	0x00000ca5,0x00000122,0x000300f7,0x00000cb4,0x00000000,0x000400fa,0x00000ca7,0x00000ca8,
	0x00000cae,0x000200f8,0x00000cae,0x000500be,0x000000d3,0x00000cb0,0x00000ca5,0x00000134,
	0x000300f7,0x00000cb3,0x00000000,0x000400fa,0x00000cb0,0x00000cb1,0x00000cb2,0x000200f8,
	0x00000cb2,0x000200f9,0x00000cb3,0x000200f8,0x00000cb1,0x000200f9,0x00000cb3,0x000200f8,
	0x00000cb3,0x000700f5,0x00000025,0x00001569,0x00000139,0x00000cb1,0x000000cc,0x00000cb2,
	0x000700f5,0x00000025,0x00001566,0x00000138,0x00000cb1,0x0000013b,0x00000cb2,0x000200f9,
	0x00000cb4,0x000200f8,0x00000ca8,0x000500be,0x000000d3,0x00000caa,0x00000ca5,0x00000127,
	0x000300f7,0x00000cad,0x00000000,0x000400fa,0x00000caa,0x00000cab,0x00000cac,0x000200f8,
	0x00000cac,0x000200f9,0x00000cad,0x000200f8,0x00000cab,0x000200f9,0x00000cad,0x000200f8,
	0x00000cad,0x000700f5,0x00000025,0x00001568,0x0000012e,0x00000cab,0x00000131,0x00000cac,
	0x000700f5,0x00000025,0x00001565,0x0000012c,0x00000cab,0x00000130,0x00000cac,0x000200f9,
	0x00000cb4,0x000200f8,0x00000cb4,0x000700f5,0x00000025,0x00001567,0x00001568,0x00000cad,
	0x00001569,0x00000cb3,0x000700f5,0x00000025,0x00001564,0x00001565,0x00000cad,0x00001566,
	0x00000cb3,0x00050085,0x00000025,0x00000cb7,0x00000ca5,0x00001564,0x0006000c,0x00000025,
	0x00000cb8,0x00000001,0x00000003,0x00000cb7,0x00050085,0x00000025,0x00000cb9,0x00000cb8,
	0x00000140,0x00050081,0x00000025,0x00000cbb,0x00000cb9,0x00001567,0x00050041,0x00000026,
	0x00000c09,0x00000b53,0x00000173,0x0004003d,0x00000025,0x00000c0a,0x00000c09,0x0008000c,
	0x00000025,0x00000cc1,0x00000001,0x0000002b,0x00000c0a,0x000000cc,0x0000011f,0x000500be,
	0x000000d3,0x00000cc3,0x00000cc1,0x00000122,0x000300f7,0x00000cd0,0x00000000,0x000400fa,
	0x00000cc3,0x00000cc4,0x00000cca,0x000200f8,0x00000cca,0x000500be,0x000000d3,0x00000ccc,
	0x00000cc1,0x00000134,0x000300f7,0x00000ccf,0x00000000,0x000400fa,0x00000ccc,0x00000ccd,
	0x00000cce,0x000200f8,0x00000cce,0x000200f9,0x00000ccf,0x000200f8,0x00000ccd,0x000200f9,
	0x00000ccf,0x000200f8,0x00000ccf,0x000700f5,0x00000025,0x0000156f,0x00000139,0x00000ccd,
	0x000000cc,0x00000cce,0x000700f5,0x00000025,0x0000156c,0x00000138,0x00000ccd,0x0000013b,
	0x00000cce,0x000200f9,0x00000cd0,0x000200f8,0x00000cc4,0x000500be,0x000000d3,0x00000cc6,
	0x00000cc1,0x00000127,0x000300f7,0x00000cc9,0x00000000,0x000400fa,0x00000cc6,0x00000cc7,
	0x00000cc8,0x000200f8,0x00000cc8,0x000200f9,0x00000cc9,0x000200f8,0x00000cc7,0x000200f9,
	0x00000cc9,0x000200f8,0x00000cc9,0x000700f5,0x00000025,0x0000156e,0x0000012e,0x00000cc7,
	0x00000131,0x00000cc8,0x000700f5,0x00000025,0x0000156b,0x0000012c,0x00000cc7,0x00000130,
	0x00000cc8,0x000200f9,0x00000cd0,0x000200f8,0x00000cd0,0x000700f5,0x00000025,0x0000156d,
	0x0000156e,0x00000cc9,0x0000156f,0x00000ccf,0x000700f5,0x00000025,0x0000156a,0x0000156b,
	0x00000cc9,0x0000156c,0x00000ccf,0x00050085,0x00000025,0x00000cd3,0x00000cc1,0x0000156a,
	0x0006000c,0x00000025,0x00000cd4,0x00000001,0x00000003,0x00000cd3,0x00050085,0x00000025,
	0x00000cd5,0x00000cd4,0x00000140,0x00050081,0x00000025,0x00000cd7,0x00000cd5,0x0000156d,
	0x00050041,0x00000026,0x00000c0d,0x00000b53,0x00000090,0x0003003e,0x00000c0d,0x00000c9f,
	0x00050041,0x00000026,0x00000c0f,0x00000b53,0x0000008e,0x0003003e,0x00000c0f,0x00000cbb,
	0x00050041,0x00000026,0x00000c11,0x00000b53,0x00000173,0x0003003e,0x00000c11,0x00000cd7,
	0x000200f9,0x00000c13,0x000200f8,0x00000c13,0x0004003d,0x0000003b,0x00000c14,0x00000b53,
	0x0003003e,0x00000b59,0x00000c14,0x000200f9,0x00000cf1,0x000200f8,0x00000cf1,0x000300f7,
	0x00000d31,0x00000000,0x001100fb,0x00000c83,0x00000cf3,0x00000000,0x00000cf4,0x00000001,
	0x00000cf4,0x00000002,0x00000d07,0x0000000a,0x00000d07,0x00000003,0x00000d1a,0x0000000c,
	0x00000d1a,0x0000000e,0x00000d2d,0x000200f8,0x00000d2d,0x00050041,0x00000026,0x00000d2e,
	0x00000b59,0x00000090,0x0004003d,0x00000025,0x00000d2f,0x00000d2e,0x0004007c,0x00000006,
	0x00000d30,0x00000d2f,0x000200f9,0x00000d31,0x000200f8,0x00000d1a,0x00050041,0x00000026,
	0x00000d1b,0x00000b59,0x00000090,0x0004003d,0x00000025,0x00000d1c,0x00000d1b,0x0008000c,
	0x00000025,0x00000d7b,0x00000001,0x0000002b,0x00000d1c,0x000000cc,0x000000cd,0x0004007c,
	0x00000006,0x00000d7c,0x00000d7b,0x000500b0,0x000000d3,0x00000d7e,0x00000d7c,0x000000d2,
	0x000500c7,0x00000006,0x00000d80,0x00000d7c,0x000000d7,0x000500c5,0x00000006,0x00000d81,
	0x000000d5,0x00000d80,0x000500c2,0x00000006,0x00000d83,0x00000d7c,0x000000bd,0x00050082,
	0x00000006,0x00000d84,0x000000da,0x00000d83,0x0007000c,0x00000006,0x00000d85,0x00000001,
	0x00000026,0x00000d84,0x000000de,0x000500c2,0x00000006,0x00000d86,0x00000d81,0x00000d85,
	0x00050080,0x00000006,0x00000d88,0x00000d7c,0x000000e2,0x000600a9,0x00000006,0x00000d89,
	0x00000d7e,0x00000d86,0x00000d88,0x00050080,0x00000006,0x00000d8b,0x00000d89,0x000000e6,
	0x000500c2,0x00000006,0x00000d8d,0x00000d89,0x000000e9,0x000500c7,0x00000006,0x00000d8e,
	0x00000d8d,0x0000008e,0x00050080,0x00000006,0x00000d8f,0x00000d8b,0x00000d8e,0x000500c2,
	0x00000006,0x00000d90,0x00000d8f,0x000000e9,0x000500c7,0x00000006,0x00000d91,0x00000d90,
	0x000000ee,0x00050041,0x00000026,0x00000d1e,0x00000b59,0x0000008e,0x0004003d,0x00000025,
	0x00000d1f,0x00000d1e,0x0008000c,0x00000025,0x00000d97,0x00000001,0x0000002b,0x00000d1f,
	0x000000cc,0x000000cd,0x0004007c,0x00000006,0x00000d98,0x00000d97,0x000500b0,0x000000d3,
	0x00000d9a,0x00000d98,0x000000d2,0x000500c7,0x00000006,0x00000d9c,0x00000d98,0x000000d7,
	0x000500c5,0x00000006,0x00000d9d,0x000000d5,0x00000d9c,0x000500c2,0x00000006,0x00000d9f,
	0x00000d98,0x000000bd,0x00050082,0x00000006,0x00000da0,0x000000da,0x00000d9f,0x0007000c,
	0x00000006,0x00000da1,0x00000001,0x00000026,0x00000da0,0x000000de,0x000500c2,0x00000006,
	0x00000da2,0x00000d9d,0x00000da1,0x00050080,0x00000006,0x00000da4,0x00000d98,0x000000e2,
	0x000600a9,0x00000006,0x00000da5,0x00000d9a,0x00000da2,0x00000da4,0x00050080,0x00000006,
	0x00000da7,0x00000da5,0x000000e6,0x000500c2,0x00000006,0x00000da9,0x00000da5,0x000000e9,
	0x000500c7,0x00000006,0x00000daa,0x00000da9,0x0000008e,0x00050080,0x00000006,0x00000dab,
	0x00000da7,0x00000daa,0x000500c2,0x00000006,0x00000dac,0x00000dab,0x000000e9,0x000500c7,
	0x00000006,0x00000dad,0x00000dac,0x000000ee,0x000500c4,0x00000006,0x00000d21,0x00000dad,
	0x0000018c,0x000500c5,0x00000006,0x00000d22,0x00000d91,0x00000d21,0x00050041,0x00000026,
	0x00000d23,0x00000b59,0x00000173,0x0004003d,0x00000025,0x00000d24,0x00000d23,0x0008000c,
	0x00000025,0x00000db3,0x00000001,0x0000002b,0x00000d24,0x000000cc,0x000000cd,0x0004007c,
	0x00000006,0x00000db4,0x00000db3,0x000500b0,0x000000d3,0x00000db6,0x00000db4,0x000000d2,
	0x000500c7,0x00000006,0x00000db8,0x00000db4,0x000000d7,0x000500c5,0x00000006,0x00000db9,
	0x000000d5,0x00000db8,0x000500c2,0x00000006,0x00000dbb,0x00000db4,0x000000bd,0x00050082,
	0x00000006,0x00000dbc,0x000000da,0x00000dbb,0x0007000c,0x00000006,0x00000dbd,0x00000001,
	0x00000026,0x00000dbc,0x000000de,0x000500c2,0x00000006,0x00000dbe,0x00000db9,0x00000dbd,
	0x00050080,0x00000006,0x00000dc0,0x00000db4,0x000000e2,0x000600a9,0x00000006,0x00000dc1,
	0x00000db6,0x00000dbe,0x00000dc0,0x00050080,0x00000006,0x00000dc3,0x00000dc1,0x000000e6,
	0x000500c2,0x00000006,0x00000dc5,0x00000dc1,0x000000e9,0x000500c7,0x00000006,0x00000dc6,
	0x00000dc5,0x0000008e,0x00050080,0x00000006,0x00000dc7,0x00000dc3,0x00000dc6,0x000500c2,
	0x00000006,0x00000dc8,0x00000dc7,0x000000e9,0x000500c7,0x00000006,0x00000dc9,0x00000dc8,
	0x000000ee,0x000500c4,0x00000006,0x00000d26,0x00000dc9,0x00000194,0x000500c5,0x00000006,
	0x00000d27,0x00000d22,0x00000d26,0x00050041,0x00000026,0x00000d28,0x00000b59,0x000000ac,
	0x0004003d,0x00000025,0x00000d29,0x00000d28,0x0008000c,0x00000025,0x00000dcd,0x00000001,
	0x0000002b,0x00000d29,0x000000cc,0x0000011f,0x00050085,0x00000025,0x00000dcf,0x00000dcd,
	0x00000197,0x00050081,0x00000025,0x00000dd0,0x00000dcf,0x00000158,0x0004006d,0x00000006,
	0x00000dd1,0x00000dd0,0x000500c4,0x00000006,0x00000d2b,0x00000dd1,0x0000019d,0x000500c5,
	0x00000006,0x00000d2c,0x00000d27,0x00000d2b,0x000200f9,0x00000d31,0x000200f8,0x00000d07,
	0x00050041,0x00000026,0x00000d08,0x00000b59,0x00000090,0x0004003d,0x00000025,0x00000d09,
	0x00000d08,0x0008000c,0x00000025,0x00000d59,0x00000001,0x0000002b,0x00000d09,0x000000cc,
	0x0000011f,0x00050085,0x00000025,0x00000d5b,0x00000d59,0x0000013b,0x00050081,0x00000025,
	0x00000d5c,0x00000d5b,0x00000158,0x0004006d,0x00000006,0x00000d5d,0x00000d5c,0x00050041,
	0x00000026,0x00000d0b,0x00000b59,0x0000008e,0x0004003d,0x00000025,0x00000d0c,0x00000d0b,
	0x0008000c,0x00000025,0x00000d61,0x00000001,0x0000002b,0x00000d0c,0x000000cc,0x0000011f,
	0x00050085,0x00000025,0x00000d63,0x00000d61,0x0000013b,0x00050081,0x00000025,0x00000d64,
	0x00000d63,0x00000158,0x0004006d,0x00000006,0x00000d65,0x00000d64,0x000500c4,0x00000006,
	0x00000d0e,0x00000d65,0x0000018c,0x000500c5,0x00000006,0x00000d0f,0x00000d5d,0x00000d0e,
	0x00050041,0x00000026,0x00000d10,0x00000b59,0x00000173,0x0004003d,0x00000025,0x00000d11,
	0x00000d10,0x0008000c,0x00000025,0x00000d69,0x00000001,0x0000002b,0x00000d11,0x000000cc,
	0x0000011f,0x00050085,0x00000025,0x00000d6b,0x00000d69,0x0000013b,0x00050081,0x00000025,
	0x00000d6c,0x00000d6b,0x00000158,0x0004006d,0x00000006,0x00000d6d,0x00000d6c,0x000500c4,
	0x00000006,0x00000d13,0x00000d6d,0x00000194,0x000500c5,0x00000006,0x00000d14,0x00000d0f,
	0x00000d13,0x00050041,0x00000026,0x00000d15,0x00000b59,0x000000ac,0x0004003d,0x00000025,
	0x00000d16,0x00000d15,0x0008000c,0x00000025,0x00000d71,0x00000001,0x0000002b,0x00000d16,
	0x000000cc,0x0000011f,0x00050085,0x00000025,0x00000d73,0x00000d71,0x00000197,0x00050081,
	0x00000025,0x00000d74,0x00000d73,0x00000158,0x0004006d,0x00000006,0x00000d75,0x00000d74,
	0x000500c4,0x00000006,0x00000d18,0x00000d75,0x0000019d,0x000500c5,0x00000006,0x00000d19,
	0x00000d14,0x00000d18,0x000200f9,0x00000d31,0x000200f8,0x00000cf4,0x00050041,0x00000026,
	0x00000cf5,0x00000b59,0x00000090,0x0004003d,0x00000025,0x00000cf6,0x00000cf5,0x0008000c,
	0x00000025,0x00000d39,0x00000001,0x0000002b,0x00000cf6,0x000000cc,0x0000011f,0x00050085,
	0x00000025,0x00000d3b,0x00000d39,0x00000164,0x00050081,0x00000025,0x00000d3c,0x00000d3b,
	0x00000158,0x0004006d,0x00000006,0x00000d3d,0x00000d3c,0x00050041,0x00000026,0x00000cf8,
	0x00000b59,0x0000008e,0x0004003d,0x00000025,0x00000cf9,0x00000cf8,0x0008000c,0x00000025,
	0x00000d41,0x00000001,0x0000002b,0x00000cf9,0x000000cc,0x0000011f,0x00050085,0x00000025,
	0x00000d43,0x00000d41,0x00000164,0x00050081,0x00000025,0x00000d44,0x00000d43,0x00000158,
	0x0004006d,0x00000006,0x00000d45,0x00000d44,0x000500c4,0x00000006,0x00000cfb,0x00000d45,
	0x0000016f,0x000500c5,0x00000006,0x00000cfc,0x00000d3d,0x00000cfb,0x00050041,0x00000026,
	0x00000cfd,0x00000b59,0x00000173,0x0004003d,0x00000025,0x00000cfe,0x00000cfd,0x0008000c,
	0x00000025,0x00000d49,0x00000001,0x0000002b,0x00000cfe,0x000000cc,0x0000011f,0x00050085,
	0x00000025,0x00000d4b,0x00000d49,0x00000164,0x00050081,0x00000025,0x00000d4c,0x00000d4b,
	0x00000158,0x0004006d,0x00000006,0x00000d4d,0x00000d4c,0x000500c4,0x00000006,0x00000d00,
	0x00000d4d,0x000000e9,0x000500c5,0x00000006,0x00000d01,0x00000cfc,0x00000d00,0x00050041,
	0x00000026,0x00000d02,0x00000b59,0x000000ac,0x0004003d,0x00000025,0x00000d03,0x00000d02,
	0x0008000c,0x00000025,0x00000d51,0x00000001,0x0000002b,0x00000d03,0x000000cc,0x0000011f,
	0x00050085,0x00000025,0x00000d53,0x00000d51,0x00000164,0x00050081,0x00000025,0x00000d54,
	0x00000d53,0x00000158,0x0004006d,0x00000006,0x00000d55,0x00000d54,0x000500c4,0x00000006,
	0x00000d05,0x00000d55,0x000000de,0x000500c5,0x00000006,0x00000d06,0x00000d01,0x00000d05,
	0x000200f9,0x00000d31,0x000200f8,0x00000cf3,0x000200f9,0x00000d31,0x000200f8,0x00000d31,
	0x000d00f5,0x00000006,0x00001572,0x00000090,0x00000cf3,0x00000d06,0x00000cf4,0x00000d19,
	0x00000d07,0x00000d2c,0x00000d1a,0x00000d30,0x00000d2d,0x000200f9,0x00000d34,0x000200f8,
	0x00000d34,0x00050041,0x00000435,0x00000afa,0x00000434,0x00000390,0x0004003d,0x00000006,
	0x00000afb,0x00000afa,0x000500c2,0x00000006,0x00000dd5,0x00000afb,0x000000b1,0x000500c7,
	0x00000006,0x00000dd6,0x00000dd5,0x0000008e,0x000500ab,0x000000d3,0x00000afd,0x00000dd6,
	0x00000090,0x000300f7,0x00000b0a,0x00000002,0x000400fa,0x00000afd,0x00000afe,0x00000b06,
	0x000200f8,0x00000b06,0x000200f9,0x0000110e,0x000200f8,0x0000110e,0x000300f7,0x0000115a,
	0x00000000,0x001500fb,0x00000ae7,0x00001110,0x00000000,0x00001111,0x00000001,0x00001111,
	0x00000002,0x00001122,0x0000000a,0x00001122,0x00000003,0x00001138,0x0000000c,0x00001138,
	0x0000000e,0x00001146,0x00000004,0x0000114a,0x00000006,0x00001151,0x000200f8,0x00001151,
	0x0006000c,0x00000212,0x00001153,0x00000001,0x0000003e,0x00001572,0x00050051,0x00000025,
	0x00001154,0x00001153,0x00000000,0x000500c2,0x00000006,0x00001156,0x00001572,0x000000e9,
	0x0006000c,0x00000212,0x00001157,0x00000001,0x0000003e,0x00001156,0x00050051,0x00000025,
	0x00001158,0x00001157,0x00000000,0x00070050,0x0000003b,0x00001159,0x00001154,0x00001158,
	0x000000cc,0x000000cc,0x000200f9,0x0000115a,0x000200f8,0x0000114a,0x000500c4,0x00000006,
	0x000011da,0x00001572,0x000000e9,0x0004007c,0x0000005b,0x000011db,0x000011da,0x000500c3,
	0x0000005b,0x000011dc,0x000011db,0x00000149,0x0004006f,0x00000025,0x000011dd,0x000011dc,
	0x00050085,0x00000025,0x000011de,0x000011dd,0x0000014c,0x0007000c,0x00000025,0x000011df,
	0x00000001,0x00000028,0x000011de,0x0000014e,0x00050085,0x00000025,0x000011e1,0x000011df,
	0x0000064e,0x000500c2,0x00000006,0x0000114e,0x00001572,0x000000e9,0x000500c4,0x00000006,
	0x000011e5,0x0000114e,0x000000e9,0x0004007c,0x0000005b,0x000011e6,0x000011e5,0x000500c3,
	0x0000005b,0x000011e7,0x000011e6,0x00000149,0x0004006f,0x00000025,0x000011e8,0x000011e7,
	0x00050085,0x00000025,0x000011e9,0x000011e8,0x0000014c,0x0007000c,0x00000025,0x000011ea,
	0x00000001,0x00000028,0x000011e9,0x0000014e,0x00050085,0x00000025,0x000011ec,0x000011ea,
	0x0000064e,0x00070050,0x0000003b,0x00001150,0x000011e1,0x000011ec,0x000000cc,0x000000cc,
	0x000200f9,0x0000115a,0x000200f8,0x00001146,0x0004007c,0x00000025,0x00001148,0x00001572,
	0x00070050,0x0000003b,0x00001149,0x00001148,0x000000cc,0x000000cc,0x000000cc,0x000200f9,
	0x0000115a,0x000200f8,0x00001138,0x000500c7,0x00000006,0x00001165,0x00001572,0x000000ee,
	0x000500c7,0x00000006,0x00001167,0x00001572,0x000000f6,0x000500c2,0x00000006,0x00001169,
	0x00001165,0x000000c6,0x000500aa,0x000000d3,0x0000116b,0x00001169,0x00000090,0x000500ab,
	0x000000d3,0x0000116d,0x00001167,0x00000090,0x000500a7,0x000000d3,0x0000116e,0x0000116b,
	0x0000116d,0x000300f7,0x0000117c,0x00000000,0x000400fa,0x0000116e,0x0000116f,0x0000117c,
	0x000200f8,0x0000116f,0x0006000c,0x00000006,0x00001171,0x00000001,0x0000004b,0x00001167,
	0x00050082,0x00000006,0x00001173,0x000000c6,0x00001171,0x0004007c,0x0000005b,0x00001175,
	0x00001173,0x00050082,0x0000005b,0x00001176,0x00000108,0x00001175,0x0004007c,0x00000006,
	0x00001177,0x00001176,0x000500c4,0x00000006,0x0000117a,0x00001167,0x00001173,0x000500c7,
	0x00000006,0x0000117b,0x0000117a,0x000000f6,0x000200f9,0x0000117c,0x000200f8,0x0000117c,
	0x000700f5,0x00000006,0x00001589,0x00001167,0x00001138,0x0000117b,0x0000116f,0x000700f5,
	0x00000006,0x00001588,0x00001169,0x00001138,0x00001177,0x0000116f,0x000500ab,0x000000d3,
	0x0000117e,0x00001165,0x00000090,0x00050080,0x00000006,0x00001180,0x00001588,0x00000114,
	0x000500c4,0x00000006,0x00001181,0x00001180,0x000000bd,0x000500c4,0x00000006,0x00001183,
	0x00001589,0x000000e9,0x000500c5,0x00000006,0x00001184,0x00001181,0x00001183,0x0004007c,
	0x00000025,0x00001185,0x00001184,0x000600a9,0x00000025,0x00001186,0x0000117e,0x00001185,
	0x000000cc,0x000500c2,0x00000006,0x0000113c,0x00001572,0x0000018c,0x000500c7,0x00000006,
	0x0000118d,0x0000113c,0x000000ee,0x000500c7,0x00000006,0x0000118f,0x0000113c,0x000000f6,
	0x000500c2,0x00000006,0x00001191,0x0000118d,0x000000c6,0x000500aa,0x000000d3,0x00001193,
	0x00001191,0x00000090,0x000500ab,0x000000d3,0x00001195,0x0000118f,0x00000090,0x000500a7,
	0x000000d3,0x00001196,0x00001193,0x00001195,0x000300f7,0x000011a4,0x00000000,0x000400fa,
	0x00001196,0x00001197,0x000011a4,0x000200f8,0x00001197,0x0006000c,0x00000006,0x00001199,
	0x00000001,0x0000004b,0x0000118f,0x00050082,0x00000006,0x0000119b,0x000000c6,0x00001199,
	0x0004007c,0x0000005b,0x0000119d,0x0000119b,0x00050082,0x0000005b,0x0000119e,0x00000108,
	0x0000119d,0x0004007c,0x00000006,0x0000119f,0x0000119e,0x000500c4,0x00000006,0x000011a2,
	0x0000118f,0x0000119b,0x000500c7,0x00000006,0x000011a3,0x000011a2,0x000000f6,0x000200f9,
	0x000011a4,0x000200f8,0x000011a4,0x000700f5,0x00000006,0x0000158b,0x0000118f,0x0000117c,
	0x000011a3,0x00001197,0x000700f5,0x00000006,0x0000158a,0x00001191,0x0000117c,0x0000119f,
	0x00001197,0x000500ab,0x000000d3,0x000011a6,0x0000118d,0x00000090,0x00050080,0x00000006,
	0x000011a8,0x0000158a,0x00000114,0x000500c4,0x00000006,0x000011a9,0x000011a8,0x000000bd,
	0x000500c4,0x00000006,0x000011ab,0x0000158b,0x000000e9,0x000500c5,0x00000006,0x000011ac,
	0x000011a9,0x000011ab,0x0004007c,0x00000025,0x000011ad,0x000011ac,0x000600a9,0x00000025,
	0x000011ae,0x000011a6,0x000011ad,0x000000cc,0x000500c2,0x00000006,0x0000113f,0x00001572,
	0x00000194,0x000500c7,0x00000006,0x000011b5,0x0000113f,0x000000ee,0x000500c7,0x00000006,
	0x000011b7,0x0000113f,0x000000f6,0x000500c2,0x00000006,0x000011b9,0x000011b5,0x000000c6,
	0x000500aa,0x000000d3,0x000011bb,0x000011b9,0x00000090,0x000500ab,0x000000d3,0x000011bd,
	0x000011b7,0x00000090,0x000500a7,0x000000d3,0x000011be,0x000011bb,0x000011bd,0x000300f7,
	0x000011cc,0x00000000,0x000400fa,0x000011be,0x000011bf,0x000011cc,0x000200f8,0x000011bf,
	0x0006000c,0x00000006,0x000011c1,0x00000001,0x0000004b,0x000011b7,0x00050082,0x00000006,
	0x000011c3,0x000000c6,0x000011c1,0x0004007c,0x0000005b,0x000011c5,0x000011c3,0x00050082,
	0x0000005b,0x000011c6,0x00000108,0x000011c5,0x0004007c,0x00000006,0x000011c7,0x000011c6,
	0x000500c4,0x00000006,0x000011ca,0x000011b7,0x000011c3,0x000500c7,0x00000006,0x000011cb,
	0x000011ca,0x000000f6,0x000200f9,0x000011cc,0x000200f8,0x000011cc,0x000700f5,0x00000006,
	0x0000158d,0x000011b7,0x000011a4,0x000011cb,0x000011bf,0x000700f5,0x00000006,0x0000158c,
	0x000011b9,0x000011a4,0x000011c7,0x000011bf,0x000500ab,0x000000d3,0x000011ce,0x000011b5,
	0x00000090,0x00050080,0x00000006,0x000011d0,0x0000158c,0x00000114,0x000500c4,0x00000006,
	0x000011d1,0x000011d0,0x000000bd,0x000500c4,0x00000006,0x000011d3,0x0000158d,0x000000e9,
	0x000500c5,0x00000006,0x000011d4,0x000011d1,0x000011d3,0x0004007c,0x00000025,0x000011d5,
	0x000011d4,0x000600a9,0x00000025,0x000011d6,0x000011ce,0x000011d5,0x000000cc,0x000500c2,
	0x00000006,0x00001142,0x00001572,0x0000019d,0x00040070,0x00000025,0x00001143,0x00001142,
	0x00050085,0x00000025,0x00001144,0x00001143,0x000001ec,0x00070050,0x0000003b,0x00001145,
	0x00001186,0x000011ae,0x000011d6,0x00001144,0x000200f9,0x0000115a,0x000200f8,0x00001122,
	0x000500c7,0x00000006,0x00001124,0x00001572,0x000000ee,0x00040070,0x00000025,0x00001125,
	0x00001124,0x000500c2,0x00000006,0x00001127,0x00001572,0x0000018c,0x000500c7,0x00000006,
	0x00001128,0x00001127,0x000000ee,0x00040070,0x00000025,0x00001129,0x00001128,0x000500c2,
	0x00000006,0x0000112b,0x00001572,0x00000194,0x000500c7,0x00000006,0x0000112c,0x0000112b,
	0x000000ee,0x00040070,0x00000025,0x0000112d,0x0000112c,0x00060050,0x000001e5,0x0000112e,
	0x00001125,0x00001129,0x0000112d,0x0005008e,0x000001e5,0x0000112f,0x0000112e,0x000001e7,
	0x000500c2,0x00000006,0x00001131,0x00001572,0x0000019d,0x00040070,0x00000025,0x00001132,
	0x00001131,0x00050085,0x00000025,0x00001133,0x00001132,0x000001ec,0x00050051,0x00000025,
	0x00001134,0x0000112f,0x00000000,0x00050051,0x00000025,0x00001135,0x0000112f,0x00000001,
	0x00050051,0x00000025,0x00001136,0x0000112f,0x00000002,0x00070050,0x0000003b,0x00001137,
	0x00001134,0x00001135,0x00001136,0x00001133,0x000200f9,0x0000115a,0x000200f8,0x00001111,
	0x000500c7,0x00000006,0x00001113,0x00001572,0x000000a5,0x00040070,0x00000025,0x00001114,
	0x00001113,0x000500c2,0x00000006,0x00001116,0x00001572,0x0000016f,0x000500c7,0x00000006,
	0x00001117,0x00001116,0x000000a5,0x00040070,0x00000025,0x00001118,0x00001117,0x000500c2,
	0x00000006,0x0000111a,0x00001572,0x000000e9,0x000500c7,0x00000006,0x0000111b,0x0000111a,
	0x000000a5,0x00040070,0x00000025,0x0000111c,0x0000111b,0x000500c2,0x00000006,0x0000111e,
	0x00001572,0x000000de,0x00040070,0x00000025,0x0000111f,0x0000111e,0x00070050,0x0000003b,
	0x00001120,0x00001114,0x00001118,0x0000111c,0x0000111f,0x0005008e,0x0000003b,0x00001121,
	0x00001120,0x00000140,0x000200f9,0x0000115a,0x000200f8,0x00001110,0x000200f9,0x0000115a,
	0x000200f8,0x0000115a,0x001100f5,0x0000003b,0x00001590,0x0000021b,0x00001110,0x00001121,
	0x00001111,0x00001137,0x00001122,0x00001145,0x000011cc,0x00001149,0x00001146,0x00001150,
	0x0000114a,0x00001159,0x00001151,0x000200f9,0x0000115d,0x000200f8,0x0000115d,0x000200f9,
	0x00000b0a,0x000200f8,0x00000afe,0x00050041,0x00000435,0x00000de0,0x00000434,0x0000037d,
	0x0004003d,0x00000006,0x00000de1,0x00000de0,0x000500c2,0x00000006,0x00000de2,0x00000de1,
	0x000000c6,0x000500c7,0x00000006,0x00000de3,0x00000de2,0x0000008e,0x000500ab,0x000000d3,
	0x00000de4,0x00000de3,0x00000090,0x000600a9,0x00000006,0x00000de5,0x00000de4,0x0000008e,
	0x00000090,0x00050041,0x00000435,0x00000de6,0x00000434,0x0000037d,0x0004003d,0x00000006,
	0x00000de7,0x00000de6,0x000500c2,0x00000006,0x00000de8,0x00000de7,0x0000043e,0x000500c7,
	0x00000006,0x00000de9,0x00000de8,0x0000008e,0x000500ab,0x000000d3,0x00000dea,0x00000de9,
	0x00000090,0x000600a9,0x00000006,0x00000deb,0x00000dea,0x00000173,0x00000090,0x000500c5,
	0x00000006,0x00000dec,0x00000de5,0x00000deb,0x00050041,0x00000435,0x00000ded,0x00000434,
	0x00000390,0x0004003d,0x00000006,0x00000dee,0x00000ded,0x0003003e,0x00000dd9,0x000006b6,
	0x00050041,0x00000435,0x00000df2,0x00000434,0x000003a8,0x0004003d,0x00000006,0x00000df3,
	0x00000df2,0x000500c2,0x00000006,0x00000ee5,0x00000dee,0x000000aa,0x000500c7,0x00000006,
	0x00000ee6,0x00000ee5,0x000000ac,0x000500ae,0x000000d3,0x00000e2b,0x00000ee6,0x00000173,
	0x000600a9,0x00000006,0x00000e2c,0x00000e2b,0x0000008e,0x00000090,0x000500ae,0x000000d3,
	0x00000e2e,0x00000ee6,0x0000008e,0x000600a9,0x00000006,0x00000e2f,0x00000e2e,0x0000008e,
	0x00000090,0x00050041,0x00000009,0x00000e30,0x00000dd9,0x00000090,0x0004003d,0x00000006,
	0x00000e31,0x00000e30,0x000500c4,0x00000006,0x00000e33,0x00000e31,0x00000e2c,0x000500ae,
	0x000000d3,0x00000e35,0x00000ee6,0x00000173,0x000500c7,0x00000006,0x00000e37,0x000006b5,
	0x0000008e,0x000600a9,0x00000006,0x00000e38,0x00000e35,0x00000e37,0x00000090,0x00050080,
	0x00000006,0x00000e39,0x00000e33,0x00000e38,0x00050041,0x00000009,0x00000e3a,0x00000dd9,
	0x0000008e,0x0004003d,0x00000006,0x00000e3b,0x00000e3a,0x000500c4,0x00000006,0x00000e3d,
	0x00000e3b,0x00000e2f,0x000500ae,0x000000d3,0x00000e3f,0x00000ee6,0x00000173,0x000500c2,
	0x00000006,0x00000e41,0x000006b5,0x0000008e,0x000500aa,0x000000d3,0x00000e43,0x00000ee6,
	0x0000008e,0x000600a9,0x00000006,0x00000e45,0x00000e43,0x000006b5,0x00000090,0x000600a9,
	0x00000006,0x00000e46,0x00000e3f,0x00000e41,0x00000e45,0x00050080,0x00000006,0x00000e47,
	0x00000e3d,0x00000e46,0x000500c2,0x00000006,0x00000eea,0x00000dee,0x000000b1,0x000500c7,
	0x00000006,0x00000eeb,0x00000eea,0x0000008e,0x000500ab,0x000000d3,0x00000e4a,0x00000eeb,
	0x00000090,0x00050084,0x00000006,0x00000e4c,0x00000e39,0x00000173,0x00050080,0x00000006,
	0x00000e4e,0x00000e4c,0x0000008e,0x000600a9,0x00000006,0x00000e50,0x00000e4a,0x00000e4e,
	0x00000e39,0x00050086,0x00000006,0x00000e52,0x00000e50,0x000002b5,0x00050089,0x00000006,
	0x00000e54,0x00000e50,0x000002b5,0x000500c2,0x00000006,0x00000e56,0x00000e47,0x00000277,
	0x000500c7,0x00000006,0x00000e58,0x00000e47,0x000000bf,0x000500c7,0x00000006,0x00000eef,
	0x00000dee,0x0000009e,0x000500c2,0x00000006,0x00000ef3,0x00000dee,0x000000a3,0x000500c7,
	0x00000006,0x00000ef4,0x00000ef3,0x000000a5,0x000500c2,0x00000006,0x00000ef8,0x00000dee,
	0x000000b1,0x000500c7,0x00000006,0x00000ef9,0x00000ef8,0x0000008e,0x000500c4,0x00000006,
	0x00000e60,0x00000ef4,0x00000ef9,0x00050084,0x00000006,0x00000e61,0x00000e56,0x00000e60,
	0x00050080,0x00000006,0x00000e62,0x00000eef,0x00000e61,0x00050080,0x00000006,0x00000e64,
	0x00000e62,0x00000e52,0x000500c7,0x00000006,0x00000e65,0x00000e64,0x0000009e,0x000500c7,
	0x00000006,0x00000efd,0x00000df3,0x0000009e,0x00050082,0x00000006,0x00000e69,0x00000e65,
	0x00000efd,0x000500c7,0x00000006,0x00000e6a,0x00000e69,0x0000009e,0x000500c2,0x00000006,
	0x00000f01,0x00000df3,0x000000a3,0x000500c7,0x00000006,0x00000f02,0x00000f01,0x000000a5,
	0x000500c2,0x00000006,0x00000f06,0x00000df3,0x000000b1,0x000500c7,0x00000006,0x00000f07,
	0x00000f06,0x0000008e,0x000500c4,0x00000006,0x00000e6f,0x00000f02,0x00000f07,0x00050089,
	0x00000006,0x00000e72,0x00000e6a,0x00000e6f,0x00050086,0x00000006,0x00000e75,0x00000e6a,
	0x00000e6f,0x000500c2,0x00000006,0x00000f0b,0x00000df3,0x000000b7,0x000500c7,0x00000006,
	0x00000f0c,0x00000f0b,0x0000008e,0x000500c2,0x00000006,0x00000f10,0x00000dee,0x000000b7,
	0x000500c7,0x00000006,0x00000f11,0x00000f10,0x0000008e,0x000500ab,0x000000d3,0x00000e7a,
	0x00000f0c,0x00000f11,0x000300f7,0x00000e7f,0x00000000,0x000400fa,0x00000e7a,0x00000e7b,
	0x00000e7f,0x000200f8,0x00000e7b,0x00050080,0x00000006,0x00000e7d,0x00000e54,0x000002f2,
	0x00050089,0x00000006,0x00000e7e,0x00000e7d,0x000002b5,0x000200f9,0x00000e7f,0x000200f8,
	0x00000e7f,0x000700f5,0x00000006,0x00001591,0x00000e54,0x00000afe,0x00000e7e,0x00000e7b,
	0x000500c2,0x00000006,0x00000f15,0x00000df3,0x000000aa,0x000500c7,0x00000006,0x00000f16,
	0x00000f15,0x000000ac,0x00050084,0x00000006,0x00000e83,0x00000e72,0x000002b5,0x00050080,
	0x00000006,0x00000e85,0x00000e83,0x00001591,0x000500c2,0x00000006,0x00000f1a,0x00000df3,
	0x000000b1,0x000500c7,0x00000006,0x00000f1b,0x00000f1a,0x0000008e,0x000500ab,0x000000d3,
	0x00000e88,0x00000f1b,0x00000090,0x000300f7,0x00000e8e,0x00000000,0x000400fa,0x00000e88,
	0x00000e89,0x00000e8e,0x000200f8,0x00000e89,0x000500c2,0x00000006,0x00000e8d,0x00000e85,
	0x0000008e,0x000200f9,0x00000e8e,0x000200f8,0x00000e8e,0x000700f5,0x00000006,0x00001592,
	0x00000e85,0x00000e7f,0x00000e8d,0x00000e89,0x00050084,0x00000006,0x00000e90,0x00000e75,
	0x000000e9,0x00050080,0x00000006,0x00000e92,0x00000e90,0x00000e58,0x000500ae,0x000000d3,
	0x00000e94,0x00000f16,0x00000173,0x000600a9,0x00000006,0x00000e95,0x00000e94,0x0000008e,
	0x00000090,0x000500ae,0x000000d3,0x00000e97,0x00000f16,0x0000008e,0x000600a9,0x00000006,
	0x00000e98,0x00000e97,0x0000008e,0x00000090,0x000500c2,0x00000006,0x00000e9b,0x00001592,
	0x00000e95,0x0004007c,0x0000005b,0x00000e9c,0x00000e9b,0x000500c2,0x00000006,0x00000e9f,
	0x00000e92,0x00000e98,0x00050080,0x00000006,0x00000ea1,0x00000e9f,0x00000693,0x0004007c,
	0x0000005b,0x00000ea2,0x00000ea1,0x00050050,0x00000316,0x00000ea3,0x00000e9c,0x00000ea2,
	0x0004007c,0x0000005b,0x00000ea5,0x00000653,0x00050050,0x00000316,0x00000ea6,0x00000ea5,
	0x00000ea5,0x00050084,0x00000316,0x00000ea7,0x00000ea3,0x00000ea6,0x0004007c,0x00000316,
	0x00000ea9,0x00001515,0x00050080,0x00000316,0x00000eaa,0x00000ea7,0x00000ea9,0x000200f9,
	0x00000f48,0x000200f8,0x00000f48,0x0004003d,0x00000340,0x00000eb9,0x00000342,0x00050051,
	0x0000005b,0x00000ebb,0x00000eaa,0x00000000,0x00050051,0x0000005b,0x00000ebc,0x00000eaa,
	0x00000001,0x00060050,0x00000346,0x00000ebd,0x00000ebb,0x00000ebc,0x00000345,0x0007004f,
	0x00000316,0x00000ebe,0x00000ebd,0x00000ebd,0x00000000,0x00000001,0x0007005f,0x0000003b,
	0x00000ec4,0x00000eb9,0x00000ebe,0x00000002,0x00000345,0x0003003e,0x00000e1e,0x00000ec4,
	0x000500c2,0x00000006,0x00000f4d,0x00000df3,0x000000bd,0x000500c7,0x00000006,0x00000f4e,
	0x00000f4d,0x000000bf,0x000500aa,0x000000d3,0x00000ec8,0x00000f4e,0x0000008e,0x000500c7,
	0x00000006,0x00000eca,0x00000dec,0x00000173,0x000500ab,0x000000d3,0x00000ecb,0x00000eca,
	0x00000090,0x000500a7,0x000000d3,0x00000ecc,0x00000ec8,0x00000ecb,0x000300f7,0x00000ede,
	0x00000000,0x000400fa,0x00000ecc,0x00000ecd,0x00000ede,0x000200f8,0x00000ecd,0x00050041,
	0x00000026,0x00000ece,0x00000e1e,0x00000090,0x0004003d,0x00000025,0x00000ecf,0x00000ece,
	0x0008000c,0x00000025,0x00000f54,0x00000001,0x0000002b,0x00000ecf,0x000000cc,0x0000011f,
	0x000500be,0x000000d3,0x00000f56,0x00000f54,0x00000122,0x000300f7,0x00000f63,0x00000000,
	0x000400fa,0x00000f56,0x00000f57,0x00000f5d,0x000200f8,0x00000f5d,0x000500be,0x000000d3,
	0x00000f5f,0x00000f54,0x00000134,0x000300f7,0x00000f62,0x00000000,0x000400fa,0x00000f5f,
	0x00000f60,0x00000f61,0x000200f8,0x00000f61,0x000200f9,0x00000f62,0x000200f8,0x00000f60,
	0x000200f9,0x00000f62,0x000200f8,0x00000f62,0x000700f5,0x00000025,0x000015cb,0x00000139,
	0x00000f60,0x000000cc,0x00000f61,0x000700f5,0x00000025,0x000015c8,0x00000138,0x00000f60,
	0x0000013b,0x00000f61,0x000200f9,0x00000f63,0x000200f8,0x00000f57,0x000500be,0x000000d3,
	0x00000f59,0x00000f54,0x00000127,0x000300f7,0x00000f5c,0x00000000,0x000400fa,0x00000f59,
	0x00000f5a,0x00000f5b,0x000200f8,0x00000f5b,0x000200f9,0x00000f5c,0x000200f8,0x00000f5a,
	0x000200f9,0x00000f5c,0x000200f8,0x00000f5c,0x000700f5,0x00000025,0x000015ca,0x0000012e,
	0x00000f5a,0x00000131,0x00000f5b,0x000700f5,0x00000025,0x000015c7,0x0000012c,0x00000f5a,
	0x00000130,0x00000f5b,0x000200f9,0x00000f63,0x000200f8,0x00000f63,0x000700f5,0x00000025,
	0x000015c9,0x000015ca,0x00000f5c,0x000015cb,0x00000f62,0x000700f5,0x00000025,0x000015c6,
	0x000015c7,0x00000f5c,0x000015c8,0x00000f62,0x00050085,0x00000025,0x00000f66,0x00000f54,
	0x000015c6,0x0006000c,0x00000025,0x00000f67,0x00000001,0x00000003,0x00000f66,0x00050085,
	0x00000025,0x00000f68,0x00000f67,0x00000140,0x00050081,0x00000025,0x00000f6a,0x00000f68,
	0x000015c9,0x00050041,0x00000026,0x00000ed1,0x00000e1e,0x0000008e,0x0004003d,0x00000025,
	0x00000ed2,0x00000ed1,0x0008000c,0x00000025,0x00000f70,0x00000001,0x0000002b,0x00000ed2,
	0x000000cc,0x0000011f,0x000500be,0x000000d3,0x00000f72,0x00000f70,0x00000122,0x000300f7,
	0x00000f7f,0x00000000,0x000400fa,0x00000f72,0x00000f73,0x00000f79,0x000200f8,0x00000f79,
	0x000500be,0x000000d3,0x00000f7b,0x00000f70,0x00000134,0x000300f7,0x00000f7e,0x00000000,
	0x000400fa,0x00000f7b,0x00000f7c,0x00000f7d,0x000200f8,0x00000f7d,0x000200f9,0x00000f7e,
	0x000200f8,0x00000f7c,0x000200f9,0x00000f7e,0x000200f8,0x00000f7e,0x000700f5,0x00000025,
	0x000015d1,0x00000139,0x00000f7c,0x000000cc,0x00000f7d,0x000700f5,0x00000025,0x000015ce,
	0x00000138,0x00000f7c,0x0000013b,0x00000f7d,0x000200f9,0x00000f7f,0x000200f8,0x00000f73,
	0x000500be,0x000000d3,0x00000f75,0x00000f70,0x00000127,0x000300f7,0x00000f78,0x00000000,
	0x000400fa,0x00000f75,0x00000f76,0x00000f77,0x000200f8,0x00000f77,0x000200f9,0x00000f78,
	0x000200f8,0x00000f76,0x000200f9,0x00000f78,0x000200f8,0x00000f78,0x000700f5,0x00000025,
	0x000015d0,0x0000012e,0x00000f76,0x00000131,0x00000f77,0x000700f5,0x00000025,0x000015cd,
	0x0000012c,0x00000f76,0x00000130,0x00000f77,0x000200f9,0x00000f7f,0x000200f8,0x00000f7f,
	0x000700f5,0x00000025,0x000015cf,0x000015d0,0x00000f78,0x000015d1,0x00000f7e,0x000700f5,
	0x00000025,0x000015cc,0x000015cd,0x00000f78,0x000015ce,0x00000f7e,0x00050085,0x00000025,
	0x00000f82,0x00000f70,0x000015cc,0x0006000c,0x00000025,0x00000f83,0x00000001,0x00000003,
	0x00000f82,0x00050085,0x00000025,0x00000f84,0x00000f83,0x00000140,0x00050081,0x00000025,
	0x00000f86,0x00000f84,0x000015cf,0x00050041,0x00000026,0x00000ed4,0x00000e1e,0x00000173,
	0x0004003d,0x00000025,0x00000ed5,0x00000ed4,0x0008000c,0x00000025,0x00000f8c,0x00000001,
	0x0000002b,0x00000ed5,0x000000cc,0x0000011f,0x000500be,0x000000d3,0x00000f8e,0x00000f8c,
	0x00000122,0x000300f7,0x00000f9b,0x00000000,0x000400fa,0x00000f8e,0x00000f8f,0x00000f95,
	0x000200f8,0x00000f95,0x000500be,0x000000d3,0x00000f97,0x00000f8c,0x00000134,0x000300f7,
	0x00000f9a,0x00000000,0x000400fa,0x00000f97,0x00000f98,0x00000f99,0x000200f8,0x00000f99,
	0x000200f9,0x00000f9a,0x000200f8,0x00000f98,0x000200f9,0x00000f9a,0x000200f8,0x00000f9a,
	0x000700f5,0x00000025,0x000015d7,0x00000139,0x00000f98,0x000000cc,0x00000f99,0x000700f5,
	0x00000025,0x000015d4,0x00000138,0x00000f98,0x0000013b,0x00000f99,0x000200f9,0x00000f9b,
	0x000200f8,0x00000f8f,0x000500be,0x000000d3,0x00000f91,0x00000f8c,0x00000127,0x000300f7,
	0x00000f94,0x00000000,0x000400fa,0x00000f91,0x00000f92,0x00000f93,0x000200f8,0x00000f93,
	0x000200f9,0x00000f94,0x000200f8,0x00000f92,0x000200f9,0x00000f94,0x000200f8,0x00000f94,
	0x000700f5,0x00000025,0x000015d6,0x0000012e,0x00000f92,0x00000131,0x00000f93,0x000700f5,
	0x00000025,0x000015d3,0x0000012c,0x00000f92,0x00000130,0x00000f93,0x000200f9,0x00000f9b,
	0x000200f8,0x00000f9b,0x000700f5,0x00000025,0x000015d5,0x000015d6,0x00000f94,0x000015d7,
	0x00000f9a,0x000700f5,0x00000025,0x000015d2,0x000015d3,0x00000f94,0x000015d4,0x00000f9a,
	0x00050085,0x00000025,0x00000f9e,0x00000f8c,0x000015d2,0x0006000c,0x00000025,0x00000f9f,
	0x00000001,0x00000003,0x00000f9e,0x00050085,0x00000025,0x00000fa0,0x00000f9f,0x00000140,
	0x00050081,0x00000025,0x00000fa2,0x00000fa0,0x000015d5,0x00050041,0x00000026,0x00000ed8,
	0x00000e1e,0x00000090,0x0003003e,0x00000ed8,0x00000f6a,0x00050041,0x00000026,0x00000eda,
	0x00000e1e,0x0000008e,0x0003003e,0x00000eda,0x00000f86,0x00050041,0x00000026,0x00000edc,
	0x00000e1e,0x00000173,0x0003003e,0x00000edc,0x00000fa2,0x000200f9,0x00000ede,0x000200f8,
	0x00000ede,0x0004003d,0x0000003b,0x00000edf,0x00000e1e,0x0003003e,0x00000e24,0x00000edf,
	0x000200f9,0x00000fbc,0x000200f8,0x00000fbc,0x000300f7,0x00000ffc,0x00000000,0x001100fb,
	0x00000f4e,0x00000fbe,0x00000000,0x00000fbf,0x00000001,0x00000fbf,0x00000002,0x00000fd2,
	0x0000000a,0x00000fd2,0x00000003,0x00000fe5,0x0000000c,0x00000fe5,0x0000000e,0x00000ff8,
	0x000200f8,0x00000ff8,0x00050041,0x00000026,0x00000ff9,0x00000e24,0x00000090,0x0004003d,
	0x00000025,0x00000ffa,0x00000ff9,0x0004007c,0x00000006,0x00000ffb,0x00000ffa,0x000200f9,
	0x00000ffc,0x000200f8,0x00000fe5,0x00050041,0x00000026,0x00000fe6,0x00000e24,0x00000090,
	0x0004003d,0x00000025,0x00000fe7,0x00000fe6,0x0008000c,0x00000025,0x00001046,0x00000001,
	0x0000002b,0x00000fe7,0x000000cc,0x000000cd,0x0004007c,0x00000006,0x00001047,0x00001046,
	0x000500b0,0x000000d3,0x00001049,0x00001047,0x000000d2,0x000500c7,0x00000006,0x0000104b,
	0x00001047,0x000000d7,0x000500c5,0x00000006,0x0000104c,0x000000d5,0x0000104b,0x000500c2,
	0x00000006,0x0000104e,0x00001047,0x000000bd,0x00050082,0x00000006,0x0000104f,0x000000da,
	0x0000104e,0x0007000c,0x00000006,0x00001050,0x00000001,0x00000026,0x0000104f,0x000000de,
	0x000500c2,0x00000006,0x00001051,0x0000104c,0x00001050,0x00050080,0x00000006,0x00001053,
	0x00001047,0x000000e2,0x000600a9,0x00000006,0x00001054,0x00001049,0x00001051,0x00001053,
	0x00050080,0x00000006,0x00001056,0x00001054,0x000000e6,0x000500c2,0x00000006,0x00001058,
	0x00001054,0x000000e9,0x000500c7,0x00000006,0x00001059,0x00001058,0x0000008e,0x00050080,
	0x00000006,0x0000105a,0x00001056,0x00001059,0x000500c2,0x00000006,0x0000105b,0x0000105a,
	0x000000e9,0x000500c7,0x00000006,0x0000105c,0x0000105b,0x000000ee,0x00050041,0x00000026,
	0x00000fe9,0x00000e24,0x0000008e,0x0004003d,0x00000025,0x00000fea,0x00000fe9,0x0008000c,
	0x00000025,0x00001062,0x00000001,0x0000002b,0x00000fea,0x000000cc,0x000000cd,0x0004007c,
	0x00000006,0x00001063,0x00001062,0x000500b0,0x000000d3,0x00001065,0x00001063,0x000000d2,
	0x000500c7,0x00000006,0x00001067,0x00001063,0x000000d7,0x000500c5,0x00000006,0x00001068,
	0x000000d5,0x00001067,0x000500c2,0x00000006,0x0000106a,0x00001063,0x000000bd,0x00050082,
	0x00000006,0x0000106b,0x000000da,0x0000106a,0x0007000c,0x00000006,0x0000106c,0x00000001,
	0x00000026,0x0000106b,0x000000de,0x000500c2,0x00000006,0x0000106d,0x00001068,0x0000106c,
	0x00050080,0x00000006,0x0000106f,0x00001063,0x000000e2,0x000600a9,0x00000006,0x00001070,
	0x00001065,0x0000106d,0x0000106f,0x00050080,0x00000006,0x00001072,0x00001070,0x000000e6,
	0x000500c2,0x00000006,0x00001074,0x00001070,0x000000e9,0x000500c7,0x00000006,0x00001075,
	0x00001074,0x0000008e,0x00050080,0x00000006,0x00001076,0x00001072,0x00001075,0x000500c2,
	0x00000006,0x00001077,0x00001076,0x000000e9,0x000500c7,0x00000006,0x00001078,0x00001077,
	0x000000ee,0x000500c4,0x00000006,0x00000fec,0x00001078,0x0000018c,0x000500c5,0x00000006,
	0x00000fed,0x0000105c,0x00000fec,0x00050041,0x00000026,0x00000fee,0x00000e24,0x00000173,
	0x0004003d,0x00000025,0x00000fef,0x00000fee,0x0008000c,0x00000025,0x0000107e,0x00000001,
	0x0000002b,0x00000fef,0x000000cc,0x000000cd,0x0004007c,0x00000006,0x0000107f,0x0000107e,
	0x000500b0,0x000000d3,0x00001081,0x0000107f,0x000000d2,0x000500c7,0x00000006,0x00001083,
	0x0000107f,0x000000d7,0x000500c5,0x00000006,0x00001084,0x000000d5,0x00001083,0x000500c2,
	0x00000006,0x00001086,0x0000107f,0x000000bd,0x00050082,0x00000006,0x00001087,0x000000da,
	0x00001086,0x0007000c,0x00000006,0x00001088,0x00000001,0x00000026,0x00001087,0x000000de,
	0x000500c2,0x00000006,0x00001089,0x00001084,0x00001088,0x00050080,0x00000006,0x0000108b,
	0x0000107f,0x000000e2,0x000600a9,0x00000006,0x0000108c,0x00001081,0x00001089,0x0000108b,
	0x00050080,0x00000006,0x0000108e,0x0000108c,0x000000e6,0x000500c2,0x00000006,0x00001090,
	0x0000108c,0x000000e9,0x000500c7,0x00000006,0x00001091,0x00001090,0x0000008e,0x00050080,
	0x00000006,0x00001092,0x0000108e,0x00001091,0x000500c2,0x00000006,0x00001093,0x00001092,
	0x000000e9,0x000500c7,0x00000006,0x00001094,0x00001093,0x000000ee,0x000500c4,0x00000006,
	0x00000ff1,0x00001094,0x00000194,0x000500c5,0x00000006,0x00000ff2,0x00000fed,0x00000ff1,
	0x00050041,0x00000026,0x00000ff3,0x00000e24,0x000000ac,0x0004003d,0x00000025,0x00000ff4,
	0x00000ff3,0x0008000c,0x00000025,0x00001098,0x00000001,0x0000002b,0x00000ff4,0x000000cc,
	0x0000011f,0x00050085,0x00000025,0x0000109a,0x00001098,0x00000197,0x00050081,0x00000025,
	0x0000109b,0x0000109a,0x00000158,0x0004006d,0x00000006,0x0000109c,0x0000109b,0x000500c4,
	0x00000006,0x00000ff6,0x0000109c,0x0000019d,0x000500c5,0x00000006,0x00000ff7,0x00000ff2,
	0x00000ff6,0x000200f9,0x00000ffc,0x000200f8,0x00000fd2,0x00050041,0x00000026,0x00000fd3,
	0x00000e24,0x00000090,0x0004003d,0x00000025,0x00000fd4,0x00000fd3,0x0008000c,0x00000025,
	0x00001024,0x00000001,0x0000002b,0x00000fd4,0x000000cc,0x0000011f,0x00050085,0x00000025,
	0x00001026,0x00001024,0x0000013b,0x00050081,0x00000025,0x00001027,0x00001026,0x00000158,
	0x0004006d,0x00000006,0x00001028,0x00001027,0x00050041,0x00000026,0x00000fd6,0x00000e24,
	0x0000008e,0x0004003d,0x00000025,0x00000fd7,0x00000fd6,0x0008000c,0x00000025,0x0000102c,
	0x00000001,0x0000002b,0x00000fd7,0x000000cc,0x0000011f,0x00050085,0x00000025,0x0000102e,
	0x0000102c,0x0000013b,0x00050081,0x00000025,0x0000102f,0x0000102e,0x00000158,0x0004006d,
	0x00000006,0x00001030,0x0000102f,0x000500c4,0x00000006,0x00000fd9,0x00001030,0x0000018c,
	0x000500c5,0x00000006,0x00000fda,0x00001028,0x00000fd9,0x00050041,0x00000026,0x00000fdb,
	0x00000e24,0x00000173,0x0004003d,0x00000025,0x00000fdc,0x00000fdb,0x0008000c,0x00000025,
	0x00001034,0x00000001,0x0000002b,0x00000fdc,0x000000cc,0x0000011f,0x00050085,0x00000025,
	0x00001036,0x00001034,0x0000013b,0x00050081,0x00000025,0x00001037,0x00001036,0x00000158,
	0x0004006d,0x00000006,0x00001038,0x00001037,0x000500c4,0x00000006,0x00000fde,0x00001038,
	0x00000194,0x000500c5,0x00000006,0x00000fdf,0x00000fda,0x00000fde,0x00050041,0x00000026,
	0x00000fe0,0x00000e24,0x000000ac,0x0004003d,0x00000025,0x00000fe1,0x00000fe0,0x0008000c,
	0x00000025,0x0000103c,0x00000001,0x0000002b,0x00000fe1,0x000000cc,0x0000011f,0x00050085,
	0x00000025,0x0000103e,0x0000103c,0x00000197,0x00050081,0x00000025,0x0000103f,0x0000103e,
	0x00000158,0x0004006d,0x00000006,0x00001040,0x0000103f,0x000500c4,0x00000006,0x00000fe3,
	0x00001040,0x0000019d,0x000500c5,0x00000006,0x00000fe4,0x00000fdf,0x00000fe3,0x000200f9,
	0x00000ffc,0x000200f8,0x00000fbf,0x00050041,0x00000026,0x00000fc0,0x00000e24,0x00000090,
	0x0004003d,0x00000025,0x00000fc1,0x00000fc0,0x0008000c,0x00000025,0x00001004,0x00000001,
	0x0000002b,0x00000fc1,0x000000cc,0x0000011f,0x00050085,0x00000025,0x00001006,0x00001004,
	0x00000164,0x00050081,0x00000025,0x00001007,0x00001006,0x00000158,0x0004006d,0x00000006,
	0x00001008,0x00001007,0x00050041,0x00000026,0x00000fc3,0x00000e24,0x0000008e,0x0004003d,
	0x00000025,0x00000fc4,0x00000fc3,0x0008000c,0x00000025,0x0000100c,0x00000001,0x0000002b,
	0x00000fc4,0x000000cc,0x0000011f,0x00050085,0x00000025,0x0000100e,0x0000100c,0x00000164,
	0x00050081,0x00000025,0x0000100f,0x0000100e,0x00000158,0x0004006d,0x00000006,0x00001010,
	0x0000100f,0x000500c4,0x00000006,0x00000fc6,0x00001010,0x0000016f,0x000500c5,0x00000006,
	0x00000fc7,0x00001008,0x00000fc6,0x00050041,0x00000026,0x00000fc8,0x00000e24,0x00000173,
	0x0004003d,0x00000025,0x00000fc9,0x00000fc8,0x0008000c,0x00000025,0x00001014,0x00000001,
	0x0000002b,0x00000fc9,0x000000cc,0x0000011f,0x00050085,0x00000025,0x00001016,0x00001014,
	0x00000164,0x00050081,0x00000025,0x00001017,0x00001016,0x00000158,0x0004006d,0x00000006,
	0x00001018,0x00001017,0x000500c4,0x00000006,0x00000fcb,0x00001018,0x000000e9,0x000500c5,
	0x00000006,0x00000fcc,0x00000fc7,0x00000fcb,0x00050041,0x00000026,0x00000fcd,0x00000e24,
	0x000000ac,0x0004003d,0x00000025,0x00000fce,0x00000fcd,0x0008000c,0x00000025,0x0000101c,
	0x00000001,0x0000002b,0x00000fce,0x000000cc,0x0000011f,0x00050085,0x00000025,0x0000101e,
	0x0000101c,0x00000164,0x00050081,0x00000025,0x0000101f,0x0000101e,0x00000158,0x0004006d,
	0x00000006,0x00001020,0x0000101f,0x000500c4,0x00000006,0x00000fd0,0x00001020,0x000000de,
	0x000500c5,0x00000006,0x00000fd1,0x00000fcc,0x00000fd0,0x000200f9,0x00000ffc,0x000200f8,
	0x00000fbe,0x000200f9,0x00000ffc,0x000200f8,0x00000ffc,0x000d00f5,0x00000006,0x000015da,
	0x00000090,0x00000fbe,0x00000fd1,0x00000fbf,0x00000fe4,0x00000fd2,0x00000ff7,0x00000fe5,
	0x00000ffb,0x00000ff8,0x000200f9,0x00000fff,0x000200f8,0x00000fff,0x00050050,0x00000007,
	0x00000b03,0x00001572,0x000015da,0x0003003e,0x00000af1,0x00000b03,0x000200f9,0x000010a5,
	0x000200f8,0x000010a5,0x000300f7,0x000010d4,0x00000000,0x000900fb,0x00000ae7,0x000010a7,
	0x00000005,0x000010a8,0x00000007,0x000010b8,0x0000000f,0x000010cc,0x000200f8,0x000010cc,
	0x00050041,0x00000009,0x000010cd,0x00000af1,0x00000090,0x0004003d,0x00000006,0x000010ce,
	0x000010cd,0x0004007c,0x00000025,0x000010cf,0x000010ce,0x00050041,0x00000009,0x000010d0,
	0x00000af1,0x0000008e,0x0004003d,0x00000006,0x000010d1,0x000010d0,0x0004007c,0x00000025,
	0x000010d2,0x000010d1,0x00070050,0x0000003b,0x000010d3,0x000010cf,0x000010d2,0x000000cc,
	0x000000cc,0x000200f9,0x000010d4,0x000200f8,0x000010b8,0x00050041,0x00000009,0x000010b9,
	0x00000af1,0x00000090,0x0004003d,0x00000006,0x000010ba,0x000010b9,0x0006000c,0x00000212,
	0x000010bb,0x00000001,0x0000003e,0x000010ba,0x00050051,0x00000025,0x000010bc,0x000010bb,
	0x00000000,0x00050041,0x00000009,0x000010bd,0x00000af1,0x00000090,0x0004003d,0x00000006,
	0x000010be,0x000010bd,0x000500c2,0x00000006,0x000010bf,0x000010be,0x000000e9,0x0006000c,
	0x00000212,0x000010c0,0x00000001,0x0000003e,0x000010bf,0x00050051,0x00000025,0x000010c1,
	0x000010c0,0x00000000,0x00050041,0x00000009,0x000010c2,0x00000af1,0x0000008e,0x0004003d,
	0x00000006,0x000010c3,0x000010c2,0x0006000c,0x00000212,0x000010c4,0x00000001,0x0000003e,
	0x000010c3,0x00050051,0x00000025,0x000010c5,0x000010c4,0x00000000,0x00050041,0x00000009,
	0x000010c6,0x00000af1,0x0000008e,0x0004003d,0x00000006,0x000010c7,0x000010c6,0x000500c2,
	0x00000006,0x000010c8,0x000010c7,0x000000e9,0x0006000c,0x00000212,0x000010c9,0x00000001,
	0x0000003e,0x000010c8,0x00050051,0x00000025,0x000010ca,0x000010c9,0x00000000,0x00070050,
	0x0000003b,0x000010cb,0x000010bc,0x000010c1,0x000010c5,0x000010ca,0x000200f9,0x000010d4,
	0x000200f8,0x000010a8,0x00050041,0x00000009,0x000010a9,0x00000af1,0x00000090,0x0004003d,
	0x00000006,0x000010aa,0x000010a9,0x000500c4,0x00000006,0x000010dc,0x000010aa,0x000000e9,
	0x0004007c,0x0000005b,0x000010dd,0x000010dc,0x000500c3,0x0000005b,0x000010de,0x000010dd,
	0x00000149,0x0004006f,0x00000025,0x000010df,0x000010de,0x00050085,0x00000025,0x000010e0,
	0x000010df,0x0000014c,0x0007000c,0x00000025,0x000010e1,0x00000001,0x00000028,0x000010e0,
	0x0000014e,0x00050085,0x00000025,0x000010e3,0x000010e1,0x0000064e,0x00050041,0x00000009,
	0x000010ac,0x00000af1,0x00000090,0x0004003d,0x00000006,0x000010ad,0x000010ac,0x000500c2,
	0x00000006,0x000010ae,0x000010ad,0x000000e9,0x000500c4,0x00000006,0x000010e7,0x000010ae,
	0x000000e9,0x0004007c,0x0000005b,0x000010e8,0x000010e7,0x000500c3,0x0000005b,0x000010e9,
	0x000010e8,0x00000149,0x0004006f,0x00000025,0x000010ea,0x000010e9,0x00050085,0x00000025,
	0x000010eb,0x000010ea,0x0000014c,0x0007000c,0x00000025,0x000010ec,0x00000001,0x00000028,
	0x000010eb,0x0000014e,0x00050085,0x00000025,0x000010ee,0x000010ec,0x0000064e,0x00050041,
	0x00000009,0x000010b0,0x00000af1,0x0000008e,0x0004003d,0x00000006,0x000010b1,0x000010b0,
	0x000500c4,0x00000006,0x000010f2,0x000010b1,0x000000e9,0x0004007c,0x0000005b,0x000010f3,
	0x000010f2,0x000500c3,0x0000005b,0x000010f4,0x000010f3,0x00000149,0x0004006f,0x00000025,
	0x000010f5,0x000010f4,0x00050085,0x00000025,0x000010f6,0x000010f5,0x0000014c,0x0007000c,
	0x00000025,0x000010f7,0x00000001,0x00000028,0x000010f6,0x0000014e,0x00050085,0x00000025,
	0x000010f9,0x000010f7,0x0000064e,0x00050041,0x00000009,0x000010b3,0x00000af1,0x0000008e,
	0x0004003d,0x00000006,0x000010b4,0x000010b3,0x000500c2,0x00000006,0x000010b5,0x000010b4,
	0x000000e9,0x000500c4,0x00000006,0x000010fd,0x000010b5,0x000000e9,0x0004007c,0x0000005b,
	0x000010fe,0x000010fd,0x000500c3,0x0000005b,0x000010ff,0x000010fe,0x00000149,0x0004006f,
	0x00000025,0x00001100,0x000010ff,0x00050085,0x00000025,0x00001101,0x00001100,0x0000014c,
	0x0007000c,0x00000025,0x00001102,0x00000001,0x00000028,0x00001101,0x0000014e,0x00050085,
	0x00000025,0x00001104,0x00001102,0x0000064e,0x00070050,0x0000003b,0x000010b7,0x000010e3,
	0x000010ee,0x000010f9,0x00001104,0x000200f9,0x000010d4,0x000200f8,0x000010a7,0x000200f9,
	0x000010d4,0x000200f8,0x000010d4,0x000b00f5,0x0000003b,0x000015ee,0x0000021b,0x000010a7,
	0x000010b7,0x000010a8,0x000010cb,0x000010b8,0x000010d3,0x000010cc,0x000200f9,0x000010d7,
	0x000200f8,0x000010d7,0x000200f9,0x00000b0a,0x000200f8,0x00000b0a,0x000700f5,0x0000003b,
	0x000015ef,0x000015ee,0x000010d7,0x00001590,0x0000115d,0x0004003d,0x0000003b,0x000006b9,
	0x00000609,0x00050081,0x0000003b,0x000006ba,0x000006b9,0x000015ef,0x0003003e,0x00000609,
	0x000006ba,0x000200f9,0x000006bb,0x000200f8,0x000006bb,0x00050080,0x00000006,0x000006bd,
	0x00001516,0x00000108,0x000200f9,0x000006ad,0x000200f8,0x000006be,0x00040070,0x00000025,
	0x000006c0,0x00001518,0x00050088,0x00000025,0x000006c1,0x0000011f,0x000006c0,0x0004003d,
	0x0000003b,0x000006c2,0x00000609,0x0005008e,0x0000003b,0x000006c3,0x000006c2,0x000006c1,
	0x00050041,0x00000435,0x000006c4,0x00000434,0x0000037d,0x0004003d,0x00000006,0x000006c5,
	0x000006c4,0x000500c4,0x00000006,0x000006c6,0x000006c5,0x000000e9,0x0004007c,0x0000005b,
	0x000006c7,0x000006c6,0x000500c3,0x0000005b,0x000006c8,0x000006c7,0x00000542,0x00050080,
	0x0000005b,0x000006ca,0x00000544,0x000006c8,0x0004007c,0x00000006,0x000006cb,0x000006ca,
	0x000500c4,0x00000006,0x000006cc,0x000006cb,0x000000bd,0x0004007c,0x00000025,0x000006cd,
	0x000006cc,0x0005008e,0x0000003b,0x000006cf,0x000006c3,0x000006cd,0x0003003e,0x00000609,
	0x000006cf,0x00050041,0x00000435,0x000006d0,0x00000434,0x0000037d,0x0004003d,0x00000006,
	0x000006d1,0x000006d0,0x000500c2,0x00000006,0x000006d2,0x000006d1,0x0000054e,0x000500c7,
	0x00000006,0x000006d3,0x000006d2,0x0000008e,0x000500ab,0x000000d3,0x000006d4,0x000006d3,
	0x00000090,0x000300f7,0x000006d8,0x00000000,0x000400fa,0x000006d4,0x000006d5,0x000006d8,
	0x000200f8,0x000006d5,0x0004003d,0x0000003b,0x000006d6,0x00000609,0x0009004f,0x0000003b,
	0x000006d7,0x000006d6,0x000006d6,0x00000002,0x00000001,0x00000000,0x00000003,0x0003003e,
	0x00000609,0x000006d7,0x000200f9,0x000006d8,0x000200f8,0x000006d8,0x000500aa,0x000000d3,
	0x000006da,0x00000664,0x00000090,0x000300f7,0x0000072d,0x00000000,0x000400fa,0x000006da,
	0x000006db,0x000006e3,0x000200f8,0x000006e3,0x000500aa,0x000000d3,0x000006e5,0x00000664,
	0x0000008e,0x000300f7,0x0000072c,0x00000000,0x000400fa,0x000006e5,0x000006e6,0x000006ee,
	0x000200f8,0x000006ee,0x000500aa,0x000000d3,0x000006f0,0x00000664,0x00000173,0x000300f7,
	0x0000072b,0x00000000,0x000400fa,0x000006f0,0x000006f1,0x000006fa,0x000200f8,0x000006fa,
	0x00050041,0x00000026,0x000006fb,0x00000609,0x00000090,0x0004003d,0x00000025,0x000006fc,
	0x000006fb,0x00050050,0x00000212,0x000006fd,0x000006fc,0x000000cc,0x0006000c,0x00000006,
	0x000006fe,0x00000001,0x0000003a,0x000006fd,0x00050041,0x00000026,0x000006ff,0x00000609,
	0x0000008e,0x0004003d,0x00000025,0x00000700,0x000006ff,0x00050050,0x00000212,0x00000701,
	0x00000700,0x000000cc,0x0006000c,0x00000006,0x00000702,0x00000001,0x0000003a,0x00000701,
	0x000500c4,0x00000006,0x00000703,0x00000702,0x000000e9,0x000500c5,0x00000006,0x00000704,
	0x000006fe,0x00000703,0x00050041,0x00000026,0x00000705,0x00000609,0x00000173,0x0004003d,
	0x00000025,0x00000706,0x00000705,0x00050050,0x00000212,0x00000707,0x00000706,0x000000cc,
	0x0006000c,0x00000006,0x00000708,0x00000001,0x0000003a,0x00000707,0x00050041,0x00000026,
	0x00000709,0x00000609,0x000000ac,0x0004003d,0x00000025,0x0000070a,0x00000709,0x00050050,
	0x00000212,0x0000070b,0x0000070a,0x000000cc,0x0006000c,0x00000006,0x0000070c,0x00000001,
	0x0000003a,0x0000070b,0x000500c4,0x00000006,0x0000070d,0x0000070c,0x000000e9,0x000500c5,
	0x00000006,0x0000070e,0x00000708,0x0000070d,0x00050050,0x00000007,0x0000070f,0x00000704,
	0x0000070e,0x0003003e,0x00000624,0x0000070f,0x000500c2,0x0000005b,0x00000711,0x0000151c,
	0x00000390,0x00050041,0x00000009,0x00000713,0x00000624,0x00000090,0x0004003d,0x00000006,
	0x00000714,0x00000713,0x000500aa,0x000000d3,0x00001474,0x00000668,0x0000008e,0x000300f7,
	0x00001498,0x00000000,0x000400fa,0x00001474,0x00001475,0x0000147d,0x000200f8,0x0000147d,
	0x000500aa,0x000000d3,0x0000147f,0x00000668,0x00000173,0x000300f7,0x00001497,0x00000000,
	0x000400fa,0x0000147f,0x00001480,0x0000148d,0x000200f8,0x0000148d,0x000500aa,0x000000d3,
	0x0000148f,0x00000668,0x000000ac,0x000300f7,0x00001496,0x00000000,0x000400fa,0x0000148f,
	0x00001490,0x00001496,0x000200f8,0x00001490,0x000500c4,0x00000006,0x00001492,0x00000714,
	0x000000e9,0x000500c2,0x00000006,0x00001494,0x00000714,0x000000e9,0x000500c5,0x00000006,
	0x00001495,0x00001492,0x00001494,0x000200f9,0x00001496,0x000200f8,0x00001496,0x000700f5,
	0x00000006,0x0000151f,0x00000714,0x0000148d,0x00001495,0x00001490,0x000200f9,0x00001497,
	0x000200f8,0x00001480,0x000500c7,0x00000006,0x00001482,0x00000714,0x00000400,0x000500c4,
	0x00000006,0x00001483,0x00001482,0x0000016f,0x000500c7,0x00000006,0x00001485,0x00000714,
	0x00000404,0x000500c2,0x00000006,0x00001486,0x00001485,0x0000016f,0x000500c5,0x00000006,
	0x00001487,0x00001483,0x00001486,0x000500c4,0x00000006,0x00001489,0x00001487,0x000000e9,
	0x000500c2,0x00000006,0x0000148b,0x00001487,0x000000e9,0x000500c5,0x00000006,0x0000148c,
	0x00001489,0x0000148b,0x000200f9,0x00001497,0x000200f8,0x00001497,0x000700f5,0x00000006,
	0x0000151e,0x0000148c,0x00001480,0x0000151f,0x00001496,0x000200f9,0x00001498,0x000200f8,
	0x00001475,0x000500c7,0x00000006,0x00001477,0x00000714,0x00000400,0x000500c4,0x00000006,
	0x00001478,0x00001477,0x0000016f,0x000500c7,0x00000006,0x0000147a,0x00000714,0x00000404,
	0x000500c2,0x00000006,0x0000147b,0x0000147a,0x0000016f,0x000500c5,0x00000006,0x0000147c,
	0x00001478,0x0000147b,0x000200f9,0x00001498,0x000200f8,0x00001498,0x000700f5,0x00000006,
	0x0000151d,0x0000147c,0x00001475,0x0000151e,0x00001497,0x000200f9,0x000014c1,0x000200f8,
	0x000014c1,0x00060041,0x0000042f,0x0000071d,0x0000042c,0x00000345,0x00000711,0x0003003e,
	0x0000071d,0x0000151d,0x00050080,0x0000005b,0x0000071f,0x00000711,0x00000108,0x000200f9,
	0x000014ea,0x000200f8,0x000014ea,0x00050041,0x00000009,0x00000724,0x00000624,0x0000008e,
	0x0004003d,0x00000006,0x00000725,0x00000724,0x000500aa,0x000000d3,0x000014ef,0x00000668,
	0x0000008e,0x000300f7,0x00001513,0x00000000,0x000400fa,0x000014ef,0x000014f0,0x000014f8,
	0x000200f8,0x000014f8,0x000500aa,0x000000d3,0x000014fa,0x00000668,0x00000173,0x000300f7,
	0x00001512,0x00000000,0x000400fa,0x000014fa,0x000014fb,0x00001508,0x000200f8,0x00001508,
	0x000500aa,0x000000d3,0x0000150a,0x00000668,0x000000ac,0x000300f7,0x00001511,0x00000000,
	0x000400fa,0x0000150a,0x0000150b,0x00001511,0x000200f8,0x0000150b,0x000500c4,0x00000006,
	0x0000150d,0x00000725,0x000000e9,0x000500c2,0x00000006,0x0000150f,0x00000725,0x000000e9,
	0x000500c5,0x00000006,0x00001510,0x0000150d,0x0000150f,0x000200f9,0x00001511,0x000200f8,
	0x00001511,0x000700f5,0x00000006,0x00001528,0x00000725,0x00001508,0x00001510,0x0000150b,
	0x000200f9,0x00001512,0x000200f8,0x000014fb,0x000500c7,0x00000006,0x000014fd,0x00000725,
	0x00000400,0x000500c4,0x00000006,0x000014fe,0x000014fd,0x0000016f,0x000500c7,0x00000006,
	0x00001500,0x00000725,0x00000404,0x000500c2,0x00000006,0x00001501,0x00001500,0x0000016f,
	0x000500c5,0x00000006,0x00001502,0x000014fe,0x00001501,0x000500c4,0x00000006,0x00001504,
	0x00001502,0x000000e9,0x000500c2,0x00000006,0x00001506,0x00001502,0x000000e9,0x000500c5,
	0x00000006,0x00001507,0x00001504,0x00001506,0x000200f9,0x00001512,0x000200f8,0x00001512,
	0x000700f5,0x00000006,0x00001527,0x00001507,0x000014fb,0x00001528,0x00001511,0x000200f9,
	0x00001513,0x000200f8,0x000014f0,0x000500c7,0x00000006,0x000014f2,0x00000725,0x00000400,
	0x000500c4,0x00000006,0x000014f3,0x000014f2,0x0000016f,0x000500c7,0x00000006,0x000014f5,
	0x00000725,0x00000404,0x000500c2,0x00000006,0x000014f6,0x000014f5,0x0000016f,0x000500c5,
	0x00000006,0x000014f7,0x000014f3,0x000014f6,0x000200f9,0x00001513,0x000200f8,0x00001513,
	0x000700f5,0x00000006,0x00001526,0x000014f7,0x000014f0,0x00001527,0x00001512,0x00060041,
	0x0000042f,0x0000072a,0x0000042c,0x00000345,0x0000071f,0x0003003e,0x0000072a,0x00001526,
	0x000200f9,0x0000072b,0x000200f8,0x000006f1,0x00050041,0x00000026,0x000006f2,0x00000609,
	0x00000090,0x0004003d,0x00000025,0x000006f3,0x000006f2,0x0004007c,0x00000006,0x000006f4,
	0x000006f3,0x000500aa,0x000000d3,0x00001444,0x00000668,0x0000008e,0x000300f7,0x00001468,
	0x00000000,0x000400fa,0x00001444,0x00001445,0x0000144d,0x000200f8,0x0000144d,0x000500aa,
	0x000000d3,0x0000144f,0x00000668,0x00000173,0x000300f7,0x00001467,0x00000000,0x000400fa,
	0x0000144f,0x00001450,0x0000145d,0x000200f8,0x0000145d,0x000500aa,0x000000d3,0x0000145f,
	0x00000668,0x000000ac,0x000300f7,0x00001466,0x00000000,0x000400fa,0x0000145f,0x00001460,
	0x00001466,0x000200f8,0x00001460,0x000500c4,0x00000006,0x00001462,0x000006f4,0x000000e9,
	0x000500c2,0x00000006,0x00001464,0x000006f4,0x000000e9,0x000500c5,0x00000006,0x00001465,
	0x00001462,0x00001464,0x000200f9,0x00001466,0x000200f8,0x00001466,0x000700f5,0x00000006,
	0x0000152b,0x000006f4,0x0000145d,0x00001465,0x00001460,0x000200f9,0x00001467,0x000200f8,
	0x00001450,0x000500c7,0x00000006,0x00001452,0x000006f4,0x00000400,0x000500c4,0x00000006,
	0x00001453,0x00001452,0x0000016f,0x000500c7,0x00000006,0x00001455,0x000006f4,0x00000404,
	0x000500c2,0x00000006,0x00001456,0x00001455,0x0000016f,0x000500c5,0x00000006,0x00001457,
	0x00001453,0x00001456,0x000500c4,0x00000006,0x00001459,0x00001457,0x000000e9,0x000500c2,
	0x00000006,0x0000145b,0x00001457,0x000000e9,0x000500c5,0x00000006,0x0000145c,0x00001459,
	0x0000145b,0x000200f9,0x00001467,0x000200f8,0x00001467,0x000700f5,0x00000006,0x0000152a,
	0x0000145c,0x00001450,0x0000152b,0x00001466,0x000200f9,0x00001468,0x000200f8,0x00001445,
	0x000500c7,0x00000006,0x00001447,0x000006f4,0x00000400,0x000500c4,0x00000006,0x00001448,
	0x00001447,0x0000016f,0x000500c7,0x00000006,0x0000144a,0x000006f4,0x00000404,0x000500c2,
	0x00000006,0x0000144b,0x0000144a,0x0000016f,0x000500c5,0x00000006,0x0000144c,0x00001448,
	0x0000144b,0x000200f9,0x00001468,0x000200f8,0x00001468,0x000700f5,0x00000006,0x00001529,
	0x0000144c,0x00001445,0x0000152a,0x00001467,0x000500c2,0x0000005b,0x0000146d,0x0000151c,
	0x00000390,0x00060041,0x0000042f,0x00001470,0x0000042c,0x00000345,0x0000146d,0x0003003e,
	0x00001470,0x00001529,0x000200f9,0x0000072b,0x000200f8,0x0000072b,0x000200f9,0x0000072c,
	0x000200f8,0x000006e6,0x0004003d,0x0000003b,0x000006e7,0x00000609,0x0003003e,0x00000618,
	0x000006e7,0x000200f9,0x00001330,0x000200f8,0x00001330,0x000200f9,0x00001346,0x000200f8,
	0x00001346,0x00050041,0x00000026,0x00001347,0x00000618,0x00000090,0x0004003d,0x00000025,
	0x00001348,0x00001347,0x0008000c,0x00000025,0x00001398,0x00000001,0x0000002b,0x00001348,
	0x000000cc,0x0000011f,0x00050085,0x00000025,0x0000139a,0x00001398,0x0000013b,0x00050081,
	0x00000025,0x0000139b,0x0000139a,0x00000158,0x0004006d,0x00000006,0x0000139c,0x0000139b,
	0x00050041,0x00000026,0x0000134a,0x00000618,0x0000008e,0x0004003d,0x00000025,0x0000134b,
	0x0000134a,0x0008000c,0x00000025,0x000013a0,0x00000001,0x0000002b,0x0000134b,0x000000cc,
	0x0000011f,0x00050085,0x00000025,0x000013a2,0x000013a0,0x0000013b,0x00050081,0x00000025,
	0x000013a3,0x000013a2,0x00000158,0x0004006d,0x00000006,0x000013a4,0x000013a3,0x000500c4,
	0x00000006,0x0000134d,0x000013a4,0x0000018c,0x000500c5,0x00000006,0x0000134e,0x0000139c,
	0x0000134d,0x00050041,0x00000026,0x0000134f,0x00000618,0x00000173,0x0004003d,0x00000025,
	0x00001350,0x0000134f,0x0008000c,0x00000025,0x000013a8,0x00000001,0x0000002b,0x00001350,
	0x000000cc,0x0000011f,0x00050085,0x00000025,0x000013aa,0x000013a8,0x0000013b,0x00050081,
	0x00000025,0x000013ab,0x000013aa,0x00000158,0x0004006d,0x00000006,0x000013ac,0x000013ab,
	0x000500c4,0x00000006,0x00001352,0x000013ac,0x00000194,0x000500c5,0x00000006,0x00001353,
	0x0000134e,0x00001352,0x00050041,0x00000026,0x00001354,0x00000618,0x000000ac,0x0004003d,
	0x00000025,0x00001355,0x00001354,0x0008000c,0x00000025,0x000013b0,0x00000001,0x0000002b,
	0x00001355,0x000000cc,0x0000011f,0x00050085,0x00000025,0x000013b2,0x000013b0,0x00000197,
	0x00050081,0x00000025,0x000013b3,0x000013b2,0x00000158,0x0004006d,0x00000006,0x000013b4,
	0x000013b3,0x000500c4,0x00000006,0x00001357,0x000013b4,0x0000019d,0x000500c5,0x00000006,
	0x00001358,0x00001353,0x00001357,0x000200f9,0x00001370,0x000200f8,0x00001370,0x000200f9,
	0x00001373,0x000200f8,0x00001373,0x000500aa,0x000000d3,0x00001414,0x00000668,0x0000008e,
	0x000300f7,0x00001438,0x00000000,0x000400fa,0x00001414,0x00001415,0x0000141d,0x000200f8,
	0x0000141d,0x000500aa,0x000000d3,0x0000141f,0x00000668,0x00000173,0x000300f7,0x00001437,
	0x00000000,0x000400fa,0x0000141f,0x00001420,0x0000142d,0x000200f8,0x0000142d,0x000500aa,
	0x000000d3,0x0000142f,0x00000668,0x000000ac,0x000300f7,0x00001436,0x00000000,0x000400fa,
	0x0000142f,0x00001430,0x00001436,0x000200f8,0x00001430,0x000500c4,0x00000006,0x00001432,
	0x00001358,0x000000e9,0x000500c2,0x00000006,0x00001434,0x00001358,0x000000e9,0x000500c5,
	0x00000006,0x00001435,0x00001432,0x00001434,0x000200f9,0x00001436,0x000200f8,0x00001436,
	0x000700f5,0x00000006,0x00001534,0x00001358,0x0000142d,0x00001435,0x00001430,0x000200f9,
	0x00001437,0x000200f8,0x00001420,0x000500c7,0x00000006,0x00001422,0x00001358,0x00000400,
	0x000500c4,0x00000006,0x00001423,0x00001422,0x0000016f,0x000500c7,0x00000006,0x00001425,
	0x00001358,0x00000404,0x000500c2,0x00000006,0x00001426,0x00001425,0x0000016f,0x000500c5,
	0x00000006,0x00001427,0x00001423,0x00001426,0x000500c4,0x00000006,0x00001429,0x00001427,
	0x000000e9,0x000500c2,0x00000006,0x0000142b,0x00001427,0x000000e9,0x000500c5,0x00000006,
	0x0000142c,0x00001429,0x0000142b,0x000200f9,0x00001437,0x000200f8,0x00001437,0x000700f5,
	0x00000006,0x00001533,0x0000142c,0x00001420,0x00001534,0x00001436,0x000200f9,0x00001438,
	0x000200f8,0x00001415,0x000500c7,0x00000006,0x00001417,0x00001358,0x00000400,0x000500c4,
	0x00000006,0x00001418,0x00001417,0x0000016f,0x000500c7,0x00000006,0x0000141a,0x00001358,
	0x00000404,0x000500c2,0x00000006,0x0000141b,0x0000141a,0x0000016f,0x000500c5,0x00000006,
	0x0000141c,0x00001418,0x0000141b,0x000200f9,0x00001438,0x000200f8,0x00001438,0x000700f5,
	0x00000006,0x00001532,0x0000141c,0x00001415,0x00001533,0x00001437,0x000500c2,0x0000005b,
	0x0000143d,0x0000151c,0x00000390,0x00060041,0x0000042f,0x00001440,0x0000042c,0x00000345,
	0x0000143d,0x0003003e,0x00001440,0x00001532,0x000200f9,0x0000072c,0x000200f8,0x0000072c,
	0x000200f9,0x0000072d,0x000200f8,0x000006db,0x0004003d,0x0000003b,0x000006dc,0x00000609,
	0x0003003e,0x00000611,0x000006dc,0x000200f9,0x00001206,0x000200f8,0x00001206,0x000200f9,
	0x00001209,0x000200f8,0x00001209,0x00050041,0x00000026,0x0000120a,0x00000611,0x00000090,
	0x0004003d,0x00000025,0x0000120b,0x0000120a,0x0008000c,0x00000025,0x0000124e,0x00000001,
	0x0000002b,0x0000120b,0x000000cc,0x0000011f,0x00050085,0x00000025,0x00001250,0x0000124e,
	0x00000164,0x00050081,0x00000025,0x00001251,0x00001250,0x00000158,0x0004006d,0x00000006,
	0x00001252,0x00001251,0x00050041,0x00000026,0x0000120d,0x00000611,0x0000008e,0x0004003d,
	0x00000025,0x0000120e,0x0000120d,0x0008000c,0x00000025,0x00001256,0x00000001,0x0000002b,
	0x0000120e,0x000000cc,0x0000011f,0x00050085,0x00000025,0x00001258,0x00001256,0x00000164,
	0x00050081,0x00000025,0x00001259,0x00001258,0x00000158,0x0004006d,0x00000006,0x0000125a,
	0x00001259,0x000500c4,0x00000006,0x00001210,0x0000125a,0x0000016f,0x000500c5,0x00000006,
	0x00001211,0x00001252,0x00001210,0x00050041,0x00000026,0x00001212,0x00000611,0x00000173,
	0x0004003d,0x00000025,0x00001213,0x00001212,0x0008000c,0x00000025,0x0000125e,0x00000001,
	0x0000002b,0x00001213,0x000000cc,0x0000011f,0x00050085,0x00000025,0x00001260,0x0000125e,
	0x00000164,0x00050081,0x00000025,0x00001261,0x00001260,0x00000158,0x0004006d,0x00000006,
	0x00001262,0x00001261,0x000500c4,0x00000006,0x00001215,0x00001262,0x000000e9,0x000500c5,
	0x00000006,0x00001216,0x00001211,0x00001215,0x00050041,0x00000026,0x00001217,0x00000611,
	0x000000ac,0x0004003d,0x00000025,0x00001218,0x00001217,0x0008000c,0x00000025,0x00001266,
	0x00000001,0x0000002b,0x00001218,0x000000cc,0x0000011f,0x00050085,0x00000025,0x00001268,
	0x00001266,0x00000164,0x00050081,0x00000025,0x00001269,0x00001268,0x00000158,0x0004006d,
	0x00000006,0x0000126a,0x00001269,0x000500c4,0x00000006,0x0000121a,0x0000126a,0x000000de,
	0x000500c5,0x00000006,0x0000121b,0x00001216,0x0000121a,0x000200f9,0x00001246,0x000200f8,
	0x00001246,0x000200f9,0x00001249,0x000200f8,0x00001249,0x000500aa,0x000000d3,0x000012ea,
	0x00000668,0x0000008e,0x000300f7,0x0000130e,0x00000000,0x000400fa,0x000012ea,0x000012eb,
	0x000012f3,0x000200f8,0x000012f3,0x000500aa,0x000000d3,0x000012f5,0x00000668,0x00000173,
	0x000300f7,0x0000130d,0x00000000,0x000400fa,0x000012f5,0x000012f6,0x00001303,0x000200f8,
	0x00001303,0x000500aa,0x000000d3,0x00001305,0x00000668,0x000000ac,0x000300f7,0x0000130c,
	0x00000000,0x000400fa,0x00001305,0x00001306,0x0000130c,0x000200f8,0x00001306,0x000500c4,
	0x00000006,0x00001308,0x0000121b,0x000000e9,0x000500c2,0x00000006,0x0000130a,0x0000121b,
	0x000000e9,0x000500c5,0x00000006,0x0000130b,0x00001308,0x0000130a,0x000200f9,0x0000130c,
	0x000200f8,0x0000130c,0x000700f5,0x00000006,0x00001542,0x0000121b,0x00001303,0x0000130b,
	0x00001306,0x000200f9,0x0000130d,0x000200f8,0x000012f6,0x000500c7,0x00000006,0x000012f8,
	0x0000121b,0x00000400,0x000500c4,0x00000006,0x000012f9,0x000012f8,0x0000016f,0x000500c7,
	0x00000006,0x000012fb,0x0000121b,0x00000404,0x000500c2,0x00000006,0x000012fc,0x000012fb,
	0x0000016f,0x000500c5,0x00000006,0x000012fd,0x000012f9,0x000012fc,0x000500c4,0x00000006,
	0x000012ff,0x000012fd,0x000000e9,0x000500c2,0x00000006,0x00001301,0x000012fd,0x000000e9,
	0x000500c5,0x00000006,0x00001302,0x000012ff,0x00001301,0x000200f9,0x0000130d,0x000200f8,
	0x0000130d,0x000700f5,0x00000006,0x00001541,0x00001302,0x000012f6,0x00001542,0x0000130c,
	0x000200f9,0x0000130e,0x000200f8,0x000012eb,0x000500c7,0x00000006,0x000012ed,0x0000121b,
	0x00000400,0x000500c4,0x00000006,0x000012ee,0x000012ed,0x0000016f,0x000500c7,0x00000006,
	0x000012f0,0x0000121b,0x00000404,0x000500c2,0x00000006,0x000012f1,0x000012f0,0x0000016f,
	0x000500c5,0x00000006,0x000012f2,0x000012ee,0x000012f1,0x000200f9,0x0000130e,0x000200f8,
	0x0000130e,0x000700f5,0x00000006,0x00001540,0x000012f2,0x000012eb,0x00001541,0x0000130d,
	0x000500c2,0x0000005b,0x00001313,0x0000151c,0x00000390,0x00060041,0x0000042f,0x00001316,
	0x0000042c,0x00000345,0x00001313,0x0003003e,0x00001316,0x00001540,0x000200f9,0x0000072d,
	0x000200f8,0x0000072d,0x000200f9,0x0000072e,0x000200f8,0x0000072e,0x000100fd,0x00010038
};
