	// 1116.5.0
	 #pragma once
const uint32_t fh1_native_resolve_image_depth_cs[] = {
	0x07230203,0x00010000,0x0008000b,0x000017ef,0x00000000,0x00020011,0x00000001,0x00020011,
	0x00000032,0x0006000b,0x00000001,0x4c534c47,0x6474732e,0x3035342e,0x00000000,0x0003000e,
	0x00000000,0x00000001,0x0006000f,0x00000005,0x00000004,0x6e69616d,0x00000000,0x0000067a,
	0x00060010,0x00000004,0x00000011,0x00000008,0x00000008,0x00000001,0x00030003,0x00000005,
	0x000001f4,0x00040005,0x00000004,0x6e69616d,0x00000000,0x00070005,0x00000376,0x5f316866,
	0x72756f73,0x645f6563,0x68747065,0x00000000,0x00070005,0x00000389,0x5f316866,0x72756f73,
	0x735f6563,0x636e6574,0x00006c69,0x00050005,0x00000494,0x5f316866,0x6f6d656d,0x00007972,
	0x00050006,0x00000494,0x00000000,0x74616440,0x00000061,0x00050005,0x00000496,0x5f316866,
	0x6f6d656d,0x00007972,0x00050005,0x0000049e,0x5f316866,0x67616d69,0x00000065,0x000a0005,
	0x000004aa,0x4e316846,0x76697461,0x73655265,0x65766c6f,0x6f6d654d,0x6f437972,0x6174736e,
	0x0073746e,0x00070006,0x000004aa,0x00000000,0x5f316866,0x74636572,0x69726f5f,0x006e6967,
	0x00070006,0x000004aa,0x00000001,0x5f316866,0x74636572,0x7a69735f,0x00000065,0x00080006,
	0x000004aa,0x00000002,0x5f316866,0x6f736572,0x5f65766c,0x6f79616c,0x00007475,0x00080006,
	0x000004aa,0x00000003,0x5f316866,0x656e776f,0x616c5f72,0x74756f79,0x00000000,0x00080006,
	0x000004aa,0x00000004,0x5f316866,0x706d6173,0x735f656c,0x63656c65,0x00000074,0x00070006,
	0x000004aa,0x00000005,0x5f316866,0x74736564,0x666e695f,0x0000006f,0x00070006,0x000004aa,
	0x00000006,0x5f316866,0x74736564,0x7361625f,0x00000065,0x00070006,0x000004aa,0x00000007,
	0x5f316866,0x74736564,0x7469705f,0x00006863,0x00070006,0x000004aa,0x00000008,0x5f316866,
	0x67616d69,0x6f725f65,0x00000077,0x00080006,0x000004aa,0x00000009,0x5f316866,0x67616d69,
	0x6e655f65,0x6e616964,0x00000000,0x00080006,0x000004aa,0x0000000a,0x5f316866,0x67616d69,
	0x655f3265,0x6169646e,0x0000006e,0x00030005,0x000004ac,0x00000000,0x00050005,0x000004ce,
	0x5f316866,0x67616d69,0x00003265,0x00040005,0x0000067a,0x65726874,0x00006461,0x00040047,
	0x00000376,0x00000021,0x00000010,0x00040047,0x00000376,0x00000022,0x00000000,0x00040047,
	0x00000389,0x00000021,0x00000011,0x00040047,0x00000389,0x00000022,0x00000000,0x00040047,
	0x00000493,0x00000006,0x00000004,0x00030047,0x00000494,0x00000003,0x00050048,0x00000494,
	0x00000000,0x00000023,0x00000000,0x00040047,0x00000496,0x00000021,0x00000020,0x00040047,
	0x00000496,0x00000022,0x00000000,0x00040047,0x0000049e,0x00000021,0x00000021,0x00040047,
	0x0000049e,0x00000022,0x00000000,0x00030047,0x000004aa,0x00000002,0x00050048,0x000004aa,
	0x00000000,0x00000023,0x00000000,0x00050048,0x000004aa,0x00000001,0x00000023,0x00000004,
	0x00050048,0x000004aa,0x00000002,0x00000023,0x00000008,0x00050048,0x000004aa,0x00000003,
	0x00000023,0x0000000c,0x00050048,0x000004aa,0x00000004,0x00000023,0x00000010,0x00050048,
	0x000004aa,0x00000005,0x00000023,0x00000014,0x00050048,0x000004aa,0x00000006,0x00000023,
	0x00000018,0x00050048,0x000004aa,0x00000007,0x00000023,0x0000001c,0x00050048,0x000004aa,
	0x00000008,0x00000023,0x00000020,0x00050048,0x000004aa,0x00000009,0x00000023,0x00000024,
	0x00050048,0x000004aa,0x0000000a,0x00000023,0x00000028,0x00040047,0x000004ce,0x00000021,
	0x00000022,0x00040047,0x000004ce,0x00000022,0x00000000,0x00040047,0x0000067a,0x0000000b,
	0x0000001c,0x00020013,0x00000002,0x00030021,0x00000003,0x00000002,0x00040015,0x00000006,
	0x00000020,0x00000000,0x00040017,0x00000007,0x00000006,0x00000002,0x00040020,0x00000008,
	0x00000007,0x00000007,0x00040020,0x00000009,0x00000007,0x00000006,0x00030016,0x00000025,
	0x00000020,0x00040020,0x00000026,0x00000007,0x00000025,0x00020014,0x00000027,0x00040017,
	0x00000041,0x00000025,0x00000004,0x00040020,0x00000042,0x00000007,0x00000041,0x00040015,
	0x00000061,0x00000020,0x00000001,0x00040017,0x0000008d,0x00000006,0x00000003,0x0004002b,
	0x00000025,0x00000095,0x42000000,0x0004002b,0x00000006,0x00000098,0x00000001,0x0004002b,
	0x00000006,0x0000009a,0x00000000,0x0005002c,0x00000007,0x0000009d,0x0000009a,0x0000009a,
	0x0004002b,0x00000006,0x000000a8,0x000007ff,0x0004002b,0x00000006,0x000000ad,0x0000000b,
	0x0004002b,0x00000006,0x000000af,0x000000ff,0x0004002b,0x00000006,0x000000b4,0x00000013,
	0x0004002b,0x00000006,0x000000b6,0x00000003,0x0004002b,0x00000006,0x000000bb,0x00000015,
	0x0004002b,0x00000006,0x000000c1,0x00000016,0x0004002b,0x00000006,0x000000c7,0x00000017,
	0x0004002b,0x00000006,0x000000c9,0x0000000f,0x0004002b,0x00000006,0x000000d7,0x38800000,
	0x0004002b,0x00000006,0x000000dc,0x00000071,0x0004002b,0x00000006,0x000000e0,0x00000018,
	0x0004002b,0x00000006,0x000000e2,0x00800000,0x0004002b,0x00000006,0x000000e4,0x007fffff,
	0x0004002b,0x00000006,0x000000ea,0xc8000000,0x0004002b,0x00000006,0x000000f9,0x00ffffff,
	0x0004002b,0x00000006,0x000000fd,0x3ffffff8,0x0004002b,0x00000025,0x00000102,0x00000000,
	0x0004002b,0x00000006,0x0000010c,0x000fffff,0x0004002b,0x00000006,0x00000110,0x00000014,
	0x0004002b,0x00000006,0x0000011a,0x0000001f,0x0004002b,0x00000061,0x0000011f,0x00000001,
	0x0004002b,0x00000006,0x0000012b,0x00000070,0x0004002b,0x00000006,0x0000014f,0x00000010,
	0x0004002b,0x00000006,0x00000154,0x000003ff,0x0004002b,0x00000006,0x0000015c,0x0000007f,
	0x0004002b,0x00000006,0x00000160,0x00000007,0x0004002b,0x00000006,0x00000179,0x0000007c,
	0x0004002b,0x00000061,0x00000186,0x00000010,0x0004002b,0x00000025,0x00000189,0x38000100,
	0x0004002b,0x00000025,0x0000018b,0xbf800000,0x0004002b,0x00000025,0x00000192,0x3f800000,
	0x0004002b,0x00000025,0x00000196,0x3f000000,0x0004002b,0x00000025,0x000001a2,0x437f0000,
	0x0004002b,0x00000006,0x000001ad,0x00000008,0x0004002b,0x00000006,0x000001b1,0x00000002,
	0x0004002b,0x00000025,0x000001c0,0x447fc000,0x0004002b,0x00000006,0x000001cb,0x0000000a,
	0x0004002b,0x00000025,0x000001d5,0x40400000,0x0004002b,0x00000006,0x000001db,0x0000001e,
	0x0004002b,0x00000025,0x00000216,0x3b808081,0x00040017,0x00000224,0x00000025,0x00000003,
	0x0004002b,0x00000025,0x00000226,0x3a802008,0x0004002b,0x00000025,0x0000022b,0x3eaaaaab,
	0x00040017,0x00000251,0x00000025,0x00000002,0x0007002c,0x00000041,0x0000025a,0x00000102,
	0x00000102,0x00000102,0x00000102,0x0004002b,0x00000006,0x000002e8,0x00000050,0x0004002b,
	0x00000006,0x000002ef,0x00000004,0x0004002b,0x00000006,0x00000326,0x00000028,0x00040017,
	0x0000034a,0x00000061,0x00000002,0x00090019,0x00000374,0x00000025,0x00000001,0x00000000,
	0x00000000,0x00000000,0x00000001,0x00000000,0x00040020,0x00000375,0x00000000,0x00000374,
	0x0004003b,0x00000375,0x00000376,0x00000000,0x0004002b,0x00000061,0x00000379,0x00000000,
	0x00040017,0x0000037a,0x00000061,0x00000003,0x00090019,0x00000387,0x00000006,0x00000001,
	0x00000000,0x00000000,0x00000000,0x00000001,0x00000000,0x00040020,0x00000388,0x00000000,
	0x00000387,0x0004003b,0x00000388,0x00000389,0x00000000,0x00040017,0x00000395,0x00000006,
	0x00000004,0x0004002b,0x00000025,0x000003a3,0x40000000,0x0004002b,0x00000025,0x000003ae,
	0x4b7fffff,0x0004002b,0x00000006,0x000003bc,0xffffffe0,0x0004002b,0x00000061,0x000003c0,
	0x00000005,0x0004002b,0x00000061,0x000003ce,0x00000007,0x0004002b,0x00000061,0x000003d1,
	0x0000000e,0x0004002b,0x00000061,0x000003d3,0x00000002,0x0004002b,0x00000061,0x000003db,
	0xfffffff0,0x0004002b,0x00000061,0x000003e0,0x0000000f,0x0004002b,0x00000061,0x000003e5,
	0x00000004,0x0004002b,0x00000061,0x000003e9,0xfffffe00,0x0004002b,0x00000061,0x000003eb,
	0x00000003,0x0004002b,0x00000061,0x000003f2,0x000001c0,0x0004002b,0x00000061,0x000003f7,
	0x00000008,0x0004002b,0x00000061,0x000003fe,0x00000006,0x0004002b,0x00000061,0x00000402,
	0x0000003f,0x0004002b,0x00000006,0x00000428,0xfffffff0,0x0004002b,0x00000006,0x00000443,
	0x00ff00ff,0x0004002b,0x00000006,0x00000447,0xff00ff00,0x0004002b,0x00000025,0x00000480,
	0x33800000,0x0003001d,0x00000493,0x00000006,0x0003001e,0x00000494,0x00000493,0x00040020,
	0x00000495,0x00000002,0x00000494,0x0004003b,0x00000495,0x00000496,0x00000002,0x00040020,
	0x00000499,0x00000002,0x00000006,0x00090019,0x0000049c,0x00000006,0x00000001,0x00000000,
	0x00000000,0x00000000,0x00000002,0x00000021,0x00040020,0x0000049d,0x00000000,0x0000049c,
	0x0004003b,0x0000049d,0x0000049e,0x00000000,0x000d001e,0x000004aa,0x00000006,0x00000006,
	0x00000006,0x00000006,0x00000006,0x00000006,0x00000006,0x00000006,0x00000006,0x00000006,
	0x00000006,0x00040020,0x000004ab,0x00000009,0x000004aa,0x0004003b,0x000004ab,0x000004ac,
	0x00000009,0x00040020,0x000004ad,0x00000009,0x00000006,0x00040017,0x000004b4,0x00000027,
	0x00000002,0x0004002b,0x00000061,0x000004ba,0x00000009,0x0004002b,0x00000061,0x000004c4,
	0x0000000a,0x0004002b,0x00000006,0x000004c7,0x00000005,0x0004003b,0x0000049d,0x000004ce,
	0x00000000,0x0004002b,0x00000006,0x000004f0,0x00000012,0x0004002b,0x00000006,0x0000052e,
	0x0000ffff,0x0004002b,0x00000061,0x000005f2,0x00000018,0x0004002b,0x00000061,0x000005f4,
	0x0000007f,0x0004002b,0x00000006,0x000005fe,0x00000006,0x00040020,0x00000679,0x00000001,
	0x0000008d,0x0004003b,0x00000679,0x0000067a,0x00000001,0x00050036,0x00000002,0x00000004,
	0x00000000,0x00000003,0x000200f8,0x00000005,0x0004003b,0x00000008,0x00001539,0x00000007,
	0x0004003b,0x00000008,0x0000153a,0x00000007,0x0004003b,0x00000008,0x0000153f,0x00000007,
	0x0004003b,0x00000008,0x000013db,0x00000007,0x0004003b,0x00000008,0x000013dc,0x00000007,
	0x0004003b,0x00000008,0x000013e1,0x00000007,0x0004003b,0x00000008,0x00001183,0x00000007,
	0x0004003b,0x00000008,0x00001184,0x00000007,0x0004003b,0x00000008,0x00001189,0x00000007,
	0x0004003b,0x00000008,0x00000d6f,0x00000007,0x0004003b,0x00000008,0x00000bc8,0x00000007,
	0x0004003b,0x00000008,0x00000bab,0x00000007,0x0004003b,0x00000008,0x00000a69,0x00000007,
	0x0004003b,0x00000008,0x00000a6a,0x00000007,0x0004003b,0x00000008,0x00000a6f,0x00000007,
	0x0004003b,0x00000008,0x0000089f,0x00000007,0x0004003b,0x00000008,0x0000069b,0x00000007,
	0x0004003b,0x00000008,0x000006a5,0x00000007,0x0004003b,0x00000008,0x000006a6,0x00000007,
	0x0004003b,0x00000042,0x000006b9,0x00000007,0x0004003b,0x00000042,0x000006c1,0x00000007,
	0x0004003b,0x00000042,0x000006c8,0x00000007,0x0004003b,0x00000008,0x000006d4,0x00000007,
	0x0004003d,0x0000008d,0x0000067b,0x0000067a,0x000300f7,0x000007de,0x00000000,0x000300fb,
	0x0000009a,0x000006df,0x000200f8,0x000006df,0x00050041,0x000004ad,0x000006e0,0x000004ac,
	0x0000011f,0x0004003d,0x00000006,0x000006e1,0x000006e0,0x000500c7,0x00000006,0x000006e2,
	0x000006e1,0x0000052e,0x00050041,0x000004ad,0x000006e3,0x000004ac,0x0000011f,0x0004003d,
	0x00000006,0x000006e4,0x000006e3,0x000500c2,0x00000006,0x000006e5,0x000006e4,0x0000014f,
	0x00050050,0x00000007,0x000006e6,0x000006e2,0x000006e5,0x0007004f,0x00000007,0x000006e8,
	0x0000067b,0x0000067b,0x00000000,0x00000001,0x000500ae,0x000004b4,0x000006ea,0x000006e8,
	0x000006e6,0x0004009a,0x00000027,0x000006eb,0x000006ea,0x000300f7,0x000006ed,0x00000000,
	0x000400fa,0x000006eb,0x000006ec,0x000006ed,0x000200f8,0x000006ec,0x000200f9,0x000007de,
	0x000200f8,0x000006ed,0x00050041,0x000004ad,0x000006ee,0x000004ac,0x00000379,0x0004003d,
	0x00000006,0x000006ef,0x000006ee,0x000500c7,0x00000006,0x000006f0,0x000006ef,0x0000052e,
	0x00050041,0x000004ad,0x000006f1,0x000004ac,0x00000379,0x0004003d,0x00000006,0x000006f2,
	0x000006f1,0x000500c2,0x00000006,0x000006f3,0x000006f2,0x0000014f,0x00050050,0x00000007,
	0x000006f4,0x000006f0,0x000006f3,0x0007004f,0x00000007,0x000006f6,0x0000067b,0x0000067b,
	0x00000000,0x00000001,0x00050080,0x00000007,0x000006f7,0x000006f4,0x000006f6,0x0003003e,
	0x0000069b,0x000006f7,0x00050041,0x000004ad,0x000006f9,0x000004ac,0x000003c0,0x0004003d,
	0x00000006,0x000006fa,0x000006f9,0x000500c2,0x00000006,0x000006fb,0x000006fa,0x000000b4,
	0x000500c7,0x00000006,0x000006fc,0x000006fb,0x00000098,0x000500ab,0x00000027,0x000006fd,
	0x000006fc,0x0000009a,0x000600a9,0x00000025,0x000006fe,0x000006fd,0x00000095,0x00000192,
	0x00050041,0x000004ad,0x000006ff,0x000004ac,0x000003c0,0x0004003d,0x00000006,0x00000700,
	0x000006ff,0x000500c2,0x00000006,0x00000701,0x00000700,0x00000110,0x000500c7,0x00000006,
	0x00000702,0x00000701,0x000000b6,0x00050080,0x00000006,0x00000703,0x00000702,0x00000098,
	0x00050041,0x000004ad,0x00000704,0x000004ac,0x000003c0,0x0004003d,0x00000006,0x00000705,
	0x00000704,0x000500c2,0x00000006,0x00000706,0x00000705,0x000000c1,0x000500c7,0x00000006,
	0x00000707,0x00000706,0x00000098,0x000500ab,0x00000027,0x00000708,0x00000707,0x0000009a,
	0x000300f7,0x00000711,0x00000000,0x000400fa,0x00000708,0x0000070a,0x0000070c,0x000200f8,
	0x0000070c,0x0004003d,0x00000007,0x0000070d,0x0000069b,0x00050050,0x00000007,0x000007e3,
	0x00000703,0x00000703,0x00050089,0x00000007,0x000007e4,0x0000070d,0x000007e3,0x00050050,
	0x00000007,0x000007e7,0x00000703,0x00000703,0x00050086,0x00000007,0x000007e8,0x0000070d,
	0x000007e7,0x0003003e,0x0000069b,0x000007e8,0x000200f9,0x00000711,0x000200f8,0x0000070a,
	0x000200f9,0x00000711,0x000200f8,0x00000711,0x000700f5,0x00000007,0x00001711,0x0000009d,
	0x0000070a,0x000007e4,0x0000070c,0x00050041,0x000004ad,0x00000712,0x000004ac,0x000003c0,
	0x0004003d,0x00000006,0x00000713,0x00000712,0x000500c7,0x00000006,0x00000714,0x00000713,
	0x00000160,0x00050041,0x000004ad,0x00000715,0x000004ac,0x000003c0,0x0004003d,0x00000006,
	0x00000716,0x00000715,0x000500c2,0x00000006,0x00000717,0x00000716,0x000000b6,0x000500c7,
	0x00000006,0x00000718,0x00000717,0x00000160,0x00050041,0x000004ad,0x00000719,0x000004ac,
	0x000003c0,0x0004003d,0x00000006,0x0000071a,0x00000719,0x000500c2,0x00000006,0x0000071b,
	0x0000071a,0x0000014f,0x000500c7,0x00000006,0x0000071c,0x0000071b,0x000000b6,0x000500ac,
	0x00000027,0x0000071e,0x00000703,0x00000098,0x000400a8,0x00000027,0x00000720,0x00000708,
	0x000500a7,0x00000027,0x00000721,0x0000071e,0x00000720,0x000300f7,0x00000740,0x00000002,
	0x000400fa,0x00000721,0x00000722,0x00000731,0x000200f8,0x00000731,0x00050041,0x000004ad,
	0x00000732,0x000004ac,0x000003fe,0x0004003d,0x00000006,0x00000733,0x00000732,0x00050041,
	0x00000009,0x00000734,0x0000069b,0x0000009a,0x0004003d,0x00000006,0x00000735,0x00000734,
	0x0004007c,0x00000061,0x00000736,0x00000735,0x00050041,0x00000009,0x00000737,0x0000069b,
	0x00000098,0x0004003d,0x00000006,0x00000738,0x00000737,0x0004007c,0x00000061,0x00000739,
	0x00000738,0x00050041,0x000004ad,0x0000073a,0x000004ac,0x000003ce,0x0004003d,0x00000006,
	0x0000073b,0x0000073a,0x00050080,0x00000006,0x00000864,0x0000073b,0x0000011a,0x000500c7,
	0x00000006,0x00000865,0x00000864,0x000003bc,0x000500c3,0x00000061,0x00000867,0x00000736,
	0x000003c0,0x000500c3,0x00000061,0x00000869,0x00000739,0x000003c0,0x000500c2,0x00000006,
	0x0000086b,0x00000865,0x000003c0,0x0004007c,0x00000061,0x0000086c,0x0000086b,0x00050084,
	0x00000061,0x0000086d,0x00000869,0x0000086c,0x00050080,0x00000061,0x0000086e,0x00000867,
	0x0000086d,0x00050080,0x00000006,0x00000870,0x0000071c,0x00000160,0x000500c4,0x00000061,
	0x00000871,0x0000086e,0x00000870,0x000500c7,0x00000061,0x00000873,0x00000736,0x000003ce,
	0x000500c7,0x00000061,0x00000875,0x00000739,0x000003d1,0x000500c4,0x00000061,0x00000876,
	0x00000875,0x000003d3,0x00050080,0x00000061,0x00000877,0x00000873,0x00000876,0x000500c4,
	0x00000061,0x00000879,0x00000877,0x0000071c,0x000500c7,0x00000061,0x0000087c,0x00000879,
	0x000003db,0x000500c4,0x00000061,0x0000087d,0x0000087c,0x0000011f,0x00050080,0x00000061,
	0x0000087e,0x00000871,0x0000087d,0x000500c7,0x00000061,0x00000880,0x00000879,0x000003e0,
	0x00050080,0x00000061,0x00000881,0x0000087e,0x00000880,0x000500c7,0x00000061,0x00000883,
	0x00000739,0x0000011f,0x000500c4,0x00000061,0x00000884,0x00000883,0x000003e5,0x00050080,
	0x00000061,0x00000885,0x00000881,0x00000884,0x000500c7,0x00000061,0x00000887,0x00000885,
	0x000003e9,0x000500c4,0x00000061,0x00000888,0x00000887,0x000003eb,0x000500c7,0x00000061,
	0x0000088a,0x00000739,0x00000186,0x000500c4,0x00000061,0x0000088b,0x0000088a,0x000003ce,
	0x00050080,0x00000061,0x0000088c,0x00000888,0x0000088b,0x000500c7,0x00000061,0x0000088e,
	0x00000885,0x000003f2,0x000500c4,0x00000061,0x0000088f,0x0000088e,0x000003d3,0x00050080,
	0x00000061,0x00000890,0x0000088c,0x0000088f,0x000500c7,0x00000061,0x00000892,0x00000739,
	0x000003f7,0x000500c3,0x00000061,0x00000893,0x00000892,0x000003d3,0x000500c3,0x00000061,
	0x00000895,0x00000736,0x000003eb,0x00050080,0x00000061,0x00000896,0x00000893,0x00000895,
	0x000500c7,0x00000061,0x00000897,0x00000896,0x000003eb,0x000500c4,0x00000061,0x00000898,
	0x00000897,0x000003fe,0x00050080,0x00000061,0x00000899,0x00000890,0x00000898,0x000500c7,
	0x00000061,0x0000089b,0x00000885,0x00000402,0x00050080,0x00000061,0x0000089c,0x00000899,
	0x0000089b,0x0004007c,0x00000006,0x0000073e,0x0000089c,0x00050080,0x00000006,0x0000073f,
	0x00000733,0x0000073e,0x000200f9,0x00000740,0x000200f8,0x00000722,0x00050041,0x000004ad,
	0x00000723,0x000004ac,0x000003fe,0x0004003d,0x00000006,0x00000724,0x00000723,0x00050084,
	0x00000006,0x00000726,0x00000724,0x00000703,0x00050084,0x00000006,0x00000728,0x00000726,
	0x00000703,0x0004003d,0x00000007,0x00000729,0x0000069b,0x0003003e,0x000006a5,0x00000729,
	0x0003003e,0x000006a6,0x00001711,0x00050041,0x000004ad,0x0000072b,0x000004ac,0x000003ce,
	0x0004003d,0x00000006,0x0000072c,0x0000072b,0x00050041,0x00000009,0x000007f3,0x000006a5,
	0x0000009a,0x0004003d,0x00000006,0x000007f4,0x000007f3,0x0004007c,0x00000061,0x000007f5,
	0x000007f4,0x00050041,0x00000009,0x000007f6,0x000006a5,0x00000098,0x0004003d,0x00000006,
	0x000007f7,0x000007f6,0x0004007c,0x00000061,0x000007f8,0x000007f7,0x00050080,0x00000006,
	0x00000825,0x0000072c,0x0000011a,0x000500c7,0x00000006,0x00000826,0x00000825,0x000003bc,
	0x000500c3,0x00000061,0x00000828,0x000007f5,0x000003c0,0x000500c3,0x00000061,0x0000082a,
	0x000007f8,0x000003c0,0x000500c2,0x00000006,0x0000082c,0x00000826,0x000003c0,0x0004007c,
	0x00000061,0x0000082d,0x0000082c,0x00050084,0x00000061,0x0000082e,0x0000082a,0x0000082d,
	0x00050080,0x00000061,0x0000082f,0x00000828,0x0000082e,0x00050080,0x00000006,0x00000831,
	0x0000071c,0x00000160,0x000500c4,0x00000061,0x00000832,0x0000082f,0x00000831,0x000500c7,
	0x00000061,0x00000834,0x000007f5,0x000003ce,0x000500c7,0x00000061,0x00000836,0x000007f8,
	0x000003d1,0x000500c4,0x00000061,0x00000837,0x00000836,0x000003d3,0x00050080,0x00000061,
	0x00000838,0x00000834,0x00000837,0x000500c4,0x00000061,0x0000083a,0x00000838,0x0000071c,
	0x000500c7,0x00000061,0x0000083d,0x0000083a,0x000003db,0x000500c4,0x00000061,0x0000083e,
	0x0000083d,0x0000011f,0x00050080,0x00000061,0x0000083f,0x00000832,0x0000083e,0x000500c7,
	0x00000061,0x00000841,0x0000083a,0x000003e0,0x00050080,0x00000061,0x00000842,0x0000083f,
	0x00000841,0x000500c7,0x00000061,0x00000844,0x000007f8,0x0000011f,0x000500c4,0x00000061,
	0x00000845,0x00000844,0x000003e5,0x00050080,0x00000061,0x00000846,0x00000842,0x00000845,
	0x000500c7,0x00000061,0x00000848,0x00000846,0x000003e9,0x000500c4,0x00000061,0x00000849,
	0x00000848,0x000003eb,0x000500c7,0x00000061,0x0000084b,0x000007f8,0x00000186,0x000500c4,
	0x00000061,0x0000084c,0x0000084b,0x000003ce,0x00050080,0x00000061,0x0000084d,0x00000849,
	0x0000084c,0x000500c7,0x00000061,0x0000084f,0x00000846,0x000003f2,0x000500c4,0x00000061,
	0x00000850,0x0000084f,0x000003d3,0x00050080,0x00000061,0x00000851,0x0000084d,0x00000850,
	0x000500c7,0x00000061,0x00000853,0x000007f8,0x000003f7,0x000500c3,0x00000061,0x00000854,
	0x00000853,0x000003d3,0x000500c3,0x00000061,0x00000856,0x000007f5,0x000003eb,0x00050080,
	0x00000061,0x00000857,0x00000854,0x00000856,0x000500c7,0x00000061,0x00000858,0x00000857,
	0x000003eb,0x000500c4,0x00000061,0x00000859,0x00000858,0x000003fe,0x00050080,0x00000061,
	0x0000085a,0x00000851,0x00000859,0x000500c7,0x00000061,0x0000085c,0x00000846,0x00000402,
	0x00050080,0x00000061,0x0000085d,0x0000085a,0x0000085c,0x0004007c,0x00000006,0x000007fc,
	0x0000085d,0x000500c2,0x00000006,0x000007fe,0x0000014f,0x0000071c,0x000500c7,0x00000006,
	0x00000800,0x000007fc,0x000000c9,0x000500c2,0x00000006,0x00000802,0x00000800,0x0000071c,
	0x00050084,0x00000006,0x00000804,0x00000802,0x00000703,0x00050041,0x00000009,0x00000805,
	0x000006a6,0x0000009a,0x0004003d,0x00000006,0x00000806,0x00000805,0x00050080,0x00000006,
	0x00000807,0x00000804,0x00000806,0x00050086,0x00000006,0x0000080a,0x00000807,0x000007fe,
	0x000500c7,0x00000006,0x0000080c,0x000007fc,0x00000428,0x00050084,0x00000006,0x0000080e,
	0x0000080c,0x00000703,0x00050084,0x00000006,0x00000810,0x0000080e,0x00000703,0x00050084,
	0x00000006,0x00000813,0x0000080a,0x00000703,0x00050041,0x00000009,0x00000814,0x000006a6,
	0x00000098,0x0004003d,0x00000006,0x00000815,0x00000814,0x00050080,0x00000006,0x00000816,
	0x00000813,0x00000815,0x000500c4,0x00000006,0x00000817,0x00000816,0x000002ef,0x00050080,
	0x00000006,0x00000818,0x00000810,0x00000817,0x00050089,0x00000006,0x0000081b,0x00000807,
	0x000007fe,0x000500c4,0x00000006,0x0000081d,0x0000081b,0x0000071c,0x00050080,0x00000006,
	0x0000081e,0x00000818,0x0000081d,0x00050080,0x00000006,0x00000730,0x00000728,0x0000081e,
	0x000200f9,0x00000740,0x000200f8,0x00000740,0x000700f5,0x00000006,0x00001718,0x00000730,
	0x00000722,0x0000073f,0x00000731,0x00050041,0x000004ad,0x00000741,0x000004ac,0x000003e5,
	0x0004003d,0x00000006,0x00000742,0x00000741,0x000500c2,0x00000006,0x00000743,0x00000742,
	0x0000014f,0x00050041,0x000004ad,0x00000744,0x000004ac,0x000003e5,0x0004003d,0x00000006,
	0x00000745,0x00000744,0x000500c7,0x00000006,0x00000746,0x00000745,0x0000052e,0x000300f7,
	0x0000074d,0x00000000,0x000900fb,0x00000746,0x00000748,0x00000004,0x0000074a,0x00000005,
	0x0000074b,0x00000006,0x0000074c,0x000200f8,0x0000074c,0x000200f9,0x0000074d,0x000200f8,
	0x0000074b,0x000200f9,0x0000074d,0x000200f8,0x0000074a,0x000200f9,0x0000074d,0x000200f8,
	0x00000748,0x000200f9,0x0000074d,0x000200f8,0x0000074d,0x000b00f5,0x00000006,0x00001772,
	0x00000746,0x00000748,0x0000009a,0x0000074a,0x000001b1,0x0000074b,0x0000009a,0x0000074c,
	0x000b00f5,0x00000006,0x00001714,0x00000098,0x00000748,0x000001b1,0x0000074a,0x000001b1,
	0x0000074b,0x000002ef,0x0000074c,0x000500aa,0x00000027,0x0000074f,0x00000714,0x000002ef,
	0x000300f7,0x00000759,0x00000000,0x000400fa,0x0000074f,0x00000750,0x00000759,0x000200f8,
	0x00000750,0x0004003d,0x00000007,0x00000751,0x0000069b,0x00050041,0x000004ad,0x000008a6,
	0x000004ac,0x000003c0,0x0004003d,0x00000006,0x000008a7,0x000008a6,0x000500c2,0x00000006,
	0x000008a8,0x000008a7,0x00000160,0x000500c7,0x00000006,0x000008a9,0x000008a8,0x00000098,
	0x000500ab,0x00000027,0x000008aa,0x000008a9,0x0000009a,0x000600a9,0x00000006,0x000008ab,
	0x000008aa,0x00000098,0x0000009a,0x00050041,0x000004ad,0x000008ac,0x000004ac,0x000003c0,
	0x0004003d,0x00000006,0x000008ad,0x000008ac,0x000500c2,0x00000006,0x000008ae,0x000008ad,
	0x000004f0,0x000500c7,0x00000006,0x000008af,0x000008ae,0x00000098,0x000500ab,0x00000027,
	0x000008b0,0x000008af,0x0000009a,0x000600a9,0x00000006,0x000008b1,0x000008b0,0x000001b1,
	0x0000009a,0x000500c5,0x00000006,0x000008b2,0x000008ab,0x000008b1,0x00050041,0x000004ad,
	0x000008b3,0x000004ac,0x000003d3,0x0004003d,0x00000006,0x000008b4,0x000008b3,0x0003003e,
	0x0000089f,0x00000751,0x00050041,0x000004ad,0x000008b8,0x000004ac,0x000003eb,0x0004003d,
	0x00000006,0x000008b9,0x000008b8,0x000500c2,0x00000006,0x000009b4,0x000008b4,0x000000b4,
	0x000500c7,0x00000006,0x000009b5,0x000009b4,0x000000b6,0x000500ae,0x00000027,0x000008ef,
	0x000009b5,0x000001b1,0x000600a9,0x00000006,0x000008f0,0x000008ef,0x00000098,0x0000009a,
	0x000500ae,0x00000027,0x000008f2,0x000009b5,0x00000098,0x000600a9,0x00000006,0x000008f3,
	0x000008f2,0x00000098,0x0000009a,0x00050041,0x00000009,0x000008f4,0x0000089f,0x0000009a,
	0x0004003d,0x00000006,0x000008f5,0x000008f4,0x000500c4,0x00000006,0x000008f7,0x000008f5,
	0x000008f0,0x000500ae,0x00000027,0x000008f9,0x000009b5,0x000001b1,0x000500c7,0x00000006,
	0x000008fb,0x00001772,0x00000098,0x000600a9,0x00000006,0x000008fc,0x000008f9,0x000008fb,
	0x0000009a,0x00050080,0x00000006,0x000008fd,0x000008f7,0x000008fc,0x00050041,0x00000009,
	0x000008fe,0x0000089f,0x00000098,0x0004003d,0x00000006,0x000008ff,0x000008fe,0x000500c4,
	0x00000006,0x00000901,0x000008ff,0x000008f3,0x000500ae,0x00000027,0x00000903,0x000009b5,
	0x000001b1,0x000500c2,0x00000006,0x00000905,0x00001772,0x00000098,0x000500aa,0x00000027,
	0x00000907,0x000009b5,0x00000098,0x000600a9,0x00000006,0x00000909,0x00000907,0x00001772,
	0x0000009a,0x000600a9,0x00000006,0x0000090a,0x00000903,0x00000905,0x00000909,0x00050080,
	0x00000006,0x0000090b,0x00000901,0x0000090a,0x000500c2,0x00000006,0x000009b9,0x000008b4,
	0x000000bb,0x000500c7,0x00000006,0x000009ba,0x000009b9,0x00000098,0x000500ab,0x00000027,
	0x0000090e,0x000009ba,0x0000009a,0x00050084,0x00000006,0x00000910,0x000008fd,0x000001b1,
	0x000600a9,0x00000006,0x00000914,0x0000090e,0x00000910,0x000008fd,0x00050086,0x00000006,
	0x00000916,0x00000914,0x000002e8,0x00050089,0x00000006,0x00000918,0x00000914,0x000002e8,
	0x000500c2,0x00000006,0x0000091a,0x0000090b,0x000002ef,0x000500c7,0x00000006,0x0000091c,
	0x0000090b,0x000000c9,0x000500c7,0x00000006,0x000009be,0x000008b4,0x000000a8,0x000500c2,
	0x00000006,0x000009c2,0x000008b4,0x000000ad,0x000500c7,0x00000006,0x000009c3,0x000009c2,
	0x000000af,0x000500c2,0x00000006,0x000009c7,0x000008b4,0x000000bb,0x000500c7,0x00000006,
	0x000009c8,0x000009c7,0x00000098,0x000500c4,0x00000006,0x00000924,0x000009c3,0x000009c8,
	0x00050084,0x00000006,0x00000925,0x0000091a,0x00000924,0x00050080,0x00000006,0x00000926,
	0x000009be,0x00000925,0x00050080,0x00000006,0x00000928,0x00000926,0x00000916,0x000500c7,
	0x00000006,0x00000929,0x00000928,0x000000a8,0x000500c7,0x00000006,0x000009cc,0x000008b9,
	0x000000a8,0x00050082,0x00000006,0x0000092d,0x00000929,0x000009cc,0x000500c7,0x00000006,
	0x0000092e,0x0000092d,0x000000a8,0x000500c2,0x00000006,0x000009d0,0x000008b9,0x000000ad,
	0x000500c7,0x00000006,0x000009d1,0x000009d0,0x000000af,0x000500c2,0x00000006,0x000009d5,
	0x000008b9,0x000000bb,0x000500c7,0x00000006,0x000009d6,0x000009d5,0x00000098,0x000500c4,
	0x00000006,0x00000933,0x000009d1,0x000009d6,0x00050089,0x00000006,0x00000936,0x0000092e,
	0x00000933,0x00050086,0x00000006,0x00000939,0x0000092e,0x00000933,0x000500c2,0x00000006,
	0x000009da,0x000008b9,0x000000c1,0x000500c7,0x00000006,0x000009db,0x000009da,0x00000098,
	0x000500c2,0x00000006,0x000009df,0x000008b4,0x000000c1,0x000500c7,0x00000006,0x000009e0,
	0x000009df,0x00000098,0x000500ab,0x00000027,0x0000093e,0x000009db,0x000009e0,0x000300f7,
	0x00000943,0x00000000,0x000400fa,0x0000093e,0x0000093f,0x00000943,0x000200f8,0x0000093f,
	0x00050080,0x00000006,0x00000941,0x00000918,0x00000326,0x00050089,0x00000006,0x00000942,
	0x00000941,0x000002e8,0x000200f9,0x00000943,0x000200f8,0x00000943,0x000700f5,0x00000006,
	0x000017cb,0x00000918,0x00000750,0x00000942,0x0000093f,0x000500c2,0x00000006,0x000009e4,
	0x000008b9,0x000000b4,0x000500c7,0x00000006,0x000009e5,0x000009e4,0x000000b6,0x00050084,
	0x00000006,0x00000947,0x00000936,0x000002e8,0x00050080,0x00000006,0x00000949,0x00000947,
	0x000017cb,0x000500c2,0x00000006,0x000009e9,0x000008b9,0x000000bb,0x000500c7,0x00000006,
	0x000009ea,0x000009e9,0x00000098,0x000500ab,0x00000027,0x0000094c,0x000009ea,0x0000009a,
	0x000300f7,0x00000952,0x00000000,0x000400fa,0x0000094c,0x0000094d,0x00000952,0x000200f8,
	0x0000094d,0x000500c2,0x00000006,0x00000951,0x00000949,0x00000098,0x000200f9,0x00000952,
	0x000200f8,0x00000952,0x000700f5,0x00000006,0x000017cc,0x00000949,0x00000943,0x00000951,
	0x0000094d,0x00050084,0x00000006,0x00000954,0x00000939,0x0000014f,0x00050080,0x00000006,
	0x00000956,0x00000954,0x0000091c,0x000500ae,0x00000027,0x00000958,0x000009e5,0x000001b1,
	0x000600a9,0x00000006,0x00000959,0x00000958,0x00000098,0x0000009a,0x000500ae,0x00000027,
	0x0000095b,0x000009e5,0x00000098,0x000600a9,0x00000006,0x0000095c,0x0000095b,0x00000098,
	0x0000009a,0x000500c2,0x00000006,0x0000095f,0x000017cc,0x00000959,0x0004007c,0x00000061,
	0x00000960,0x0000095f,0x000500c2,0x00000006,0x00000963,0x00000956,0x0000095c,0x00050080,
	0x00000006,0x00000965,0x00000963,0x00000743,0x0004007c,0x00000061,0x00000966,0x00000965,
	0x00050050,0x0000034a,0x00000967,0x00000960,0x00000966,0x0004007c,0x00000061,0x00000969,
	0x00000703,0x00050050,0x0000034a,0x0000096a,0x00000969,0x00000969,0x00050084,0x0000034a,
	0x0000096b,0x00000967,0x0000096a,0x0004007c,0x0000034a,0x0000096d,0x00001711,0x00050080,
	0x0000034a,0x0000096e,0x0000096b,0x0000096d,0x000200f9,0x00000a0c,0x000200f8,0x00000a0c,
	0x0004003d,0x00000374,0x0000097d,0x00000376,0x00050051,0x00000061,0x0000097f,0x0000096e,
	0x00000000,0x00050051,0x00000061,0x00000980,0x0000096e,0x00000001,0x00060050,0x0000037a,
	0x00000981,0x0000097f,0x00000980,0x00000379,0x0007004f,0x0000034a,0x00000982,0x00000981,
	0x00000981,0x00000000,0x00000001,0x0007005f,0x00000041,0x00000988,0x0000097d,0x00000982,
	0x00000002,0x00000379,0x00050051,0x00000025,0x00000989,0x00000988,0x00000000,0x0004003d,
	0x00000387,0x0000098a,0x00000389,0x00050051,0x00000061,0x0000098c,0x0000096e,0x00000000,
	0x00050051,0x00000061,0x0000098d,0x0000096e,0x00000001,0x00060050,0x0000037a,0x0000098e,
	0x0000098c,0x0000098d,0x00000379,0x0007004f,0x0000034a,0x0000098f,0x0000098e,0x0000098e,
	0x00000000,0x00000001,0x0007005f,0x00000395,0x00000995,0x0000098a,0x0000098f,0x00000002,
	0x00000379,0x00050051,0x00000006,0x00000996,0x00000995,0x00000000,0x000500c2,0x00000006,
	0x00000a11,0x000008b9,0x000000c7,0x000500c7,0x00000006,0x00000a12,0x00000a11,0x000000c9,
	0x000500aa,0x00000027,0x0000099c,0x00000a12,0x00000098,0x000300f7,0x000009ab,0x00000000,
	0x000400fa,0x0000099c,0x0000099d,0x000009a4,0x000200f8,0x000009a4,0x0008000c,0x00000025,
	0x000009a6,0x00000001,0x0000002b,0x00000989,0x00000102,0x00000192,0x00050085,0x00000025,
	0x000009a7,0x000009a6,0x000003ae,0x00050081,0x00000025,0x000009a8,0x000009a7,0x00000196,
	0x0004006d,0x00000006,0x000009a9,0x000009a8,0x0007000c,0x00000006,0x000009aa,0x00000001,
	0x00000026,0x000009a9,0x000000f9,0x000200f9,0x000009ab,0x000200f8,0x0000099d,0x00050085,
	0x00000025,0x0000099f,0x00000989,0x000003a3,0x000500c7,0x00000006,0x000009a1,0x000008b2,
	0x00000098,0x000500ab,0x00000027,0x000009a2,0x000009a1,0x0000009a,0x0004007c,0x00000006,
	0x00000a19,0x0000099f,0x000500b0,0x00000027,0x00000a1b,0x00000a19,0x000000d7,0x000300f7,
	0x00000a29,0x00000000,0x000400fa,0x00000a1b,0x00000a1c,0x00000a26,0x000200f8,0x00000a26,
	0x00050080,0x00000006,0x00000a28,0x00000a19,0x000000ea,0x000200f9,0x00000a29,0x000200f8,
	0x00000a1c,0x000500c2,0x00000006,0x00000a1e,0x00000a19,0x000000c7,0x00050082,0x00000006,
	0x00000a1f,0x000000dc,0x00000a1e,0x0007000c,0x00000006,0x00000a20,0x00000001,0x00000026,
	0x00000a1f,0x000000e0,0x000500c7,0x00000006,0x00000a22,0x00000a19,0x000000e4,0x000500c5,
	0x00000006,0x00000a23,0x000000e2,0x00000a22,0x000500c2,0x00000006,0x00000a25,0x00000a23,
	0x00000a20,0x000200f9,0x00000a29,0x000200f8,0x00000a29,0x000700f5,0x00000006,0x000017d3,
	0x00000a25,0x00000a1c,0x00000a28,0x00000a26,0x000300f7,0x00000a32,0x00000000,0x000400fa,
	0x000009a2,0x00000a2b,0x00000a32,0x000200f8,0x00000a2b,0x000500c2,0x00000006,0x00000a2d,
	0x000017d3,0x000000b6,0x000500c7,0x00000006,0x00000a2e,0x00000a2d,0x00000098,0x00050080,
	0x00000006,0x00000a2f,0x000000b6,0x00000a2e,0x00050080,0x00000006,0x00000a31,0x000017d3,
	0x00000a2f,0x000200f9,0x00000a32,0x000200f8,0x00000a32,0x000700f5,0x00000006,0x000017d4,
	0x000017d3,0x00000a29,0x00000a31,0x00000a2b,0x000500c2,0x00000006,0x00000a34,0x000017d4,
	0x000000b6,0x000500c7,0x00000006,0x00000a35,0x00000a34,0x000000f9,0x0004007c,0x00000006,
	0x00000a37,0x0000099f,0x000500ae,0x00000027,0x00000a38,0x00000a37,0x000000fd,0x000600a9,
	0x00000006,0x00000a3a,0x00000a38,0x000000f9,0x00000a35,0x000500ba,0x00000027,0x00000a3c,
	0x0000099f,0x00000102,0x000600a9,0x00000006,0x00000a3e,0x00000a3c,0x00000a3a,0x0000009a,
	0x000200f9,0x000009ab,0x000200f8,0x000009ab,0x000700f5,0x00000006,0x000017d5,0x00000a3e,
	0x00000a32,0x000009aa,0x000009a4,0x000500c4,0x00000006,0x000009ad,0x000017d5,0x000001ad,
	0x000500c7,0x00000006,0x000009af,0x00000996,0x000000af,0x000500c5,0x00000006,0x000009b0,
	0x000009ad,0x000009af,0x000500aa,0x00000027,0x00000a42,0x00000718,0x00000098,0x000300f7,
	0x00000a66,0x00000000,0x000400fa,0x00000a42,0x00000a43,0x00000a4b,0x000200f8,0x00000a4b,
	0x000500aa,0x00000027,0x00000a4d,0x00000718,0x000001b1,0x000300f7,0x00000a65,0x00000000,
	0x000400fa,0x00000a4d,0x00000a4e,0x00000a5b,0x000200f8,0x00000a5b,0x000500aa,0x00000027,
	0x00000a5d,0x00000718,0x000000b6,0x000300f7,0x00000a64,0x00000000,0x000400fa,0x00000a5d,
	0x00000a5e,0x00000a64,0x000200f8,0x00000a5e,0x000500c4,0x00000006,0x00000a60,0x000009b0,
	0x0000014f,0x000500c2,0x00000006,0x00000a62,0x000009b0,0x0000014f,0x000500c5,0x00000006,
	0x00000a63,0x00000a60,0x00000a62,0x000200f9,0x00000a64,0x000200f8,0x00000a64,0x000700f5,
	0x00000006,0x000017d8,0x000009b0,0x00000a5b,0x00000a63,0x00000a5e,0x000200f9,0x00000a65,
	0x000200f8,0x00000a4e,0x000500c7,0x00000006,0x00000a50,0x000009b0,0x00000443,0x000500c4,
	0x00000006,0x00000a51,0x00000a50,0x000001ad,0x000500c7,0x00000006,0x00000a53,0x000009b0,
	0x00000447,0x000500c2,0x00000006,0x00000a54,0x00000a53,0x000001ad,0x000500c5,0x00000006,
	0x00000a55,0x00000a51,0x00000a54,0x000500c4,0x00000006,0x00000a57,0x00000a55,0x0000014f,
	0x000500c2,0x00000006,0x00000a59,0x00000a55,0x0000014f,0x000500c5,0x00000006,0x00000a5a,
	0x00000a57,0x00000a59,0x000200f9,0x00000a65,0x000200f8,0x00000a65,0x000700f5,0x00000006,
	0x000017d7,0x00000a5a,0x00000a4e,0x000017d8,0x00000a64,0x000200f9,0x00000a66,0x000200f8,
	0x00000a43,0x000500c7,0x00000006,0x00000a45,0x000009b0,0x00000443,0x000500c4,0x00000006,
	0x00000a46,0x00000a45,0x000001ad,0x000500c7,0x00000006,0x00000a48,0x000009b0,0x00000447,
	0x000500c2,0x00000006,0x00000a49,0x00000a48,0x000001ad,0x000500c5,0x00000006,0x00000a4a,
	0x00000a46,0x00000a49,0x000200f9,0x00000a66,0x000200f8,0x00000a66,0x000700f5,0x00000006,
	0x000017d6,0x00000a4a,0x00000a43,0x000017d7,0x00000a65,0x000500c2,0x00000061,0x00000a75,
	0x00001718,0x000003d3,0x00060041,0x00000499,0x00000a78,0x00000496,0x00000379,0x00000a75,
	0x0003003e,0x00000a78,0x000017d6,0x0004003d,0x0000049c,0x00000a79,0x0000049e,0x00040068,
	0x00000007,0x00000a7a,0x00000a79,0x0003003e,0x00000a69,0x00000a7a,0x00050041,0x00000009,
	0x00000a7b,0x00000a69,0x0000009a,0x0004003d,0x00000006,0x00000a7c,0x00000a7b,0x00050041,
	0x00000009,0x00000a7d,0x00000a6a,0x0000009a,0x0003003e,0x00000a7d,0x00000a7c,0x00050041,
	0x00000009,0x00000a7e,0x00000a69,0x00000098,0x0004003d,0x00000006,0x00000a7f,0x00000a7e,
	0x00050041,0x00000009,0x00000a80,0x00000a6a,0x00000098,0x0003003e,0x00000a80,0x00000a7f,
	0x00050041,0x000004ad,0x00000a82,0x000004ac,0x000003f7,0x0004003d,0x00000006,0x00000a83,
	0x00000a82,0x00050050,0x00000007,0x00000a84,0x0000009a,0x00000a83,0x00050080,0x00000007,
	0x00000a85,0x000006f7,0x00000a84,0x0004003d,0x00000007,0x00000a87,0x00000a6a,0x000500b0,
	0x000004b4,0x00000a88,0x00000a85,0x00000a87,0x0004009b,0x00000027,0x00000a89,0x00000a88,
	0x000300f7,0x00000a92,0x00000000,0x000400fa,0x00000a89,0x00000a8a,0x00000a92,0x000200f8,
	0x00000a8a,0x00050041,0x000004ad,0x00000a8c,0x000004ac,0x000004ba,0x0004003d,0x00000006,
	0x00000a8d,0x00000a8c,0x000500c7,0x00000006,0x00000ab8,0x00000a8d,0x00000160,0x000500aa,
	0x00000027,0x00000ad8,0x00000ab8,0x00000098,0x000300f7,0x00000afc,0x00000000,0x000400fa,
	0x00000ad8,0x00000ad9,0x00000ae1,0x000200f8,0x00000ae1,0x000500aa,0x00000027,0x00000ae3,
	0x00000ab8,0x000001b1,0x000300f7,0x00000afb,0x00000000,0x000400fa,0x00000ae3,0x00000ae4,
	0x00000af1,0x000200f8,0x00000af1,0x000500aa,0x00000027,0x00000af3,0x00000ab8,0x000000b6,
	0x000300f7,0x00000afa,0x00000000,0x000400fa,0x00000af3,0x00000af4,0x00000afa,0x000200f8,
	0x00000af4,0x000500c4,0x00000006,0x00000af6,0x000017d6,0x0000014f,0x000500c2,0x00000006,
	0x00000af8,0x000017d6,0x0000014f,0x000500c5,0x00000006,0x00000af9,0x00000af6,0x00000af8,
	0x000200f9,0x00000afa,0x000200f8,0x00000afa,0x000700f5,0x00000006,0x000017e3,0x000017d6,
	0x00000af1,0x00000af9,0x00000af4,0x000200f9,0x00000afb,0x000200f8,0x00000ae4,0x000500c7,
	0x00000006,0x00000ae6,0x000017d6,0x00000443,0x000500c4,0x00000006,0x00000ae7,0x00000ae6,
	0x000001ad,0x000500c7,0x00000006,0x00000ae9,0x000017d6,0x00000447,0x000500c2,0x00000006,
	0x00000aea,0x00000ae9,0x000001ad,0x000500c5,0x00000006,0x00000aeb,0x00000ae7,0x00000aea,
	0x000500c4,0x00000006,0x00000aed,0x00000aeb,0x0000014f,0x000500c2,0x00000006,0x00000aef,
	0x00000aeb,0x0000014f,0x000500c5,0x00000006,0x00000af0,0x00000aed,0x00000aef,0x000200f9,
	0x00000afb,0x000200f8,0x00000afb,0x000700f5,0x00000006,0x000017e2,0x00000af0,0x00000ae4,
	0x000017e3,0x00000afa,0x000200f9,0x00000afc,0x000200f8,0x00000ad9,0x000500c7,0x00000006,
	0x00000adb,0x000017d6,0x00000443,0x000500c4,0x00000006,0x00000adc,0x00000adb,0x000001ad,
	0x000500c7,0x00000006,0x00000ade,0x000017d6,0x00000447,0x000500c2,0x00000006,0x00000adf,
	0x00000ade,0x000001ad,0x000500c5,0x00000006,0x00000ae0,0x00000adc,0x00000adf,0x000200f9,
	0x00000afc,0x000200f8,0x00000afc,0x000700f5,0x00000006,0x000017e1,0x00000ae0,0x00000ad9,
	0x000017e2,0x00000afb,0x000500c2,0x00000006,0x00000abc,0x00000a8d,0x000000b6,0x000500c7,
	0x00000006,0x00000abd,0x00000abc,0x000000b6,0x000500aa,0x00000027,0x00000abf,0x00000abd,
	0x00000098,0x000300f7,0x00000ad3,0x00000000,0x000400fa,0x00000abf,0x00000ac0,0x00000aca,
	0x000200f8,0x00000aca,0x000500aa,0x00000027,0x00000acc,0x00000abd,0x000001b1,0x000300f7,
	0x00000ad2,0x00000000,0x000400fa,0x00000acc,0x00000acd,0x00000ad2,0x000200f8,0x00000acd,
	0x000500c2,0x00000006,0x00000acf,0x000017e1,0x000001ad,0x000500c7,0x00000006,0x00000b04,
	0x00000acf,0x000000f9,0x000500c7,0x00000006,0x00000b06,0x00000acf,0x0000010c,0x000500c2,
	0x00000006,0x00000b08,0x00000b04,0x00000110,0x000500aa,0x00000027,0x00000b0a,0x00000b08,
	0x0000009a,0x000500ab,0x00000027,0x00000b0c,0x00000b06,0x0000009a,0x000500a7,0x00000027,
	0x00000b0d,0x00000b0a,0x00000b0c,0x000300f7,0x00000b1b,0x00000000,0x000400fa,0x00000b0d,
	0x00000b0e,0x00000b1b,0x000200f8,0x00000b0e,0x0006000c,0x00000006,0x00000b10,0x00000001,
	0x0000004b,0x00000b06,0x00050082,0x00000006,0x00000b12,0x00000110,0x00000b10,0x0004007c,
	0x00000061,0x00000b14,0x00000b12,0x00050082,0x00000061,0x00000b15,0x0000011f,0x00000b14,
	0x0004007c,0x00000006,0x00000b16,0x00000b15,0x000500c4,0x00000006,0x00000b19,0x00000b06,
	0x00000b12,0x000500c7,0x00000006,0x00000b1a,0x00000b19,0x0000010c,0x000200f9,0x00000b1b,
	0x000200f8,0x00000b1b,0x000700f5,0x00000006,0x000017e5,0x00000b06,0x00000acd,0x00000b1a,
	0x00000b0e,0x000700f5,0x00000006,0x000017e4,0x00000b08,0x00000acd,0x00000b16,0x00000b0e,
	0x000500ab,0x00000027,0x00000b1d,0x00000b04,0x0000009a,0x00050080,0x00000006,0x00000b1f,
	0x000017e4,0x0000012b,0x000500c4,0x00000006,0x00000b20,0x00000b1f,0x000000c7,0x000500c4,
	0x00000006,0x00000b22,0x000017e5,0x000000b6,0x000500c5,0x00000006,0x00000b23,0x00000b20,
	0x00000b22,0x0004007c,0x00000025,0x00000b24,0x00000b23,0x000600a9,0x00000025,0x00000b25,
	0x00000b1d,0x00000b24,0x00000102,0x0004007c,0x00000006,0x00000ad1,0x00000b25,0x000200f9,
	0x00000ad2,0x000200f8,0x00000ad2,0x000700f5,0x00000006,0x000017e7,0x000017e1,0x00000aca,
	0x00000ad1,0x00000b1b,0x000200f9,0x00000ad3,0x000200f8,0x00000ac0,0x000500c2,0x00000006,
	0x00000ac2,0x000017e1,0x000001ad,0x000500c2,0x00000006,0x00000ac5,0x00000ac2,0x000000c7,
	0x00050080,0x00000006,0x00000ac6,0x00000ac2,0x00000ac5,0x00040070,0x00000025,0x00000ac7,
	0x00000ac6,0x00050085,0x00000025,0x00000ac8,0x00000ac7,0x00000480,0x0004007c,0x00000006,
	0x00000ac9,0x00000ac8,0x000200f9,0x00000ad3,0x000200f8,0x00000ad3,0x000700f5,0x00000006,
	0x000017e6,0x00000ac9,0x00000ac0,0x000017e7,0x00000ad2,0x0004003d,0x0000049c,0x00000a8f,
	0x0000049e,0x00040063,0x00000a8f,0x00000a85,0x000017e6,0x000200f9,0x00000a92,0x000200f8,
	0x00000a92,0x00050041,0x000004ad,0x00000a93,0x000004ac,0x000004c4,0x0004003d,0x00000006,
	0x00000a94,0x00000a93,0x000500c2,0x00000006,0x00000a95,0x00000a94,0x000004c7,0x000500c7,
	0x00000006,0x00000a96,0x00000a95,0x00000098,0x000500ab,0x00000027,0x00000a97,0x00000a96,
	0x0000009a,0x000300f7,0x00000aae,0x00000000,0x000400fa,0x00000a97,0x00000a98,0x00000aae,
	0x000200f8,0x00000a98,0x0004003d,0x0000049c,0x00000a99,0x000004ce,0x00040068,0x00000007,
	0x00000a9a,0x00000a99,0x0003003e,0x00000a6f,0x00000a9a,0x00050041,0x00000009,0x00000a9b,
	0x00000a6f,0x0000009a,0x0004003d,0x00000006,0x00000a9c,0x00000a9b,0x00050041,0x00000009,
	0x00000a9d,0x00000a6a,0x0000009a,0x0003003e,0x00000a9d,0x00000a9c,0x00050041,0x00000009,
	0x00000a9e,0x00000a6f,0x00000098,0x0004003d,0x00000006,0x00000a9f,0x00000a9e,0x00050041,
	0x00000009,0x00000aa0,0x00000a6a,0x00000098,0x0003003e,0x00000aa0,0x00000a9f,0x0004003d,
	0x00000007,0x00000aa2,0x00000a6a,0x000500b0,0x000004b4,0x00000aa3,0x00000a85,0x00000aa2,
	0x0004009b,0x00000027,0x00000aa4,0x00000aa3,0x000300f7,0x00000aad,0x00000000,0x000400fa,
	0x00000aa4,0x00000aa5,0x00000aad,0x000200f8,0x00000aa5,0x00050041,0x000004ad,0x00000aa7,
	0x000004ac,0x000004c4,0x0004003d,0x00000006,0x00000aa8,0x00000aa7,0x000500c7,0x00000006,
	0x00000b2f,0x00000aa8,0x00000160,0x000500aa,0x00000027,0x00000b4f,0x00000b2f,0x00000098,
	0x000300f7,0x00000b73,0x00000000,0x000400fa,0x00000b4f,0x00000b50,0x00000b58,0x000200f8,
	0x00000b58,0x000500aa,0x00000027,0x00000b5a,0x00000b2f,0x000001b1,0x000300f7,0x00000b72,
	0x00000000,0x000400fa,0x00000b5a,0x00000b5b,0x00000b68,0x000200f8,0x00000b68,0x000500aa,
	0x00000027,0x00000b6a,0x00000b2f,0x000000b6,0x000300f7,0x00000b71,0x00000000,0x000400fa,
	0x00000b6a,0x00000b6b,0x00000b71,0x000200f8,0x00000b6b,0x000500c4,0x00000006,0x00000b6d,
	0x000017d6,0x0000014f,0x000500c2,0x00000006,0x00000b6f,0x000017d6,0x0000014f,0x000500c5,
	0x00000006,0x00000b70,0x00000b6d,0x00000b6f,0x000200f9,0x00000b71,0x000200f8,0x00000b71,
	0x000700f5,0x00000006,0x000017ea,0x000017d6,0x00000b68,0x00000b70,0x00000b6b,0x000200f9,
	0x00000b72,0x000200f8,0x00000b5b,0x000500c7,0x00000006,0x00000b5d,0x000017d6,0x00000443,
	0x000500c4,0x00000006,0x00000b5e,0x00000b5d,0x000001ad,0x000500c7,0x00000006,0x00000b60,
	0x000017d6,0x00000447,0x000500c2,0x00000006,0x00000b61,0x00000b60,0x000001ad,0x000500c5,
	0x00000006,0x00000b62,0x00000b5e,0x00000b61,0x000500c4,0x00000006,0x00000b64,0x00000b62,
	0x0000014f,0x000500c2,0x00000006,0x00000b66,0x00000b62,0x0000014f,0x000500c5,0x00000006,
	0x00000b67,0x00000b64,0x00000b66,0x000200f9,0x00000b72,0x000200f8,0x00000b72,0x000700f5,
	0x00000006,0x000017e9,0x00000b67,0x00000b5b,0x000017ea,0x00000b71,0x000200f9,0x00000b73,
	0x000200f8,0x00000b50,0x000500c7,0x00000006,0x00000b52,0x000017d6,0x00000443,0x000500c4,
	0x00000006,0x00000b53,0x00000b52,0x000001ad,0x000500c7,0x00000006,0x00000b55,0x000017d6,
	0x00000447,0x000500c2,0x00000006,0x00000b56,0x00000b55,0x000001ad,0x000500c5,0x00000006,
	0x00000b57,0x00000b53,0x00000b56,0x000200f9,0x00000b73,0x000200f8,0x00000b73,0x000700f5,
	0x00000006,0x000017e8,0x00000b57,0x00000b50,0x000017e9,0x00000b72,0x000500c2,0x00000006,
	0x00000b33,0x00000aa8,0x000000b6,0x000500c7,0x00000006,0x00000b34,0x00000b33,0x000000b6,
	0x000500aa,0x00000027,0x00000b36,0x00000b34,0x00000098,0x000300f7,0x00000b4a,0x00000000,
	0x000400fa,0x00000b36,0x00000b37,0x00000b41,0x000200f8,0x00000b41,0x000500aa,0x00000027,
	0x00000b43,0x00000b34,0x000001b1,0x000300f7,0x00000b49,0x00000000,0x000400fa,0x00000b43,
	0x00000b44,0x00000b49,0x000200f8,0x00000b44,0x000500c2,0x00000006,0x00000b46,0x000017e8,
	0x000001ad,0x000500c7,0x00000006,0x00000b7b,0x00000b46,0x000000f9,0x000500c7,0x00000006,
	0x00000b7d,0x00000b46,0x0000010c,0x000500c2,0x00000006,0x00000b7f,0x00000b7b,0x00000110,
	0x000500aa,0x00000027,0x00000b81,0x00000b7f,0x0000009a,0x000500ab,0x00000027,0x00000b83,
	0x00000b7d,0x0000009a,0x000500a7,0x00000027,0x00000b84,0x00000b81,0x00000b83,0x000300f7,
	0x00000b92,0x00000000,0x000400fa,0x00000b84,0x00000b85,0x00000b92,0x000200f8,0x00000b85,
	0x0006000c,0x00000006,0x00000b87,0x00000001,0x0000004b,0x00000b7d,0x00050082,0x00000006,
	0x00000b89,0x00000110,0x00000b87,0x0004007c,0x00000061,0x00000b8b,0x00000b89,0x00050082,
	0x00000061,0x00000b8c,0x0000011f,0x00000b8b,0x0004007c,0x00000006,0x00000b8d,0x00000b8c,
	0x000500c4,0x00000006,0x00000b90,0x00000b7d,0x00000b89,0x000500c7,0x00000006,0x00000b91,
	0x00000b90,0x0000010c,0x000200f9,0x00000b92,0x000200f8,0x00000b92,0x000700f5,0x00000006,
	0x000017ec,0x00000b7d,0x00000b44,0x00000b91,0x00000b85,0x000700f5,0x00000006,0x000017eb,
	0x00000b7f,0x00000b44,0x00000b8d,0x00000b85,0x000500ab,0x00000027,0x00000b94,0x00000b7b,
	0x0000009a,0x00050080,0x00000006,0x00000b96,0x000017eb,0x0000012b,0x000500c4,0x00000006,
	0x00000b97,0x00000b96,0x000000c7,0x000500c4,0x00000006,0x00000b99,0x000017ec,0x000000b6,
	0x000500c5,0x00000006,0x00000b9a,0x00000b97,0x00000b99,0x0004007c,0x00000025,0x00000b9b,
	0x00000b9a,0x000600a9,0x00000025,0x00000b9c,0x00000b94,0x00000b9b,0x00000102,0x0004007c,
	0x00000006,0x00000b48,0x00000b9c,0x000200f9,0x00000b49,0x000200f8,0x00000b49,0x000700f5,
	0x00000006,0x000017ee,0x000017e8,0x00000b41,0x00000b48,0x00000b92,0x000200f9,0x00000b4a,
	0x000200f8,0x00000b37,0x000500c2,0x00000006,0x00000b39,0x000017e8,0x000001ad,0x000500c2,
	0x00000006,0x00000b3c,0x00000b39,0x000000c7,0x00050080,0x00000006,0x00000b3d,0x00000b39,
	0x00000b3c,0x00040070,0x00000025,0x00000b3e,0x00000b3d,0x00050085,0x00000025,0x00000b3f,
	0x00000b3e,0x00000480,0x0004007c,0x00000006,0x00000b40,0x00000b3f,0x000200f9,0x00000b4a,
	0x000200f8,0x00000b4a,0x000700f5,0x00000006,0x000017ed,0x00000b40,0x00000b37,0x000017ee,
	0x00000b49,0x0004003d,0x0000049c,0x00000aaa,0x000004ce,0x00040063,0x00000aaa,0x00000a85,
	0x000017ed,0x000200f9,0x00000aad,0x000200f8,0x00000aad,0x000200f9,0x00000aae,0x000200f8,
	0x00000aae,0x000200f9,0x000007de,0x000200f8,0x00000759,0x0003003e,0x000006b9,0x0000025a,
	0x00050041,0x000004ad,0x0000075a,0x000004ac,0x000003d3,0x0004003d,0x00000006,0x0000075b,
	0x0000075a,0x000500c2,0x00000006,0x00000ba0,0x0000075b,0x000000c7,0x000500c7,0x00000006,
	0x00000ba1,0x00000ba0,0x000000c9,0x000200f9,0x0000075d,0x000200f8,0x0000075d,0x000700f5,
	0x00000006,0x00001712,0x0000009a,0x00000759,0x0000076d,0x0000076b,0x000400f6,0x0000076e,
	0x0000076b,0x00000000,0x000200f9,0x0000075e,0x000200f8,0x0000075e,0x000500b0,0x00000027,
	0x00000761,0x00001712,0x00001714,0x000400fa,0x00000761,0x00000762,0x0000076e,0x000200f8,
	0x00000762,0x00050080,0x00000006,0x00000765,0x00001772,0x00001712,0x0004003d,0x00000007,
	0x00000766,0x0000069b,0x00050041,0x000004ad,0x00000bcf,0x000004ac,0x000003c0,0x0004003d,
	0x00000006,0x00000bd0,0x00000bcf,0x000500c2,0x00000006,0x00000bd1,0x00000bd0,0x00000160,
	0x000500c7,0x00000006,0x00000bd2,0x00000bd1,0x00000098,0x000500ab,0x00000027,0x00000bd3,
	0x00000bd2,0x0000009a,0x000600a9,0x00000006,0x00000bd4,0x00000bd3,0x00000098,0x0000009a,
	0x00050041,0x000004ad,0x00000bd5,0x000004ac,0x000003c0,0x0004003d,0x00000006,0x00000bd6,
	0x00000bd5,0x000500c2,0x00000006,0x00000bd7,0x00000bd6,0x000004f0,0x000500c7,0x00000006,
	0x00000bd8,0x00000bd7,0x00000098,0x000500ab,0x00000027,0x00000bd9,0x00000bd8,0x0000009a,
	0x000600a9,0x00000006,0x00000bda,0x00000bd9,0x000001b1,0x0000009a,0x000500c5,0x00000006,
	0x00000bdb,0x00000bd4,0x00000bda,0x00050041,0x000004ad,0x00000bdc,0x000004ac,0x000003d3,
	0x0004003d,0x00000006,0x00000bdd,0x00000bdc,0x0003003e,0x00000bc8,0x00000766,0x00050041,
	0x000004ad,0x00000be1,0x000004ac,0x000003eb,0x0004003d,0x00000006,0x00000be2,0x00000be1,
	0x000500c2,0x00000006,0x00000cdd,0x00000bdd,0x000000b4,0x000500c7,0x00000006,0x00000cde,
	0x00000cdd,0x000000b6,0x000500ae,0x00000027,0x00000c18,0x00000cde,0x000001b1,0x000600a9,
	0x00000006,0x00000c19,0x00000c18,0x00000098,0x0000009a,0x000500ae,0x00000027,0x00000c1b,
	0x00000cde,0x00000098,0x000600a9,0x00000006,0x00000c1c,0x00000c1b,0x00000098,0x0000009a,
	0x00050041,0x00000009,0x00000c1d,0x00000bc8,0x0000009a,0x0004003d,0x00000006,0x00000c1e,
	0x00000c1d,0x000500c4,0x00000006,0x00000c20,0x00000c1e,0x00000c19,0x000500ae,0x00000027,
	0x00000c22,0x00000cde,0x000001b1,0x000500c7,0x00000006,0x00000c24,0x00000765,0x00000098,
	0x000600a9,0x00000006,0x00000c25,0x00000c22,0x00000c24,0x0000009a,0x00050080,0x00000006,
	0x00000c26,0x00000c20,0x00000c25,0x00050041,0x00000009,0x00000c27,0x00000bc8,0x00000098,
	0x0004003d,0x00000006,0x00000c28,0x00000c27,0x000500c4,0x00000006,0x00000c2a,0x00000c28,
	0x00000c1c,0x000500ae,0x00000027,0x00000c2c,0x00000cde,0x000001b1,0x000500c2,0x00000006,
	0x00000c2e,0x00000765,0x00000098,0x000500aa,0x00000027,0x00000c30,0x00000cde,0x00000098,
	0x000600a9,0x00000006,0x00000c32,0x00000c30,0x00000765,0x0000009a,0x000600a9,0x00000006,
	0x00000c33,0x00000c2c,0x00000c2e,0x00000c32,0x00050080,0x00000006,0x00000c34,0x00000c2a,
	0x00000c33,0x000500c2,0x00000006,0x00000ce2,0x00000bdd,0x000000bb,0x000500c7,0x00000006,
	0x00000ce3,0x00000ce2,0x00000098,0x000500ab,0x00000027,0x00000c37,0x00000ce3,0x0000009a,
	0x00050084,0x00000006,0x00000c39,0x00000c26,0x000001b1,0x000600a9,0x00000006,0x00000c3d,
	0x00000c37,0x00000c39,0x00000c26,0x00050086,0x00000006,0x00000c3f,0x00000c3d,0x000002e8,
	0x00050089,0x00000006,0x00000c41,0x00000c3d,0x000002e8,0x000500c2,0x00000006,0x00000c43,
	0x00000c34,0x000002ef,0x000500c7,0x00000006,0x00000c45,0x00000c34,0x000000c9,0x000500c7,
	0x00000006,0x00000ce7,0x00000bdd,0x000000a8,0x000500c2,0x00000006,0x00000ceb,0x00000bdd,
	0x000000ad,0x000500c7,0x00000006,0x00000cec,0x00000ceb,0x000000af,0x000500c2,0x00000006,
	0x00000cf0,0x00000bdd,0x000000bb,0x000500c7,0x00000006,0x00000cf1,0x00000cf0,0x00000098,
	0x000500c4,0x00000006,0x00000c4d,0x00000cec,0x00000cf1,0x00050084,0x00000006,0x00000c4e,
	0x00000c43,0x00000c4d,0x00050080,0x00000006,0x00000c4f,0x00000ce7,0x00000c4e,0x00050080,
	0x00000006,0x00000c51,0x00000c4f,0x00000c3f,0x000500c7,0x00000006,0x00000c52,0x00000c51,
	0x000000a8,0x000500c7,0x00000006,0x00000cf5,0x00000be2,0x000000a8,0x00050082,0x00000006,
	0x00000c56,0x00000c52,0x00000cf5,0x000500c7,0x00000006,0x00000c57,0x00000c56,0x000000a8,
	0x000500c2,0x00000006,0x00000cf9,0x00000be2,0x000000ad,0x000500c7,0x00000006,0x00000cfa,
	0x00000cf9,0x000000af,0x000500c2,0x00000006,0x00000cfe,0x00000be2,0x000000bb,0x000500c7,
	0x00000006,0x00000cff,0x00000cfe,0x00000098,0x000500c4,0x00000006,0x00000c5c,0x00000cfa,
	0x00000cff,0x00050089,0x00000006,0x00000c5f,0x00000c57,0x00000c5c,0x00050086,0x00000006,
	0x00000c62,0x00000c57,0x00000c5c,0x000500c2,0x00000006,0x00000d03,0x00000be2,0x000000c1,
	0x000500c7,0x00000006,0x00000d04,0x00000d03,0x00000098,0x000500c2,0x00000006,0x00000d08,
	0x00000bdd,0x000000c1,0x000500c7,0x00000006,0x00000d09,0x00000d08,0x00000098,0x000500ab,
	0x00000027,0x00000c67,0x00000d04,0x00000d09,0x000300f7,0x00000c6c,0x00000000,0x000400fa,
	0x00000c67,0x00000c68,0x00000c6c,0x000200f8,0x00000c68,0x00050080,0x00000006,0x00000c6a,
	0x00000c41,0x00000326,0x00050089,0x00000006,0x00000c6b,0x00000c6a,0x000002e8,0x000200f9,
	0x00000c6c,0x000200f8,0x00000c6c,0x000700f5,0x00000006,0x00001773,0x00000c41,0x00000762,
	0x00000c6b,0x00000c68,0x000500c2,0x00000006,0x00000d0d,0x00000be2,0x000000b4,0x000500c7,
	0x00000006,0x00000d0e,0x00000d0d,0x000000b6,0x00050084,0x00000006,0x00000c70,0x00000c5f,
	0x000002e8,0x00050080,0x00000006,0x00000c72,0x00000c70,0x00001773,0x000500c2,0x00000006,
	0x00000d12,0x00000be2,0x000000bb,0x000500c7,0x00000006,0x00000d13,0x00000d12,0x00000098,
	0x000500ab,0x00000027,0x00000c75,0x00000d13,0x0000009a,0x000300f7,0x00000c7b,0x00000000,
	0x000400fa,0x00000c75,0x00000c76,0x00000c7b,0x000200f8,0x00000c76,0x000500c2,0x00000006,
	0x00000c7a,0x00000c72,0x00000098,0x000200f9,0x00000c7b,0x000200f8,0x00000c7b,0x000700f5,
	0x00000006,0x00001774,0x00000c72,0x00000c6c,0x00000c7a,0x00000c76,0x00050084,0x00000006,
	0x00000c7d,0x00000c62,0x0000014f,0x00050080,0x00000006,0x00000c7f,0x00000c7d,0x00000c45,
	0x000500ae,0x00000027,0x00000c81,0x00000d0e,0x000001b1,0x000600a9,0x00000006,0x00000c82,
	0x00000c81,0x00000098,0x0000009a,0x000500ae,0x00000027,0x00000c84,0x00000d0e,0x00000098,
	0x000600a9,0x00000006,0x00000c85,0x00000c84,0x00000098,0x0000009a,0x000500c2,0x00000006,
	0x00000c88,0x00001774,0x00000c82,0x0004007c,0x00000061,0x00000c89,0x00000c88,0x000500c2,
	0x00000006,0x00000c8c,0x00000c7f,0x00000c85,0x00050080,0x00000006,0x00000c8e,0x00000c8c,
	0x00000743,0x0004007c,0x00000061,0x00000c8f,0x00000c8e,0x00050050,0x0000034a,0x00000c90,
	0x00000c89,0x00000c8f,0x0004007c,0x00000061,0x00000c92,0x00000703,0x00050050,0x0000034a,
	0x00000c93,0x00000c92,0x00000c92,0x00050084,0x0000034a,0x00000c94,0x00000c90,0x00000c93,
	0x0004007c,0x0000034a,0x00000c96,0x00001711,0x00050080,0x0000034a,0x00000c97,0x00000c94,
	0x00000c96,0x000200f9,0x00000d35,0x000200f8,0x00000d35,0x0004003d,0x00000374,0x00000ca6,
	0x00000376,0x00050051,0x00000061,0x00000ca8,0x00000c97,0x00000000,0x00050051,0x00000061,
	0x00000ca9,0x00000c97,0x00000001,0x00060050,0x0000037a,0x00000caa,0x00000ca8,0x00000ca9,
	0x00000379,0x0007004f,0x0000034a,0x00000cab,0x00000caa,0x00000caa,0x00000000,0x00000001,
	0x0007005f,0x00000041,0x00000cb1,0x00000ca6,0x00000cab,0x00000002,0x00000379,0x00050051,
	0x00000025,0x00000cb2,0x00000cb1,0x00000000,0x0004003d,0x00000387,0x00000cb3,0x00000389,
	0x00050051,0x00000061,0x00000cb5,0x00000c97,0x00000000,0x00050051,0x00000061,0x00000cb6,
	0x00000c97,0x00000001,0x00060050,0x0000037a,0x00000cb7,0x00000cb5,0x00000cb6,0x00000379,
	0x0007004f,0x0000034a,0x00000cb8,0x00000cb7,0x00000cb7,0x00000000,0x00000001,0x0007005f,
	0x00000395,0x00000cbe,0x00000cb3,0x00000cb8,0x00000002,0x00000379,0x00050051,0x00000006,
	0x00000cbf,0x00000cbe,0x00000000,0x000500c2,0x00000006,0x00000d3a,0x00000be2,0x000000c7,
	0x000500c7,0x00000006,0x00000d3b,0x00000d3a,0x000000c9,0x000500aa,0x00000027,0x00000cc5,
	0x00000d3b,0x00000098,0x000300f7,0x00000cd4,0x00000000,0x000400fa,0x00000cc5,0x00000cc6,
	0x00000ccd,0x000200f8,0x00000ccd,0x0008000c,0x00000025,0x00000ccf,0x00000001,0x0000002b,
	0x00000cb2,0x00000102,0x00000192,0x00050085,0x00000025,0x00000cd0,0x00000ccf,0x000003ae,
	0x00050081,0x00000025,0x00000cd1,0x00000cd0,0x00000196,0x0004006d,0x00000006,0x00000cd2,
	0x00000cd1,0x0007000c,0x00000006,0x00000cd3,0x00000001,0x00000026,0x00000cd2,0x000000f9,
	0x000200f9,0x00000cd4,0x000200f8,0x00000cc6,0x00050085,0x00000025,0x00000cc8,0x00000cb2,
	0x000003a3,0x000500c7,0x00000006,0x00000cca,0x00000bdb,0x00000098,0x000500ab,0x00000027,
	0x00000ccb,0x00000cca,0x0000009a,0x0004007c,0x00000006,0x00000d42,0x00000cc8,0x000500b0,
	0x00000027,0x00000d44,0x00000d42,0x000000d7,0x000300f7,0x00000d52,0x00000000,0x000400fa,
	0x00000d44,0x00000d45,0x00000d4f,0x000200f8,0x00000d4f,0x00050080,0x00000006,0x00000d51,
	0x00000d42,0x000000ea,0x000200f9,0x00000d52,0x000200f8,0x00000d45,0x000500c2,0x00000006,
	0x00000d47,0x00000d42,0x000000c7,0x00050082,0x00000006,0x00000d48,0x000000dc,0x00000d47,
	0x0007000c,0x00000006,0x00000d49,0x00000001,0x00000026,0x00000d48,0x000000e0,0x000500c7,
	0x00000006,0x00000d4b,0x00000d42,0x000000e4,0x000500c5,0x00000006,0x00000d4c,0x000000e2,
	0x00000d4b,0x000500c2,0x00000006,0x00000d4e,0x00000d4c,0x00000d49,0x000200f9,0x00000d52,
	0x000200f8,0x00000d52,0x000700f5,0x00000006,0x00001784,0x00000d4e,0x00000d45,0x00000d51,
	0x00000d4f,0x000300f7,0x00000d5b,0x00000000,0x000400fa,0x00000ccb,0x00000d54,0x00000d5b,
	0x000200f8,0x00000d54,0x000500c2,0x00000006,0x00000d56,0x00001784,0x000000b6,0x000500c7,
	0x00000006,0x00000d57,0x00000d56,0x00000098,0x00050080,0x00000006,0x00000d58,0x000000b6,
	0x00000d57,0x00050080,0x00000006,0x00000d5a,0x00001784,0x00000d58,0x000200f9,0x00000d5b,
	0x000200f8,0x00000d5b,0x000700f5,0x00000006,0x00001785,0x00001784,0x00000d52,0x00000d5a,
	0x00000d54,0x000500c2,0x00000006,0x00000d5d,0x00001785,0x000000b6,0x000500c7,0x00000006,
	0x00000d5e,0x00000d5d,0x000000f9,0x0004007c,0x00000006,0x00000d60,0x00000cc8,0x000500ae,
	0x00000027,0x00000d61,0x00000d60,0x000000fd,0x000600a9,0x00000006,0x00000d63,0x00000d61,
	0x000000f9,0x00000d5e,0x000500ba,0x00000027,0x00000d65,0x00000cc8,0x00000102,0x000600a9,
	0x00000006,0x00000d67,0x00000d65,0x00000d63,0x0000009a,0x000200f9,0x00000cd4,0x000200f8,
	0x00000cd4,0x000700f5,0x00000006,0x00001786,0x00000d67,0x00000d5b,0x00000cd3,0x00000ccd,
	0x000500c4,0x00000006,0x00000cd6,0x00001786,0x000001ad,0x000500c7,0x00000006,0x00000cd8,
	0x00000cbf,0x000000af,0x000500c5,0x00000006,0x00000cd9,0x00000cd6,0x00000cd8,0x00050041,
	0x000004ad,0x00000bb4,0x000004ac,0x000003d3,0x0004003d,0x00000006,0x00000bb5,0x00000bb4,
	0x000500c2,0x00000006,0x00000d6b,0x00000bb5,0x000000bb,0x000500c7,0x00000006,0x00000d6c,
	0x00000d6b,0x00000098,0x000500ab,0x00000027,0x00000bb7,0x00000d6c,0x0000009a,0x000300f7,
	0x00000bc4,0x00000002,0x000400fa,0x00000bb7,0x00000bb8,0x00000bc0,0x000200f8,0x00000bc0,
	0x000200f9,0x00000f80,0x000200f8,0x00000f80,0x000300f7,0x00000fcc,0x00000000,0x001500fb,
	0x00000ba1,0x00000f82,0x00000000,0x00000f83,0x00000001,0x00000f83,0x00000002,0x00000f94,
	0x0000000a,0x00000f94,0x00000003,0x00000faa,0x0000000c,0x00000faa,0x0000000e,0x00000fb8,
	0x00000004,0x00000fbc,0x00000006,0x00000fc3,0x000200f8,0x00000fc3,0x0006000c,0x00000251,
	0x00000fc5,0x00000001,0x0000003e,0x00000cd9,0x00050051,0x00000025,0x00000fc6,0x00000fc5,
	0x00000000,0x000500c2,0x00000006,0x00000fc8,0x00000cd9,0x0000014f,0x0006000c,0x00000251,
	0x00000fc9,0x00000001,0x0000003e,0x00000fc8,0x00050051,0x00000025,0x00000fca,0x00000fc9,
	0x00000000,0x00070050,0x00000041,0x00000fcb,0x00000fc6,0x00000fca,0x00000102,0x00000102,
	0x000200f9,0x00000fcc,0x000200f8,0x00000fbc,0x000500c4,0x00000006,0x0000104c,0x00000cd9,
	0x0000014f,0x0004007c,0x00000061,0x0000104d,0x0000104c,0x000500c3,0x00000061,0x0000104e,
	0x0000104d,0x00000186,0x0004006f,0x00000025,0x0000104f,0x0000104e,0x00050085,0x00000025,
	0x00001050,0x0000104f,0x00000189,0x0007000c,0x00000025,0x00001051,0x00000001,0x00000028,
	0x00001050,0x0000018b,0x00050085,0x00000025,0x00001053,0x00001051,0x000006fe,0x000500c2,
	0x00000006,0x00000fc0,0x00000cd9,0x0000014f,0x000500c4,0x00000006,0x00001057,0x00000fc0,
	0x0000014f,0x0004007c,0x00000061,0x00001058,0x00001057,0x000500c3,0x00000061,0x00001059,
	0x00001058,0x00000186,0x0004006f,0x00000025,0x0000105a,0x00001059,0x00050085,0x00000025,
	0x0000105b,0x0000105a,0x00000189,0x0007000c,0x00000025,0x0000105c,0x00000001,0x00000028,
	0x0000105b,0x0000018b,0x00050085,0x00000025,0x0000105e,0x0000105c,0x000006fe,0x00070050,
	0x00000041,0x00000fc2,0x00001053,0x0000105e,0x00000102,0x00000102,0x000200f9,0x00000fcc,
	0x000200f8,0x00000fb8,0x0004007c,0x00000025,0x00000fba,0x00000cd9,0x00070050,0x00000041,
	0x00000fbb,0x00000fba,0x00000102,0x00000102,0x00000102,0x000200f9,0x00000fcc,0x000200f8,
	0x00000faa,0x000500c7,0x00000006,0x00000fd7,0x00000cd9,0x00000154,0x000500c7,0x00000006,
	0x00000fd9,0x00000cd9,0x0000015c,0x000500c2,0x00000006,0x00000fdb,0x00000fd7,0x00000160,
	0x000500aa,0x00000027,0x00000fdd,0x00000fdb,0x0000009a,0x000500ab,0x00000027,0x00000fdf,
	0x00000fd9,0x0000009a,0x000500a7,0x00000027,0x00000fe0,0x00000fdd,0x00000fdf,0x000300f7,
	0x00000fee,0x00000000,0x000400fa,0x00000fe0,0x00000fe1,0x00000fee,0x000200f8,0x00000fe1,
	0x0006000c,0x00000006,0x00000fe3,0x00000001,0x0000004b,0x00000fd9,0x00050082,0x00000006,
	0x00000fe5,0x00000160,0x00000fe3,0x0004007c,0x00000061,0x00000fe7,0x00000fe5,0x00050082,
	0x00000061,0x00000fe8,0x0000011f,0x00000fe7,0x0004007c,0x00000006,0x00000fe9,0x00000fe8,
	0x000500c4,0x00000006,0x00000fec,0x00000fd9,0x00000fe5,0x000500c7,0x00000006,0x00000fed,
	0x00000fec,0x0000015c,0x000200f9,0x00000fee,0x000200f8,0x00000fee,0x000700f5,0x00000006,
	0x00001791,0x00000fd9,0x00000faa,0x00000fed,0x00000fe1,0x000700f5,0x00000006,0x00001790,
	0x00000fdb,0x00000faa,0x00000fe9,0x00000fe1,0x000500ab,0x00000027,0x00000ff0,0x00000fd7,
	0x0000009a,0x00050080,0x00000006,0x00000ff2,0x00001790,0x00000179,0x000500c4,0x00000006,
	0x00000ff3,0x00000ff2,0x000000c7,0x000500c4,0x00000006,0x00000ff5,0x00001791,0x0000014f,
	0x000500c5,0x00000006,0x00000ff6,0x00000ff3,0x00000ff5,0x0004007c,0x00000025,0x00000ff7,
	0x00000ff6,0x000600a9,0x00000025,0x00000ff8,0x00000ff0,0x00000ff7,0x00000102,0x000500c2,
	0x00000006,0x00000fae,0x00000cd9,0x000001cb,0x000500c7,0x00000006,0x00000fff,0x00000fae,
	0x00000154,0x000500c7,0x00000006,0x00001001,0x00000fae,0x0000015c,0x000500c2,0x00000006,
	0x00001003,0x00000fff,0x00000160,0x000500aa,0x00000027,0x00001005,0x00001003,0x0000009a,
	0x000500ab,0x00000027,0x00001007,0x00001001,0x0000009a,0x000500a7,0x00000027,0x00001008,
	0x00001005,0x00001007,0x000300f7,0x00001016,0x00000000,0x000400fa,0x00001008,0x00001009,
	0x00001016,0x000200f8,0x00001009,0x0006000c,0x00000006,0x0000100b,0x00000001,0x0000004b,
	0x00001001,0x00050082,0x00000006,0x0000100d,0x00000160,0x0000100b,0x0004007c,0x00000061,
	0x0000100f,0x0000100d,0x00050082,0x00000061,0x00001010,0x0000011f,0x0000100f,0x0004007c,
	0x00000006,0x00001011,0x00001010,0x000500c4,0x00000006,0x00001014,0x00001001,0x0000100d,
	0x000500c7,0x00000006,0x00001015,0x00001014,0x0000015c,0x000200f9,0x00001016,0x000200f8,
	0x00001016,0x000700f5,0x00000006,0x00001793,0x00001001,0x00000fee,0x00001015,0x00001009,
	0x000700f5,0x00000006,0x00001792,0x00001003,0x00000fee,0x00001011,0x00001009,0x000500ab,
	0x00000027,0x00001018,0x00000fff,0x0000009a,0x00050080,0x00000006,0x0000101a,0x00001792,
	0x00000179,0x000500c4,0x00000006,0x0000101b,0x0000101a,0x000000c7,0x000500c4,0x00000006,
	0x0000101d,0x00001793,0x0000014f,0x000500c5,0x00000006,0x0000101e,0x0000101b,0x0000101d,
	0x0004007c,0x00000025,0x0000101f,0x0000101e,0x000600a9,0x00000025,0x00001020,0x00001018,
	0x0000101f,0x00000102,0x000500c2,0x00000006,0x00000fb1,0x00000cd9,0x00000110,0x000500c7,
	0x00000006,0x00001027,0x00000fb1,0x00000154,0x000500c7,0x00000006,0x00001029,0x00000fb1,
	0x0000015c,0x000500c2,0x00000006,0x0000102b,0x00001027,0x00000160,0x000500aa,0x00000027,
	0x0000102d,0x0000102b,0x0000009a,0x000500ab,0x00000027,0x0000102f,0x00001029,0x0000009a,
	0x000500a7,0x00000027,0x00001030,0x0000102d,0x0000102f,0x000300f7,0x0000103e,0x00000000,
	0x000400fa,0x00001030,0x00001031,0x0000103e,0x000200f8,0x00001031,0x0006000c,0x00000006,
	0x00001033,0x00000001,0x0000004b,0x00001029,0x00050082,0x00000006,0x00001035,0x00000160,
	0x00001033,0x0004007c,0x00000061,0x00001037,0x00001035,0x00050082,0x00000061,0x00001038,
	0x0000011f,0x00001037,0x0004007c,0x00000006,0x00001039,0x00001038,0x000500c4,0x00000006,
	0x0000103c,0x00001029,0x00001035,0x000500c7,0x00000006,0x0000103d,0x0000103c,0x0000015c,
	0x000200f9,0x0000103e,0x000200f8,0x0000103e,0x000700f5,0x00000006,0x00001795,0x00001029,
	0x00001016,0x0000103d,0x00001031,0x000700f5,0x00000006,0x00001794,0x0000102b,0x00001016,
	0x00001039,0x00001031,0x000500ab,0x00000027,0x00001040,0x00001027,0x0000009a,0x00050080,
	0x00000006,0x00001042,0x00001794,0x00000179,0x000500c4,0x00000006,0x00001043,0x00001042,
	0x000000c7,0x000500c4,0x00000006,0x00001045,0x00001795,0x0000014f,0x000500c5,0x00000006,
	0x00001046,0x00001043,0x00001045,0x0004007c,0x00000025,0x00001047,0x00001046,0x000600a9,
	0x00000025,0x00001048,0x00001040,0x00001047,0x00000102,0x000500c2,0x00000006,0x00000fb4,
	0x00000cd9,0x000001db,0x00040070,0x00000025,0x00000fb5,0x00000fb4,0x00050085,0x00000025,
	0x00000fb6,0x00000fb5,0x0000022b,0x00070050,0x00000041,0x00000fb7,0x00000ff8,0x00001020,
	0x00001048,0x00000fb6,0x000200f9,0x00000fcc,0x000200f8,0x00000f94,0x000500c7,0x00000006,
	0x00000f96,0x00000cd9,0x00000154,0x00040070,0x00000025,0x00000f97,0x00000f96,0x000500c2,
	0x00000006,0x00000f99,0x00000cd9,0x000001cb,0x000500c7,0x00000006,0x00000f9a,0x00000f99,
	0x00000154,0x00040070,0x00000025,0x00000f9b,0x00000f9a,0x000500c2,0x00000006,0x00000f9d,
	0x00000cd9,0x00000110,0x000500c7,0x00000006,0x00000f9e,0x00000f9d,0x00000154,0x00040070,
	0x00000025,0x00000f9f,0x00000f9e,0x00060050,0x00000224,0x00000fa0,0x00000f97,0x00000f9b,
	0x00000f9f,0x0005008e,0x00000224,0x00000fa1,0x00000fa0,0x00000226,0x000500c2,0x00000006,
	0x00000fa3,0x00000cd9,0x000001db,0x00040070,0x00000025,0x00000fa4,0x00000fa3,0x00050085,
	0x00000025,0x00000fa5,0x00000fa4,0x0000022b,0x00050051,0x00000025,0x00000fa6,0x00000fa1,
	0x00000000,0x00050051,0x00000025,0x00000fa7,0x00000fa1,0x00000001,0x00050051,0x00000025,
	0x00000fa8,0x00000fa1,0x00000002,0x00070050,0x00000041,0x00000fa9,0x00000fa6,0x00000fa7,
	0x00000fa8,0x00000fa5,0x000200f9,0x00000fcc,0x000200f8,0x00000f83,0x000500c7,0x00000006,
	0x00000f85,0x00000cd9,0x000000af,0x00040070,0x00000025,0x00000f86,0x00000f85,0x000500c2,
	0x00000006,0x00000f88,0x00000cd9,0x000001ad,0x000500c7,0x00000006,0x00000f89,0x00000f88,
	0x000000af,0x00040070,0x00000025,0x00000f8a,0x00000f89,0x000500c2,0x00000006,0x00000f8c,
	0x00000cd9,0x0000014f,0x000500c7,0x00000006,0x00000f8d,0x00000f8c,0x000000af,0x00040070,
	0x00000025,0x00000f8e,0x00000f8d,0x000500c2,0x00000006,0x00000f90,0x00000cd9,0x000000e0,
	0x00040070,0x00000025,0x00000f91,0x00000f90,0x00070050,0x00000041,0x00000f92,0x00000f86,
	0x00000f8a,0x00000f8e,0x00000f91,0x0005008e,0x00000041,0x00000f93,0x00000f92,0x00000216,
	0x000200f9,0x00000fcc,0x000200f8,0x00000f82,0x000200f9,0x00000fcc,0x000200f8,0x00000fcc,
	0x001100f5,0x00000041,0x00001798,0x0000025a,0x00000f82,0x00000f93,0x00000f83,0x00000fa9,
	0x00000f94,0x00000fb7,0x0000103e,0x00000fbb,0x00000fb8,0x00000fc2,0x00000fbc,0x00000fcb,
	0x00000fc3,0x000200f9,0x00000fcf,0x000200f8,0x00000fcf,0x000200f9,0x00000bc4,0x000200f8,
	0x00000bb8,0x00050041,0x000004ad,0x00000d76,0x000004ac,0x000003c0,0x0004003d,0x00000006,
	0x00000d77,0x00000d76,0x000500c2,0x00000006,0x00000d78,0x00000d77,0x00000160,0x000500c7,
	0x00000006,0x00000d79,0x00000d78,0x00000098,0x000500ab,0x00000027,0x00000d7a,0x00000d79,
	0x0000009a,0x000600a9,0x00000006,0x00000d7b,0x00000d7a,0x00000098,0x0000009a,0x00050041,
	0x000004ad,0x00000d7c,0x000004ac,0x000003c0,0x0004003d,0x00000006,0x00000d7d,0x00000d7c,
	0x000500c2,0x00000006,0x00000d7e,0x00000d7d,0x000004f0,0x000500c7,0x00000006,0x00000d7f,
	0x00000d7e,0x00000098,0x000500ab,0x00000027,0x00000d80,0x00000d7f,0x0000009a,0x000600a9,
	0x00000006,0x00000d81,0x00000d80,0x000001b1,0x0000009a,0x000500c5,0x00000006,0x00000d82,
	0x00000d7b,0x00000d81,0x00050041,0x000004ad,0x00000d83,0x000004ac,0x000003d3,0x0004003d,
	0x00000006,0x00000d84,0x00000d83,0x0003003e,0x00000d6f,0x00000766,0x00050041,0x000004ad,
	0x00000d88,0x000004ac,0x000003eb,0x0004003d,0x00000006,0x00000d89,0x00000d88,0x000500c2,
	0x00000006,0x00000e84,0x00000d84,0x000000b4,0x000500c7,0x00000006,0x00000e85,0x00000e84,
	0x000000b6,0x000500ae,0x00000027,0x00000dbf,0x00000e85,0x000001b1,0x000600a9,0x00000006,
	0x00000dc0,0x00000dbf,0x00000098,0x0000009a,0x000500ae,0x00000027,0x00000dc2,0x00000e85,
	0x00000098,0x000600a9,0x00000006,0x00000dc3,0x00000dc2,0x00000098,0x0000009a,0x00050041,
	0x00000009,0x00000dc4,0x00000d6f,0x0000009a,0x0004003d,0x00000006,0x00000dc5,0x00000dc4,
	0x000500c4,0x00000006,0x00000dc7,0x00000dc5,0x00000dc0,0x000500ae,0x00000027,0x00000dc9,
	0x00000e85,0x000001b1,0x000500c7,0x00000006,0x00000dcb,0x00000765,0x00000098,0x000600a9,
	0x00000006,0x00000dcc,0x00000dc9,0x00000dcb,0x0000009a,0x00050080,0x00000006,0x00000dcd,
	0x00000dc7,0x00000dcc,0x00050041,0x00000009,0x00000dce,0x00000d6f,0x00000098,0x0004003d,
	0x00000006,0x00000dcf,0x00000dce,0x000500c4,0x00000006,0x00000dd1,0x00000dcf,0x00000dc3,
	0x000500ae,0x00000027,0x00000dd3,0x00000e85,0x000001b1,0x000500c2,0x00000006,0x00000dd5,
	0x00000765,0x00000098,0x000500aa,0x00000027,0x00000dd7,0x00000e85,0x00000098,0x000600a9,
	0x00000006,0x00000dd9,0x00000dd7,0x00000765,0x0000009a,0x000600a9,0x00000006,0x00000dda,
	0x00000dd3,0x00000dd5,0x00000dd9,0x00050080,0x00000006,0x00000ddb,0x00000dd1,0x00000dda,
	0x000500c2,0x00000006,0x00000e89,0x00000d84,0x000000bb,0x000500c7,0x00000006,0x00000e8a,
	0x00000e89,0x00000098,0x000500ab,0x00000027,0x00000dde,0x00000e8a,0x0000009a,0x00050084,
	0x00000006,0x00000de0,0x00000dcd,0x000001b1,0x00050080,0x00000006,0x00000de2,0x00000de0,
	0x00000098,0x000600a9,0x00000006,0x00000de4,0x00000dde,0x00000de2,0x00000dcd,0x00050086,
	0x00000006,0x00000de6,0x00000de4,0x000002e8,0x00050089,0x00000006,0x00000de8,0x00000de4,
	0x000002e8,0x000500c2,0x00000006,0x00000dea,0x00000ddb,0x000002ef,0x000500c7,0x00000006,
	0x00000dec,0x00000ddb,0x000000c9,0x000500c7,0x00000006,0x00000e8e,0x00000d84,0x000000a8,
	0x000500c2,0x00000006,0x00000e92,0x00000d84,0x000000ad,0x000500c7,0x00000006,0x00000e93,
	0x00000e92,0x000000af,0x000500c2,0x00000006,0x00000e97,0x00000d84,0x000000bb,0x000500c7,
	0x00000006,0x00000e98,0x00000e97,0x00000098,0x000500c4,0x00000006,0x00000df4,0x00000e93,
	0x00000e98,0x00050084,0x00000006,0x00000df5,0x00000dea,0x00000df4,0x00050080,0x00000006,
	0x00000df6,0x00000e8e,0x00000df5,0x00050080,0x00000006,0x00000df8,0x00000df6,0x00000de6,
	0x000500c7,0x00000006,0x00000df9,0x00000df8,0x000000a8,0x000500c7,0x00000006,0x00000e9c,
	0x00000d89,0x000000a8,0x00050082,0x00000006,0x00000dfd,0x00000df9,0x00000e9c,0x000500c7,
	0x00000006,0x00000dfe,0x00000dfd,0x000000a8,0x000500c2,0x00000006,0x00000ea0,0x00000d89,
	0x000000ad,0x000500c7,0x00000006,0x00000ea1,0x00000ea0,0x000000af,0x000500c2,0x00000006,
	0x00000ea5,0x00000d89,0x000000bb,0x000500c7,0x00000006,0x00000ea6,0x00000ea5,0x00000098,
	0x000500c4,0x00000006,0x00000e03,0x00000ea1,0x00000ea6,0x00050089,0x00000006,0x00000e06,
	0x00000dfe,0x00000e03,0x00050086,0x00000006,0x00000e09,0x00000dfe,0x00000e03,0x000500c2,
	0x00000006,0x00000eaa,0x00000d89,0x000000c1,0x000500c7,0x00000006,0x00000eab,0x00000eaa,
	0x00000098,0x000500c2,0x00000006,0x00000eaf,0x00000d84,0x000000c1,0x000500c7,0x00000006,
	0x00000eb0,0x00000eaf,0x00000098,0x000500ab,0x00000027,0x00000e0e,0x00000eab,0x00000eb0,
	0x000300f7,0x00000e13,0x00000000,0x000400fa,0x00000e0e,0x00000e0f,0x00000e13,0x000200f8,
	0x00000e0f,0x00050080,0x00000006,0x00000e11,0x00000de8,0x00000326,0x00050089,0x00000006,
	0x00000e12,0x00000e11,0x000002e8,0x000200f9,0x00000e13,0x000200f8,0x00000e13,0x000700f5,
	0x00000006,0x00001799,0x00000de8,0x00000bb8,0x00000e12,0x00000e0f,0x000500c2,0x00000006,
	0x00000eb4,0x00000d89,0x000000b4,0x000500c7,0x00000006,0x00000eb5,0x00000eb4,0x000000b6,
	0x00050084,0x00000006,0x00000e17,0x00000e06,0x000002e8,0x00050080,0x00000006,0x00000e19,
	0x00000e17,0x00001799,0x000500c2,0x00000006,0x00000eb9,0x00000d89,0x000000bb,0x000500c7,
	0x00000006,0x00000eba,0x00000eb9,0x00000098,0x000500ab,0x00000027,0x00000e1c,0x00000eba,
	0x0000009a,0x000300f7,0x00000e22,0x00000000,0x000400fa,0x00000e1c,0x00000e1d,0x00000e22,
	0x000200f8,0x00000e1d,0x000500c2,0x00000006,0x00000e21,0x00000e19,0x00000098,0x000200f9,
	0x00000e22,0x000200f8,0x00000e22,0x000700f5,0x00000006,0x0000179a,0x00000e19,0x00000e13,
	0x00000e21,0x00000e1d,0x00050084,0x00000006,0x00000e24,0x00000e09,0x0000014f,0x00050080,
	0x00000006,0x00000e26,0x00000e24,0x00000dec,0x000500ae,0x00000027,0x00000e28,0x00000eb5,
	0x000001b1,0x000600a9,0x00000006,0x00000e29,0x00000e28,0x00000098,0x0000009a,0x000500ae,
	0x00000027,0x00000e2b,0x00000eb5,0x00000098,0x000600a9,0x00000006,0x00000e2c,0x00000e2b,
	0x00000098,0x0000009a,0x000500c2,0x00000006,0x00000e2f,0x0000179a,0x00000e29,0x0004007c,
	0x00000061,0x00000e30,0x00000e2f,0x000500c2,0x00000006,0x00000e33,0x00000e26,0x00000e2c,
	0x00050080,0x00000006,0x00000e35,0x00000e33,0x00000743,0x0004007c,0x00000061,0x00000e36,
	0x00000e35,0x00050050,0x0000034a,0x00000e37,0x00000e30,0x00000e36,0x0004007c,0x00000061,
	0x00000e39,0x00000703,0x00050050,0x0000034a,0x00000e3a,0x00000e39,0x00000e39,0x00050084,
	0x0000034a,0x00000e3b,0x00000e37,0x00000e3a,0x0004007c,0x0000034a,0x00000e3d,0x00001711,
	0x00050080,0x0000034a,0x00000e3e,0x00000e3b,0x00000e3d,0x000200f9,0x00000edc,0x000200f8,
	0x00000edc,0x0004003d,0x00000374,0x00000e4d,0x00000376,0x00050051,0x00000061,0x00000e4f,
	0x00000e3e,0x00000000,0x00050051,0x00000061,0x00000e50,0x00000e3e,0x00000001,0x00060050,
	0x0000037a,0x00000e51,0x00000e4f,0x00000e50,0x00000379,0x0007004f,0x0000034a,0x00000e52,
	0x00000e51,0x00000e51,0x00000000,0x00000001,0x0007005f,0x00000041,0x00000e58,0x00000e4d,
	0x00000e52,0x00000002,0x00000379,0x00050051,0x00000025,0x00000e59,0x00000e58,0x00000000,
	0x0004003d,0x00000387,0x00000e5a,0x00000389,0x00050051,0x00000061,0x00000e5c,0x00000e3e,
	0x00000000,0x00050051,0x00000061,0x00000e5d,0x00000e3e,0x00000001,0x00060050,0x0000037a,
	0x00000e5e,0x00000e5c,0x00000e5d,0x00000379,0x0007004f,0x0000034a,0x00000e5f,0x00000e5e,
	0x00000e5e,0x00000000,0x00000001,0x0007005f,0x00000395,0x00000e65,0x00000e5a,0x00000e5f,
	0x00000002,0x00000379,0x00050051,0x00000006,0x00000e66,0x00000e65,0x00000000,0x000500c2,
	0x00000006,0x00000ee1,0x00000d89,0x000000c7,0x000500c7,0x00000006,0x00000ee2,0x00000ee1,
	0x000000c9,0x000500aa,0x00000027,0x00000e6c,0x00000ee2,0x00000098,0x000300f7,0x00000e7b,
	0x00000000,0x000400fa,0x00000e6c,0x00000e6d,0x00000e74,0x000200f8,0x00000e74,0x0008000c,
	0x00000025,0x00000e76,0x00000001,0x0000002b,0x00000e59,0x00000102,0x00000192,0x00050085,
	0x00000025,0x00000e77,0x00000e76,0x000003ae,0x00050081,0x00000025,0x00000e78,0x00000e77,
	0x00000196,0x0004006d,0x00000006,0x00000e79,0x00000e78,0x0007000c,0x00000006,0x00000e7a,
	0x00000001,0x00000026,0x00000e79,0x000000f9,0x000200f9,0x00000e7b,0x000200f8,0x00000e6d,
	0x00050085,0x00000025,0x00000e6f,0x00000e59,0x000003a3,0x000500c7,0x00000006,0x00000e71,
	0x00000d82,0x00000098,0x000500ab,0x00000027,0x00000e72,0x00000e71,0x0000009a,0x0004007c,
	0x00000006,0x00000ee9,0x00000e6f,0x000500b0,0x00000027,0x00000eeb,0x00000ee9,0x000000d7,
	0x000300f7,0x00000ef9,0x00000000,0x000400fa,0x00000eeb,0x00000eec,0x00000ef6,0x000200f8,
	0x00000ef6,0x00050080,0x00000006,0x00000ef8,0x00000ee9,0x000000ea,0x000200f9,0x00000ef9,
	0x000200f8,0x00000eec,0x000500c2,0x00000006,0x00000eee,0x00000ee9,0x000000c7,0x00050082,
	0x00000006,0x00000eef,0x000000dc,0x00000eee,0x0007000c,0x00000006,0x00000ef0,0x00000001,
	0x00000026,0x00000eef,0x000000e0,0x000500c7,0x00000006,0x00000ef2,0x00000ee9,0x000000e4,
	0x000500c5,0x00000006,0x00000ef3,0x000000e2,0x00000ef2,0x000500c2,0x00000006,0x00000ef5,
	0x00000ef3,0x00000ef0,0x000200f9,0x00000ef9,0x000200f8,0x00000ef9,0x000700f5,0x00000006,
	0x000017aa,0x00000ef5,0x00000eec,0x00000ef8,0x00000ef6,0x000300f7,0x00000f02,0x00000000,
	0x000400fa,0x00000e72,0x00000efb,0x00000f02,0x000200f8,0x00000efb,0x000500c2,0x00000006,
	0x00000efd,0x000017aa,0x000000b6,0x000500c7,0x00000006,0x00000efe,0x00000efd,0x00000098,
	0x00050080,0x00000006,0x00000eff,0x000000b6,0x00000efe,0x00050080,0x00000006,0x00000f01,
	0x000017aa,0x00000eff,0x000200f9,0x00000f02,0x000200f8,0x00000f02,0x000700f5,0x00000006,
	0x000017ab,0x000017aa,0x00000ef9,0x00000f01,0x00000efb,0x000500c2,0x00000006,0x00000f04,
	0x000017ab,0x000000b6,0x000500c7,0x00000006,0x00000f05,0x00000f04,0x000000f9,0x0004007c,
	0x00000006,0x00000f07,0x00000e6f,0x000500ae,0x00000027,0x00000f08,0x00000f07,0x000000fd,
	0x000600a9,0x00000006,0x00000f0a,0x00000f08,0x000000f9,0x00000f05,0x000500ba,0x00000027,
	0x00000f0c,0x00000e6f,0x00000102,0x000600a9,0x00000006,0x00000f0e,0x00000f0c,0x00000f0a,
	0x0000009a,0x000200f9,0x00000e7b,0x000200f8,0x00000e7b,0x000700f5,0x00000006,0x000017ac,
	0x00000f0e,0x00000f02,0x00000e7a,0x00000e74,0x000500c4,0x00000006,0x00000e7d,0x000017ac,
	0x000001ad,0x000500c7,0x00000006,0x00000e7f,0x00000e66,0x000000af,0x000500c5,0x00000006,
	0x00000e80,0x00000e7d,0x00000e7f,0x00050050,0x00000007,0x00000bbd,0x00000cd9,0x00000e80,
	0x0003003e,0x00000bab,0x00000bbd,0x000200f9,0x00000f17,0x000200f8,0x00000f17,0x000300f7,
	0x00000f46,0x00000000,0x000900fb,0x00000ba1,0x00000f19,0x00000005,0x00000f1a,0x00000007,
	0x00000f2a,0x0000000f,0x00000f3e,0x000200f8,0x00000f3e,0x00050041,0x00000009,0x00000f3f,
	0x00000bab,0x0000009a,0x0004003d,0x00000006,0x00000f40,0x00000f3f,0x0004007c,0x00000025,
	0x00000f41,0x00000f40,0x00050041,0x00000009,0x00000f42,0x00000bab,0x00000098,0x0004003d,
	0x00000006,0x00000f43,0x00000f42,0x0004007c,0x00000025,0x00000f44,0x00000f43,0x00070050,
	0x00000041,0x00000f45,0x00000f41,0x00000f44,0x00000102,0x00000102,0x000200f9,0x00000f46,
	0x000200f8,0x00000f2a,0x00050041,0x00000009,0x00000f2b,0x00000bab,0x0000009a,0x0004003d,
	0x00000006,0x00000f2c,0x00000f2b,0x0006000c,0x00000251,0x00000f2d,0x00000001,0x0000003e,
	0x00000f2c,0x00050051,0x00000025,0x00000f2e,0x00000f2d,0x00000000,0x00050041,0x00000009,
	0x00000f2f,0x00000bab,0x0000009a,0x0004003d,0x00000006,0x00000f30,0x00000f2f,0x000500c2,
	0x00000006,0x00000f31,0x00000f30,0x0000014f,0x0006000c,0x00000251,0x00000f32,0x00000001,
	0x0000003e,0x00000f31,0x00050051,0x00000025,0x00000f33,0x00000f32,0x00000000,0x00050041,
	0x00000009,0x00000f34,0x00000bab,0x00000098,0x0004003d,0x00000006,0x00000f35,0x00000f34,
	0x0006000c,0x00000251,0x00000f36,0x00000001,0x0000003e,0x00000f35,0x00050051,0x00000025,
	0x00000f37,0x00000f36,0x00000000,0x00050041,0x00000009,0x00000f38,0x00000bab,0x00000098,
	0x0004003d,0x00000006,0x00000f39,0x00000f38,0x000500c2,0x00000006,0x00000f3a,0x00000f39,
	0x0000014f,0x0006000c,0x00000251,0x00000f3b,0x00000001,0x0000003e,0x00000f3a,0x00050051,
	0x00000025,0x00000f3c,0x00000f3b,0x00000000,0x00070050,0x00000041,0x00000f3d,0x00000f2e,
	0x00000f33,0x00000f37,0x00000f3c,0x000200f9,0x00000f46,0x000200f8,0x00000f1a,0x00050041,
	0x00000009,0x00000f1b,0x00000bab,0x0000009a,0x0004003d,0x00000006,0x00000f1c,0x00000f1b,
	0x000500c4,0x00000006,0x00000f4e,0x00000f1c,0x0000014f,0x0004007c,0x00000061,0x00000f4f,
	0x00000f4e,0x000500c3,0x00000061,0x00000f50,0x00000f4f,0x00000186,0x0004006f,0x00000025,
	0x00000f51,0x00000f50,0x00050085,0x00000025,0x00000f52,0x00000f51,0x00000189,0x0007000c,
	0x00000025,0x00000f53,0x00000001,0x00000028,0x00000f52,0x0000018b,0x00050085,0x00000025,
	0x00000f55,0x00000f53,0x000006fe,0x00050041,0x00000009,0x00000f1e,0x00000bab,0x0000009a,
	0x0004003d,0x00000006,0x00000f1f,0x00000f1e,0x000500c2,0x00000006,0x00000f20,0x00000f1f,
	0x0000014f,0x000500c4,0x00000006,0x00000f59,0x00000f20,0x0000014f,0x0004007c,0x00000061,
	0x00000f5a,0x00000f59,0x000500c3,0x00000061,0x00000f5b,0x00000f5a,0x00000186,0x0004006f,
	0x00000025,0x00000f5c,0x00000f5b,0x00050085,0x00000025,0x00000f5d,0x00000f5c,0x00000189,
	0x0007000c,0x00000025,0x00000f5e,0x00000001,0x00000028,0x00000f5d,0x0000018b,0x00050085,
	0x00000025,0x00000f60,0x00000f5e,0x000006fe,0x00050041,0x00000009,0x00000f22,0x00000bab,
	0x00000098,0x0004003d,0x00000006,0x00000f23,0x00000f22,0x000500c4,0x00000006,0x00000f64,
	0x00000f23,0x0000014f,0x0004007c,0x00000061,0x00000f65,0x00000f64,0x000500c3,0x00000061,
	0x00000f66,0x00000f65,0x00000186,0x0004006f,0x00000025,0x00000f67,0x00000f66,0x00050085,
	0x00000025,0x00000f68,0x00000f67,0x00000189,0x0007000c,0x00000025,0x00000f69,0x00000001,
	0x00000028,0x00000f68,0x0000018b,0x00050085,0x00000025,0x00000f6b,0x00000f69,0x000006fe,
	0x00050041,0x00000009,0x00000f25,0x00000bab,0x00000098,0x0004003d,0x00000006,0x00000f26,
	0x00000f25,0x000500c2,0x00000006,0x00000f27,0x00000f26,0x0000014f,0x000500c4,0x00000006,
	0x00000f6f,0x00000f27,0x0000014f,0x0004007c,0x00000061,0x00000f70,0x00000f6f,0x000500c3,
	0x00000061,0x00000f71,0x00000f70,0x00000186,0x0004006f,0x00000025,0x00000f72,0x00000f71,
	0x00050085,0x00000025,0x00000f73,0x00000f72,0x00000189,0x0007000c,0x00000025,0x00000f74,
	0x00000001,0x00000028,0x00000f73,0x0000018b,0x00050085,0x00000025,0x00000f76,0x00000f74,
	0x000006fe,0x00070050,0x00000041,0x00000f29,0x00000f55,0x00000f60,0x00000f6b,0x00000f76,
	0x000200f9,0x00000f46,0x000200f8,0x00000f19,0x000200f9,0x00000f46,0x000200f8,0x00000f46,
	0x000b00f5,0x00000041,0x000017b4,0x0000025a,0x00000f19,0x00000f29,0x00000f1a,0x00000f3d,
	0x00000f2a,0x00000f45,0x00000f3e,0x000200f9,0x00000f49,0x000200f8,0x00000f49,0x000200f9,
	0x00000bc4,0x000200f8,0x00000bc4,0x000700f5,0x00000041,0x000017b5,0x000017b4,0x00000f49,
	0x00001798,0x00000fcf,0x0004003d,0x00000041,0x00000769,0x000006b9,0x00050081,0x00000041,
	0x0000076a,0x00000769,0x000017b5,0x0003003e,0x000006b9,0x0000076a,0x000200f9,0x0000076b,
	0x000200f8,0x0000076b,0x00050080,0x00000006,0x0000076d,0x00001712,0x0000011f,0x000200f9,
	0x0000075d,0x000200f8,0x0000076e,0x00040070,0x00000025,0x00000770,0x00001714,0x00050088,
	0x00000025,0x00000771,0x00000192,0x00000770,0x0004003d,0x00000041,0x00000772,0x000006b9,
	0x0005008e,0x00000041,0x00000773,0x00000772,0x00000771,0x00050041,0x000004ad,0x00000774,
	0x000004ac,0x000003c0,0x0004003d,0x00000006,0x00000775,0x00000774,0x000500c4,0x00000006,
	0x00000776,0x00000775,0x0000014f,0x0004007c,0x00000061,0x00000777,0x00000776,0x000500c3,
	0x00000061,0x00000778,0x00000777,0x000005f2,0x00050080,0x00000061,0x0000077a,0x000005f4,
	0x00000778,0x0004007c,0x00000006,0x0000077b,0x0000077a,0x000500c4,0x00000006,0x0000077c,
	0x0000077b,0x000000c7,0x0004007c,0x00000025,0x0000077d,0x0000077c,0x0005008e,0x00000041,
	0x0000077f,0x00000773,0x0000077d,0x0003003e,0x000006b9,0x0000077f,0x00050041,0x000004ad,
	0x00000780,0x000004ac,0x000003c0,0x0004003d,0x00000006,0x00000781,0x00000780,0x000500c2,
	0x00000006,0x00000782,0x00000781,0x000005fe,0x000500c7,0x00000006,0x00000783,0x00000782,
	0x00000098,0x000500ab,0x00000027,0x00000784,0x00000783,0x0000009a,0x000300f7,0x00000788,
	0x00000000,0x000400fa,0x00000784,0x00000785,0x00000788,0x000200f8,0x00000785,0x0004003d,
	0x00000041,0x00000786,0x000006b9,0x0009004f,0x00000041,0x00000787,0x00000786,0x00000786,
	0x00000002,0x00000001,0x00000000,0x00000003,0x0003003e,0x000006b9,0x00000787,0x000200f9,
	0x00000788,0x000200f8,0x00000788,0x000500aa,0x00000027,0x0000078a,0x00000714,0x0000009a,
	0x000300f7,0x000007dd,0x00000000,0x000400fa,0x0000078a,0x0000078b,0x00000793,0x000200f8,
	0x00000793,0x000500aa,0x00000027,0x00000795,0x00000714,0x00000098,0x000300f7,0x000007dc,
	0x00000000,0x000400fa,0x00000795,0x00000796,0x0000079e,0x000200f8,0x0000079e,0x000500aa,
	0x00000027,0x000007a0,0x00000714,0x000001b1,0x000300f7,0x000007db,0x00000000,0x000400fa,
	0x000007a0,0x000007a1,0x000007aa,0x000200f8,0x000007aa,0x00050041,0x00000026,0x000007ab,
	0x000006b9,0x0000009a,0x0004003d,0x00000025,0x000007ac,0x000007ab,0x00050050,0x00000251,
	0x000007ad,0x000007ac,0x00000102,0x0006000c,0x00000006,0x000007ae,0x00000001,0x0000003a,
	0x000007ad,0x00050041,0x00000026,0x000007af,0x000006b9,0x00000098,0x0004003d,0x00000025,
	0x000007b0,0x000007af,0x00050050,0x00000251,0x000007b1,0x000007b0,0x00000102,0x0006000c,
	0x00000006,0x000007b2,0x00000001,0x0000003a,0x000007b1,0x000500c4,0x00000006,0x000007b3,
	0x000007b2,0x0000014f,0x000500c5,0x00000006,0x000007b4,0x000007ae,0x000007b3,0x00050041,
	0x00000026,0x000007b5,0x000006b9,0x000001b1,0x0004003d,0x00000025,0x000007b6,0x000007b5,
	0x00050050,0x00000251,0x000007b7,0x000007b6,0x00000102,0x0006000c,0x00000006,0x000007b8,
	0x00000001,0x0000003a,0x000007b7,0x00050041,0x00000026,0x000007b9,0x000006b9,0x000000b6,
	0x0004003d,0x00000025,0x000007ba,0x000007b9,0x00050050,0x00000251,0x000007bb,0x000007ba,
	0x00000102,0x0006000c,0x00000006,0x000007bc,0x00000001,0x0000003a,0x000007bb,0x000500c4,
	0x00000006,0x000007bd,0x000007bc,0x0000014f,0x000500c5,0x00000006,0x000007be,0x000007b8,
	0x000007bd,0x00050050,0x00000007,0x000007bf,0x000007b4,0x000007be,0x0003003e,0x000006d4,
	0x000007bf,0x000500c2,0x00000061,0x000007c1,0x00001718,0x000003d3,0x00050041,0x00000009,
	0x000007c3,0x000006d4,0x0000009a,0x0004003d,0x00000006,0x000007c4,0x000007c3,0x000500aa,
	0x00000027,0x00001670,0x00000718,0x00000098,0x000300f7,0x00001694,0x00000000,0x000400fa,
	0x00001670,0x00001671,0x00001679,0x000200f8,0x00001679,0x000500aa,0x00000027,0x0000167b,
	0x00000718,0x000001b1,0x000300f7,0x00001693,0x00000000,0x000400fa,0x0000167b,0x0000167c,
	0x00001689,0x000200f8,0x00001689,0x000500aa,0x00000027,0x0000168b,0x00000718,0x000000b6,
	0x000300f7,0x00001692,0x00000000,0x000400fa,0x0000168b,0x0000168c,0x00001692,0x000200f8,
	0x0000168c,0x000500c4,0x00000006,0x0000168e,0x000007c4,0x0000014f,0x000500c2,0x00000006,
	0x00001690,0x000007c4,0x0000014f,0x000500c5,0x00000006,0x00001691,0x0000168e,0x00001690,
	0x000200f9,0x00001692,0x000200f8,0x00001692,0x000700f5,0x00000006,0x0000171b,0x000007c4,
	0x00001689,0x00001691,0x0000168c,0x000200f9,0x00001693,0x000200f8,0x0000167c,0x000500c7,
	0x00000006,0x0000167e,0x000007c4,0x00000443,0x000500c4,0x00000006,0x0000167f,0x0000167e,
	0x000001ad,0x000500c7,0x00000006,0x00001681,0x000007c4,0x00000447,0x000500c2,0x00000006,
	0x00001682,0x00001681,0x000001ad,0x000500c5,0x00000006,0x00001683,0x0000167f,0x00001682,
	0x000500c4,0x00000006,0x00001685,0x00001683,0x0000014f,0x000500c2,0x00000006,0x00001687,
	0x00001683,0x0000014f,0x000500c5,0x00000006,0x00001688,0x00001685,0x00001687,0x000200f9,
	0x00001693,0x000200f8,0x00001693,0x000700f5,0x00000006,0x0000171a,0x00001688,0x0000167c,
	0x0000171b,0x00001692,0x000200f9,0x00001694,0x000200f8,0x00001671,0x000500c7,0x00000006,
	0x00001673,0x000007c4,0x00000443,0x000500c4,0x00000006,0x00001674,0x00001673,0x000001ad,
	0x000500c7,0x00000006,0x00001676,0x000007c4,0x00000447,0x000500c2,0x00000006,0x00001677,
	0x00001676,0x000001ad,0x000500c5,0x00000006,0x00001678,0x00001674,0x00001677,0x000200f9,
	0x00001694,0x000200f8,0x00001694,0x000700f5,0x00000006,0x00001719,0x00001678,0x00001671,
	0x0000171a,0x00001693,0x000200f9,0x000016bd,0x000200f8,0x000016bd,0x00060041,0x00000499,
	0x000007cd,0x00000496,0x00000379,0x000007c1,0x0003003e,0x000007cd,0x00001719,0x00050080,
	0x00000061,0x000007cf,0x000007c1,0x0000011f,0x000200f9,0x000016e6,0x000200f8,0x000016e6,
	0x00050041,0x00000009,0x000007d4,0x000006d4,0x00000098,0x0004003d,0x00000006,0x000007d5,
	0x000007d4,0x000500aa,0x00000027,0x000016eb,0x00000718,0x00000098,0x000300f7,0x0000170f,
	0x00000000,0x000400fa,0x000016eb,0x000016ec,0x000016f4,0x000200f8,0x000016f4,0x000500aa,
	0x00000027,0x000016f6,0x00000718,0x000001b1,0x000300f7,0x0000170e,0x00000000,0x000400fa,
	0x000016f6,0x000016f7,0x00001704,0x000200f8,0x00001704,0x000500aa,0x00000027,0x00001706,
	0x00000718,0x000000b6,0x000300f7,0x0000170d,0x00000000,0x000400fa,0x00001706,0x00001707,
	0x0000170d,0x000200f8,0x00001707,0x000500c4,0x00000006,0x00001709,0x000007d5,0x0000014f,
	0x000500c2,0x00000006,0x0000170b,0x000007d5,0x0000014f,0x000500c5,0x00000006,0x0000170c,
	0x00001709,0x0000170b,0x000200f9,0x0000170d,0x000200f8,0x0000170d,0x000700f5,0x00000006,
	0x00001724,0x000007d5,0x00001704,0x0000170c,0x00001707,0x000200f9,0x0000170e,0x000200f8,
	0x000016f7,0x000500c7,0x00000006,0x000016f9,0x000007d5,0x00000443,0x000500c4,0x00000006,
	0x000016fa,0x000016f9,0x000001ad,0x000500c7,0x00000006,0x000016fc,0x000007d5,0x00000447,
	0x000500c2,0x00000006,0x000016fd,0x000016fc,0x000001ad,0x000500c5,0x00000006,0x000016fe,
	0x000016fa,0x000016fd,0x000500c4,0x00000006,0x00001700,0x000016fe,0x0000014f,0x000500c2,
	0x00000006,0x00001702,0x000016fe,0x0000014f,0x000500c5,0x00000006,0x00001703,0x00001700,
	0x00001702,0x000200f9,0x0000170e,0x000200f8,0x0000170e,0x000700f5,0x00000006,0x00001723,
	0x00001703,0x000016f7,0x00001724,0x0000170d,0x000200f9,0x0000170f,0x000200f8,0x000016ec,
	0x000500c7,0x00000006,0x000016ee,0x000007d5,0x00000443,0x000500c4,0x00000006,0x000016ef,
	0x000016ee,0x000001ad,0x000500c7,0x00000006,0x000016f1,0x000007d5,0x00000447,0x000500c2,
	0x00000006,0x000016f2,0x000016f1,0x000001ad,0x000500c5,0x00000006,0x000016f3,0x000016ef,
	0x000016f2,0x000200f9,0x0000170f,0x000200f8,0x0000170f,0x000700f5,0x00000006,0x00001722,
	0x000016f3,0x000016ec,0x00001723,0x0000170e,0x00060041,0x00000499,0x000007da,0x00000496,
	0x00000379,0x000007cf,0x0003003e,0x000007da,0x00001722,0x000200f9,0x000007db,0x000200f8,
	0x000007a1,0x00050041,0x00000026,0x000007a2,0x000006b9,0x0000009a,0x0004003d,0x00000025,
	0x000007a3,0x000007a2,0x0004007c,0x00000006,0x000007a4,0x000007a3,0x000500aa,0x00000027,
	0x00001512,0x00000718,0x00000098,0x000300f7,0x00001536,0x00000000,0x000400fa,0x00001512,
	0x00001513,0x0000151b,0x000200f8,0x0000151b,0x000500aa,0x00000027,0x0000151d,0x00000718,
	0x000001b1,0x000300f7,0x00001535,0x00000000,0x000400fa,0x0000151d,0x0000151e,0x0000152b,
	0x000200f8,0x0000152b,0x000500aa,0x00000027,0x0000152d,0x00000718,0x000000b6,0x000300f7,
	0x00001534,0x00000000,0x000400fa,0x0000152d,0x0000152e,0x00001534,0x000200f8,0x0000152e,
	0x000500c4,0x00000006,0x00001530,0x000007a4,0x0000014f,0x000500c2,0x00000006,0x00001532,
	0x000007a4,0x0000014f,0x000500c5,0x00000006,0x00001533,0x00001530,0x00001532,0x000200f9,
	0x00001534,0x000200f8,0x00001534,0x000700f5,0x00000006,0x00001727,0x000007a4,0x0000152b,
	0x00001533,0x0000152e,0x000200f9,0x00001535,0x000200f8,0x0000151e,0x000500c7,0x00000006,
	0x00001520,0x000007a4,0x00000443,0x000500c4,0x00000006,0x00001521,0x00001520,0x000001ad,
	0x000500c7,0x00000006,0x00001523,0x000007a4,0x00000447,0x000500c2,0x00000006,0x00001524,
	0x00001523,0x000001ad,0x000500c5,0x00000006,0x00001525,0x00001521,0x00001524,0x000500c4,
	0x00000006,0x00001527,0x00001525,0x0000014f,0x000500c2,0x00000006,0x00001529,0x00001525,
	0x0000014f,0x000500c5,0x00000006,0x0000152a,0x00001527,0x00001529,0x000200f9,0x00001535,
	0x000200f8,0x00001535,0x000700f5,0x00000006,0x00001726,0x0000152a,0x0000151e,0x00001727,
	0x00001534,0x000200f9,0x00001536,0x000200f8,0x00001513,0x000500c7,0x00000006,0x00001515,
	0x000007a4,0x00000443,0x000500c4,0x00000006,0x00001516,0x00001515,0x000001ad,0x000500c7,
	0x00000006,0x00001518,0x000007a4,0x00000447,0x000500c2,0x00000006,0x00001519,0x00001518,
	0x000001ad,0x000500c5,0x00000006,0x0000151a,0x00001516,0x00001519,0x000200f9,0x00001536,
	0x000200f8,0x00001536,0x000700f5,0x00000006,0x00001725,0x0000151a,0x00001513,0x00001726,
	0x00001535,0x000500c2,0x00000061,0x00001545,0x00001718,0x000003d3,0x00060041,0x00000499,
	0x00001548,0x00000496,0x00000379,0x00001545,0x0003003e,0x00001548,0x00001725,0x0004003d,
	0x0000049c,0x00001549,0x0000049e,0x00040068,0x00000007,0x0000154a,0x00001549,0x0003003e,
	0x00001539,0x0000154a,0x00050041,0x00000009,0x0000154b,0x00001539,0x0000009a,0x0004003d,
	0x00000006,0x0000154c,0x0000154b,0x00050041,0x00000009,0x0000154d,0x0000153a,0x0000009a,
	0x0003003e,0x0000154d,0x0000154c,0x00050041,0x00000009,0x0000154e,0x00001539,0x00000098,
	0x0004003d,0x00000006,0x0000154f,0x0000154e,0x00050041,0x00000009,0x00001550,0x0000153a,
	0x00000098,0x0003003e,0x00001550,0x0000154f,0x00050041,0x000004ad,0x00001552,0x000004ac,
	0x000003f7,0x0004003d,0x00000006,0x00001553,0x00001552,0x00050050,0x00000007,0x00001554,
	0x0000009a,0x00001553,0x00050080,0x00000007,0x00001555,0x000006f7,0x00001554,0x0004003d,
	0x00000007,0x00001557,0x0000153a,0x000500b0,0x000004b4,0x00001558,0x00001555,0x00001557,
	0x0004009b,0x00000027,0x00001559,0x00001558,0x000300f7,0x00001562,0x00000000,0x000400fa,
	0x00001559,0x0000155a,0x00001562,0x000200f8,0x0000155a,0x00050041,0x000004ad,0x0000155c,
	0x000004ac,0x000004ba,0x0004003d,0x00000006,0x0000155d,0x0000155c,0x000500c7,0x00000006,
	0x00001588,0x0000155d,0x00000160,0x000500aa,0x00000027,0x000015a8,0x00001588,0x00000098,
	0x000300f7,0x000015cc,0x00000000,0x000400fa,0x000015a8,0x000015a9,0x000015b1,0x000200f8,
	0x000015b1,0x000500aa,0x00000027,0x000015b3,0x00001588,0x000001b1,0x000300f7,0x000015cb,
	0x00000000,0x000400fa,0x000015b3,0x000015b4,0x000015c1,0x000200f8,0x000015c1,0x000500aa,
	0x00000027,0x000015c3,0x00001588,0x000000b6,0x000300f7,0x000015ca,0x00000000,0x000400fa,
	0x000015c3,0x000015c4,0x000015ca,0x000200f8,0x000015c4,0x000500c4,0x00000006,0x000015c6,
	0x00001725,0x0000014f,0x000500c2,0x00000006,0x000015c8,0x00001725,0x0000014f,0x000500c5,
	0x00000006,0x000015c9,0x000015c6,0x000015c8,0x000200f9,0x000015ca,0x000200f8,0x000015ca,
	0x000700f5,0x00000006,0x0000172d,0x00001725,0x000015c1,0x000015c9,0x000015c4,0x000200f9,
	0x000015cb,0x000200f8,0x000015b4,0x000500c7,0x00000006,0x000015b6,0x00001725,0x00000443,
	0x000500c4,0x00000006,0x000015b7,0x000015b6,0x000001ad,0x000500c7,0x00000006,0x000015b9,
	0x00001725,0x00000447,0x000500c2,0x00000006,0x000015ba,0x000015b9,0x000001ad,0x000500c5,
	0x00000006,0x000015bb,0x000015b7,0x000015ba,0x000500c4,0x00000006,0x000015bd,0x000015bb,
	0x0000014f,0x000500c2,0x00000006,0x000015bf,0x000015bb,0x0000014f,0x000500c5,0x00000006,
	0x000015c0,0x000015bd,0x000015bf,0x000200f9,0x000015cb,0x000200f8,0x000015cb,0x000700f5,
	0x00000006,0x0000172c,0x000015c0,0x000015b4,0x0000172d,0x000015ca,0x000200f9,0x000015cc,
	0x000200f8,0x000015a9,0x000500c7,0x00000006,0x000015ab,0x00001725,0x00000443,0x000500c4,
	0x00000006,0x000015ac,0x000015ab,0x000001ad,0x000500c7,0x00000006,0x000015ae,0x00001725,
	0x00000447,0x000500c2,0x00000006,0x000015af,0x000015ae,0x000001ad,0x000500c5,0x00000006,
	0x000015b0,0x000015ac,0x000015af,0x000200f9,0x000015cc,0x000200f8,0x000015cc,0x000700f5,
	0x00000006,0x0000172b,0x000015b0,0x000015a9,0x0000172c,0x000015cb,0x000500c2,0x00000006,
	0x0000158c,0x0000155d,0x000000b6,0x000500c7,0x00000006,0x0000158d,0x0000158c,0x000000b6,
	0x000500aa,0x00000027,0x0000158f,0x0000158d,0x00000098,0x000300f7,0x000015a3,0x00000000,
	0x000400fa,0x0000158f,0x00001590,0x0000159a,0x000200f8,0x0000159a,0x000500aa,0x00000027,
	0x0000159c,0x0000158d,0x000001b1,0x000300f7,0x000015a2,0x00000000,0x000400fa,0x0000159c,
	0x0000159d,0x000015a2,0x000200f8,0x0000159d,0x000500c2,0x00000006,0x0000159f,0x0000172b,
	0x000001ad,0x000500c7,0x00000006,0x000015d4,0x0000159f,0x000000f9,0x000500c7,0x00000006,
	0x000015d6,0x0000159f,0x0000010c,0x000500c2,0x00000006,0x000015d8,0x000015d4,0x00000110,
	0x000500aa,0x00000027,0x000015da,0x000015d8,0x0000009a,0x000500ab,0x00000027,0x000015dc,
	0x000015d6,0x0000009a,0x000500a7,0x00000027,0x000015dd,0x000015da,0x000015dc,0x000300f7,
	0x000015eb,0x00000000,0x000400fa,0x000015dd,0x000015de,0x000015eb,0x000200f8,0x000015de,
	0x0006000c,0x00000006,0x000015e0,0x00000001,0x0000004b,0x000015d6,0x00050082,0x00000006,
	0x000015e2,0x00000110,0x000015e0,0x0004007c,0x00000061,0x000015e4,0x000015e2,0x00050082,
	0x00000061,0x000015e5,0x0000011f,0x000015e4,0x0004007c,0x00000006,0x000015e6,0x000015e5,
	0x000500c4,0x00000006,0x000015e9,0x000015d6,0x000015e2,0x000500c7,0x00000006,0x000015ea,
	0x000015e9,0x0000010c,0x000200f9,0x000015eb,0x000200f8,0x000015eb,0x000700f5,0x00000006,
	0x0000172f,0x000015d6,0x0000159d,0x000015ea,0x000015de,0x000700f5,0x00000006,0x0000172e,
	0x000015d8,0x0000159d,0x000015e6,0x000015de,0x000500ab,0x00000027,0x000015ed,0x000015d4,
	0x0000009a,0x00050080,0x00000006,0x000015ef,0x0000172e,0x0000012b,0x000500c4,0x00000006,
	0x000015f0,0x000015ef,0x000000c7,0x000500c4,0x00000006,0x000015f2,0x0000172f,0x000000b6,
	0x000500c5,0x00000006,0x000015f3,0x000015f0,0x000015f2,0x0004007c,0x00000025,0x000015f4,
	0x000015f3,0x000600a9,0x00000025,0x000015f5,0x000015ed,0x000015f4,0x00000102,0x0004007c,
	0x00000006,0x000015a1,0x000015f5,0x000200f9,0x000015a2,0x000200f8,0x000015a2,0x000700f5,
	0x00000006,0x00001731,0x0000172b,0x0000159a,0x000015a1,0x000015eb,0x000200f9,0x000015a3,
	0x000200f8,0x00001590,0x000500c2,0x00000006,0x00001592,0x0000172b,0x000001ad,0x000500c2,
	0x00000006,0x00001595,0x00001592,0x000000c7,0x00050080,0x00000006,0x00001596,0x00001592,
	0x00001595,0x00040070,0x00000025,0x00001597,0x00001596,0x00050085,0x00000025,0x00001598,
	0x00001597,0x00000480,0x0004007c,0x00000006,0x00001599,0x00001598,0x000200f9,0x000015a3,
	0x000200f8,0x000015a3,0x000700f5,0x00000006,0x00001730,0x00001599,0x00001590,0x00001731,
	0x000015a2,0x0004003d,0x0000049c,0x0000155f,0x0000049e,0x00040063,0x0000155f,0x00001555,
	0x00001730,0x000200f9,0x00001562,0x000200f8,0x00001562,0x00050041,0x000004ad,0x00001563,
	0x000004ac,0x000004c4,0x0004003d,0x00000006,0x00001564,0x00001563,0x000500c2,0x00000006,
	0x00001565,0x00001564,0x000004c7,0x000500c7,0x00000006,0x00001566,0x00001565,0x00000098,
	0x000500ab,0x00000027,0x00001567,0x00001566,0x0000009a,0x000300f7,0x0000157e,0x00000000,
	0x000400fa,0x00001567,0x00001568,0x0000157e,0x000200f8,0x00001568,0x0004003d,0x0000049c,
	0x00001569,0x000004ce,0x00040068,0x00000007,0x0000156a,0x00001569,0x0003003e,0x0000153f,
	0x0000156a,0x00050041,0x00000009,0x0000156b,0x0000153f,0x0000009a,0x0004003d,0x00000006,
	0x0000156c,0x0000156b,0x00050041,0x00000009,0x0000156d,0x0000153a,0x0000009a,0x0003003e,
	0x0000156d,0x0000156c,0x00050041,0x00000009,0x0000156e,0x0000153f,0x00000098,0x0004003d,
	0x00000006,0x0000156f,0x0000156e,0x00050041,0x00000009,0x00001570,0x0000153a,0x00000098,
	0x0003003e,0x00001570,0x0000156f,0x0004003d,0x00000007,0x00001572,0x0000153a,0x000500b0,
	0x000004b4,0x00001573,0x00001555,0x00001572,0x0004009b,0x00000027,0x00001574,0x00001573,
	0x000300f7,0x0000157d,0x00000000,0x000400fa,0x00001574,0x00001575,0x0000157d,0x000200f8,
	0x00001575,0x00050041,0x000004ad,0x00001577,0x000004ac,0x000004c4,0x0004003d,0x00000006,
	0x00001578,0x00001577,0x000500c7,0x00000006,0x000015ff,0x00001578,0x00000160,0x000500aa,
	0x00000027,0x0000161f,0x000015ff,0x00000098,0x000300f7,0x00001643,0x00000000,0x000400fa,
	0x0000161f,0x00001620,0x00001628,0x000200f8,0x00001628,0x000500aa,0x00000027,0x0000162a,
	0x000015ff,0x000001b1,0x000300f7,0x00001642,0x00000000,0x000400fa,0x0000162a,0x0000162b,
	0x00001638,0x000200f8,0x00001638,0x000500aa,0x00000027,0x0000163a,0x000015ff,0x000000b6,
	0x000300f7,0x00001641,0x00000000,0x000400fa,0x0000163a,0x0000163b,0x00001641,0x000200f8,
	0x0000163b,0x000500c4,0x00000006,0x0000163d,0x00001725,0x0000014f,0x000500c2,0x00000006,
	0x0000163f,0x00001725,0x0000014f,0x000500c5,0x00000006,0x00001640,0x0000163d,0x0000163f,
	0x000200f9,0x00001641,0x000200f8,0x00001641,0x000700f5,0x00000006,0x00001734,0x00001725,
	0x00001638,0x00001640,0x0000163b,0x000200f9,0x00001642,0x000200f8,0x0000162b,0x000500c7,
	0x00000006,0x0000162d,0x00001725,0x00000443,0x000500c4,0x00000006,0x0000162e,0x0000162d,
	0x000001ad,0x000500c7,0x00000006,0x00001630,0x00001725,0x00000447,0x000500c2,0x00000006,
	0x00001631,0x00001630,0x000001ad,0x000500c5,0x00000006,0x00001632,0x0000162e,0x00001631,
	0x000500c4,0x00000006,0x00001634,0x00001632,0x0000014f,0x000500c2,0x00000006,0x00001636,
	0x00001632,0x0000014f,0x000500c5,0x00000006,0x00001637,0x00001634,0x00001636,0x000200f9,
	0x00001642,0x000200f8,0x00001642,0x000700f5,0x00000006,0x00001733,0x00001637,0x0000162b,
	0x00001734,0x00001641,0x000200f9,0x00001643,0x000200f8,0x00001620,0x000500c7,0x00000006,
	0x00001622,0x00001725,0x00000443,0x000500c4,0x00000006,0x00001623,0x00001622,0x000001ad,
	0x000500c7,0x00000006,0x00001625,0x00001725,0x00000447,0x000500c2,0x00000006,0x00001626,
	0x00001625,0x000001ad,0x000500c5,0x00000006,0x00001627,0x00001623,0x00001626,0x000200f9,
	0x00001643,0x000200f8,0x00001643,0x000700f5,0x00000006,0x00001732,0x00001627,0x00001620,
	0x00001733,0x00001642,0x000500c2,0x00000006,0x00001603,0x00001578,0x000000b6,0x000500c7,
	0x00000006,0x00001604,0x00001603,0x000000b6,0x000500aa,0x00000027,0x00001606,0x00001604,
	0x00000098,0x000300f7,0x0000161a,0x00000000,0x000400fa,0x00001606,0x00001607,0x00001611,
	0x000200f8,0x00001611,0x000500aa,0x00000027,0x00001613,0x00001604,0x000001b1,0x000300f7,
	0x00001619,0x00000000,0x000400fa,0x00001613,0x00001614,0x00001619,0x000200f8,0x00001614,
	0x000500c2,0x00000006,0x00001616,0x00001732,0x000001ad,0x000500c7,0x00000006,0x0000164b,
	0x00001616,0x000000f9,0x000500c7,0x00000006,0x0000164d,0x00001616,0x0000010c,0x000500c2,
	0x00000006,0x0000164f,0x0000164b,0x00000110,0x000500aa,0x00000027,0x00001651,0x0000164f,
	0x0000009a,0x000500ab,0x00000027,0x00001653,0x0000164d,0x0000009a,0x000500a7,0x00000027,
	0x00001654,0x00001651,0x00001653,0x000300f7,0x00001662,0x00000000,0x000400fa,0x00001654,
	0x00001655,0x00001662,0x000200f8,0x00001655,0x0006000c,0x00000006,0x00001657,0x00000001,
	0x0000004b,0x0000164d,0x00050082,0x00000006,0x00001659,0x00000110,0x00001657,0x0004007c,
	0x00000061,0x0000165b,0x00001659,0x00050082,0x00000061,0x0000165c,0x0000011f,0x0000165b,
	0x0004007c,0x00000006,0x0000165d,0x0000165c,0x000500c4,0x00000006,0x00001660,0x0000164d,
	0x00001659,0x000500c7,0x00000006,0x00001661,0x00001660,0x0000010c,0x000200f9,0x00001662,
	0x000200f8,0x00001662,0x000700f5,0x00000006,0x00001736,0x0000164d,0x00001614,0x00001661,
	0x00001655,0x000700f5,0x00000006,0x00001735,0x0000164f,0x00001614,0x0000165d,0x00001655,
	0x000500ab,0x00000027,0x00001664,0x0000164b,0x0000009a,0x00050080,0x00000006,0x00001666,
	0x00001735,0x0000012b,0x000500c4,0x00000006,0x00001667,0x00001666,0x000000c7,0x000500c4,
	0x00000006,0x00001669,0x00001736,0x000000b6,0x000500c5,0x00000006,0x0000166a,0x00001667,
	0x00001669,0x0004007c,0x00000025,0x0000166b,0x0000166a,0x000600a9,0x00000025,0x0000166c,
	0x00001664,0x0000166b,0x00000102,0x0004007c,0x00000006,0x00001618,0x0000166c,0x000200f9,
	0x00001619,0x000200f8,0x00001619,0x000700f5,0x00000006,0x00001738,0x00001732,0x00001611,
	0x00001618,0x00001662,0x000200f9,0x0000161a,0x000200f8,0x00001607,0x000500c2,0x00000006,
	0x00001609,0x00001732,0x000001ad,0x000500c2,0x00000006,0x0000160c,0x00001609,0x000000c7,
	0x00050080,0x00000006,0x0000160d,0x00001609,0x0000160c,0x00040070,0x00000025,0x0000160e,
	0x0000160d,0x00050085,0x00000025,0x0000160f,0x0000160e,0x00000480,0x0004007c,0x00000006,
	0x00001610,0x0000160f,0x000200f9,0x0000161a,0x000200f8,0x0000161a,0x000700f5,0x00000006,
	0x00001737,0x00001610,0x00001607,0x00001738,0x00001619,0x0004003d,0x0000049c,0x0000157a,
	0x000004ce,0x00040063,0x0000157a,0x00001555,0x00001737,0x000200f9,0x0000157d,0x000200f8,
	0x0000157d,0x000200f9,0x0000157e,0x000200f8,0x0000157e,0x000200f9,0x000007db,0x000200f8,
	0x000007db,0x000200f9,0x000007dc,0x000200f8,0x00000796,0x0004003d,0x00000041,0x00000797,
	0x000006b9,0x0003003e,0x000006c8,0x00000797,0x000200f9,0x000012d0,0x000200f8,0x000012d0,
	0x000200f9,0x000012e6,0x000200f8,0x000012e6,0x00050041,0x00000026,0x000012e7,0x000006c8,
	0x0000009a,0x0004003d,0x00000025,0x000012e8,0x000012e7,0x0008000c,0x00000025,0x00001338,
	0x00000001,0x0000002b,0x000012e8,0x00000102,0x00000192,0x00050085,0x00000025,0x0000133a,
	0x00001338,0x000001c0,0x00050081,0x00000025,0x0000133b,0x0000133a,0x00000196,0x0004006d,
	0x00000006,0x0000133c,0x0000133b,0x00050041,0x00000026,0x000012ea,0x000006c8,0x00000098,
	0x0004003d,0x00000025,0x000012eb,0x000012ea,0x0008000c,0x00000025,0x00001340,0x00000001,
	0x0000002b,0x000012eb,0x00000102,0x00000192,0x00050085,0x00000025,0x00001342,0x00001340,
	0x000001c0,0x00050081,0x00000025,0x00001343,0x00001342,0x00000196,0x0004006d,0x00000006,
	0x00001344,0x00001343,0x000500c4,0x00000006,0x000012ed,0x00001344,0x000001cb,0x000500c5,
	0x00000006,0x000012ee,0x0000133c,0x000012ed,0x00050041,0x00000026,0x000012ef,0x000006c8,
	0x000001b1,0x0004003d,0x00000025,0x000012f0,0x000012ef,0x0008000c,0x00000025,0x00001348,
	0x00000001,0x0000002b,0x000012f0,0x00000102,0x00000192,0x00050085,0x00000025,0x0000134a,
	0x00001348,0x000001c0,0x00050081,0x00000025,0x0000134b,0x0000134a,0x00000196,0x0004006d,
	0x00000006,0x0000134c,0x0000134b,0x000500c4,0x00000006,0x000012f2,0x0000134c,0x00000110,
	0x000500c5,0x00000006,0x000012f3,0x000012ee,0x000012f2,0x00050041,0x00000026,0x000012f4,
	0x000006c8,0x000000b6,0x0004003d,0x00000025,0x000012f5,0x000012f4,0x0008000c,0x00000025,
	0x00001350,0x00000001,0x0000002b,0x000012f5,0x00000102,0x00000192,0x00050085,0x00000025,
	0x00001352,0x00001350,0x000001d5,0x00050081,0x00000025,0x00001353,0x00001352,0x00000196,
	0x0004006d,0x00000006,0x00001354,0x00001353,0x000500c4,0x00000006,0x000012f7,0x00001354,
	0x000001db,0x000500c5,0x00000006,0x000012f8,0x000012f3,0x000012f7,0x000200f9,0x00001310,
	0x000200f8,0x00001310,0x000200f9,0x00001313,0x000200f8,0x00001313,0x000500aa,0x00000027,
	0x000013b4,0x00000718,0x00000098,0x000300f7,0x000013d8,0x00000000,0x000400fa,0x000013b4,
	0x000013b5,0x000013bd,0x000200f8,0x000013bd,0x000500aa,0x00000027,0x000013bf,0x00000718,
	0x000001b1,0x000300f7,0x000013d7,0x00000000,0x000400fa,0x000013bf,0x000013c0,0x000013cd,
	0x000200f8,0x000013cd,0x000500aa,0x00000027,0x000013cf,0x00000718,0x000000b6,0x000300f7,
	0x000013d6,0x00000000,0x000400fa,0x000013cf,0x000013d0,0x000013d6,0x000200f8,0x000013d0,
	0x000500c4,0x00000006,0x000013d2,0x000012f8,0x0000014f,0x000500c2,0x00000006,0x000013d4,
	0x000012f8,0x0000014f,0x000500c5,0x00000006,0x000013d5,0x000013d2,0x000013d4,0x000200f9,
	0x000013d6,0x000200f8,0x000013d6,0x000700f5,0x00000006,0x0000173e,0x000012f8,0x000013cd,
	0x000013d5,0x000013d0,0x000200f9,0x000013d7,0x000200f8,0x000013c0,0x000500c7,0x00000006,
	0x000013c2,0x000012f8,0x00000443,0x000500c4,0x00000006,0x000013c3,0x000013c2,0x000001ad,
	0x000500c7,0x00000006,0x000013c5,0x000012f8,0x00000447,0x000500c2,0x00000006,0x000013c6,
	0x000013c5,0x000001ad,0x000500c5,0x00000006,0x000013c7,0x000013c3,0x000013c6,0x000500c4,
	0x00000006,0x000013c9,0x000013c7,0x0000014f,0x000500c2,0x00000006,0x000013cb,0x000013c7,
	0x0000014f,0x000500c5,0x00000006,0x000013cc,0x000013c9,0x000013cb,0x000200f9,0x000013d7,
	0x000200f8,0x000013d7,0x000700f5,0x00000006,0x0000173d,0x000013cc,0x000013c0,0x0000173e,
	0x000013d6,0x000200f9,0x000013d8,0x000200f8,0x000013b5,0x000500c7,0x00000006,0x000013b7,
	0x000012f8,0x00000443,0x000500c4,0x00000006,0x000013b8,0x000013b7,0x000001ad,0x000500c7,
	0x00000006,0x000013ba,0x000012f8,0x00000447,0x000500c2,0x00000006,0x000013bb,0x000013ba,
	0x000001ad,0x000500c5,0x00000006,0x000013bc,0x000013b8,0x000013bb,0x000200f9,0x000013d8,
	0x000200f8,0x000013d8,0x000700f5,0x00000006,0x0000173c,0x000013bc,0x000013b5,0x0000173d,
	0x000013d7,0x000500c2,0x00000061,0x000013e7,0x00001718,0x000003d3,0x00060041,0x00000499,
	0x000013ea,0x00000496,0x00000379,0x000013e7,0x0003003e,0x000013ea,0x0000173c,0x0004003d,
	0x0000049c,0x000013eb,0x0000049e,0x00040068,0x00000007,0x000013ec,0x000013eb,0x0003003e,
	0x000013db,0x000013ec,0x00050041,0x00000009,0x000013ed,0x000013db,0x0000009a,0x0004003d,
	0x00000006,0x000013ee,0x000013ed,0x00050041,0x00000009,0x000013ef,0x000013dc,0x0000009a,
	0x0003003e,0x000013ef,0x000013ee,0x00050041,0x00000009,0x000013f0,0x000013db,0x00000098,
	0x0004003d,0x00000006,0x000013f1,0x000013f0,0x00050041,0x00000009,0x000013f2,0x000013dc,
	0x00000098,0x0003003e,0x000013f2,0x000013f1,0x00050041,0x000004ad,0x000013f4,0x000004ac,
	0x000003f7,0x0004003d,0x00000006,0x000013f5,0x000013f4,0x00050050,0x00000007,0x000013f6,
	0x0000009a,0x000013f5,0x00050080,0x00000007,0x000013f7,0x000006f7,0x000013f6,0x0004003d,
	0x00000007,0x000013f9,0x000013dc,0x000500b0,0x000004b4,0x000013fa,0x000013f7,0x000013f9,
	0x0004009b,0x00000027,0x000013fb,0x000013fa,0x000300f7,0x00001404,0x00000000,0x000400fa,
	0x000013fb,0x000013fc,0x00001404,0x000200f8,0x000013fc,0x00050041,0x000004ad,0x000013fe,
	0x000004ac,0x000004ba,0x0004003d,0x00000006,0x000013ff,0x000013fe,0x000500c7,0x00000006,
	0x0000142a,0x000013ff,0x00000160,0x000500aa,0x00000027,0x0000144a,0x0000142a,0x00000098,
	0x000300f7,0x0000146e,0x00000000,0x000400fa,0x0000144a,0x0000144b,0x00001453,0x000200f8,
	0x00001453,0x000500aa,0x00000027,0x00001455,0x0000142a,0x000001b1,0x000300f7,0x0000146d,
	0x00000000,0x000400fa,0x00001455,0x00001456,0x00001463,0x000200f8,0x00001463,0x000500aa,
	0x00000027,0x00001465,0x0000142a,0x000000b6,0x000300f7,0x0000146c,0x00000000,0x000400fa,
	0x00001465,0x00001466,0x0000146c,0x000200f8,0x00001466,0x000500c4,0x00000006,0x00001468,
	0x0000173c,0x0000014f,0x000500c2,0x00000006,0x0000146a,0x0000173c,0x0000014f,0x000500c5,
	0x00000006,0x0000146b,0x00001468,0x0000146a,0x000200f9,0x0000146c,0x000200f8,0x0000146c,
	0x000700f5,0x00000006,0x00001749,0x0000173c,0x00001463,0x0000146b,0x00001466,0x000200f9,
	0x0000146d,0x000200f8,0x00001456,0x000500c7,0x00000006,0x00001458,0x0000173c,0x00000443,
	0x000500c4,0x00000006,0x00001459,0x00001458,0x000001ad,0x000500c7,0x00000006,0x0000145b,
	0x0000173c,0x00000447,0x000500c2,0x00000006,0x0000145c,0x0000145b,0x000001ad,0x000500c5,
	0x00000006,0x0000145d,0x00001459,0x0000145c,0x000500c4,0x00000006,0x0000145f,0x0000145d,
	0x0000014f,0x000500c2,0x00000006,0x00001461,0x0000145d,0x0000014f,0x000500c5,0x00000006,
	0x00001462,0x0000145f,0x00001461,0x000200f9,0x0000146d,0x000200f8,0x0000146d,0x000700f5,
	0x00000006,0x00001748,0x00001462,0x00001456,0x00001749,0x0000146c,0x000200f9,0x0000146e,
	0x000200f8,0x0000144b,0x000500c7,0x00000006,0x0000144d,0x0000173c,0x00000443,0x000500c4,
	0x00000006,0x0000144e,0x0000144d,0x000001ad,0x000500c7,0x00000006,0x00001450,0x0000173c,
	0x00000447,0x000500c2,0x00000006,0x00001451,0x00001450,0x000001ad,0x000500c5,0x00000006,
	0x00001452,0x0000144e,0x00001451,0x000200f9,0x0000146e,0x000200f8,0x0000146e,0x000700f5,
	0x00000006,0x00001747,0x00001452,0x0000144b,0x00001748,0x0000146d,0x000500c2,0x00000006,
	0x0000142e,0x000013ff,0x000000b6,0x000500c7,0x00000006,0x0000142f,0x0000142e,0x000000b6,
	0x000500aa,0x00000027,0x00001431,0x0000142f,0x00000098,0x000300f7,0x00001445,0x00000000,
	0x000400fa,0x00001431,0x00001432,0x0000143c,0x000200f8,0x0000143c,0x000500aa,0x00000027,
	0x0000143e,0x0000142f,0x000001b1,0x000300f7,0x00001444,0x00000000,0x000400fa,0x0000143e,
	0x0000143f,0x00001444,0x000200f8,0x0000143f,0x000500c2,0x00000006,0x00001441,0x00001747,
	0x000001ad,0x000500c7,0x00000006,0x00001476,0x00001441,0x000000f9,0x000500c7,0x00000006,
	0x00001478,0x00001441,0x0000010c,0x000500c2,0x00000006,0x0000147a,0x00001476,0x00000110,
	0x000500aa,0x00000027,0x0000147c,0x0000147a,0x0000009a,0x000500ab,0x00000027,0x0000147e,
	0x00001478,0x0000009a,0x000500a7,0x00000027,0x0000147f,0x0000147c,0x0000147e,0x000300f7,
	0x0000148d,0x00000000,0x000400fa,0x0000147f,0x00001480,0x0000148d,0x000200f8,0x00001480,
	0x0006000c,0x00000006,0x00001482,0x00000001,0x0000004b,0x00001478,0x00050082,0x00000006,
	0x00001484,0x00000110,0x00001482,0x0004007c,0x00000061,0x00001486,0x00001484,0x00050082,
	0x00000061,0x00001487,0x0000011f,0x00001486,0x0004007c,0x00000006,0x00001488,0x00001487,
	0x000500c4,0x00000006,0x0000148b,0x00001478,0x00001484,0x000500c7,0x00000006,0x0000148c,
	0x0000148b,0x0000010c,0x000200f9,0x0000148d,0x000200f8,0x0000148d,0x000700f5,0x00000006,
	0x0000174b,0x00001478,0x0000143f,0x0000148c,0x00001480,0x000700f5,0x00000006,0x0000174a,
	0x0000147a,0x0000143f,0x00001488,0x00001480,0x000500ab,0x00000027,0x0000148f,0x00001476,
	0x0000009a,0x00050080,0x00000006,0x00001491,0x0000174a,0x0000012b,0x000500c4,0x00000006,
	0x00001492,0x00001491,0x000000c7,0x000500c4,0x00000006,0x00001494,0x0000174b,0x000000b6,
	0x000500c5,0x00000006,0x00001495,0x00001492,0x00001494,0x0004007c,0x00000025,0x00001496,
	0x00001495,0x000600a9,0x00000025,0x00001497,0x0000148f,0x00001496,0x00000102,0x0004007c,
	0x00000006,0x00001443,0x00001497,0x000200f9,0x00001444,0x000200f8,0x00001444,0x000700f5,
	0x00000006,0x0000174d,0x00001747,0x0000143c,0x00001443,0x0000148d,0x000200f9,0x00001445,
	0x000200f8,0x00001432,0x000500c2,0x00000006,0x00001434,0x00001747,0x000001ad,0x000500c2,
	0x00000006,0x00001437,0x00001434,0x000000c7,0x00050080,0x00000006,0x00001438,0x00001434,
	0x00001437,0x00040070,0x00000025,0x00001439,0x00001438,0x00050085,0x00000025,0x0000143a,
	0x00001439,0x00000480,0x0004007c,0x00000006,0x0000143b,0x0000143a,0x000200f9,0x00001445,
	0x000200f8,0x00001445,0x000700f5,0x00000006,0x0000174c,0x0000143b,0x00001432,0x0000174d,
	0x00001444,0x0004003d,0x0000049c,0x00001401,0x0000049e,0x00040063,0x00001401,0x000013f7,
	0x0000174c,0x000200f9,0x00001404,0x000200f8,0x00001404,0x00050041,0x000004ad,0x00001405,
	0x000004ac,0x000004c4,0x0004003d,0x00000006,0x00001406,0x00001405,0x000500c2,0x00000006,
	0x00001407,0x00001406,0x000004c7,0x000500c7,0x00000006,0x00001408,0x00001407,0x00000098,
	0x000500ab,0x00000027,0x00001409,0x00001408,0x0000009a,0x000300f7,0x00001420,0x00000000,
	0x000400fa,0x00001409,0x0000140a,0x00001420,0x000200f8,0x0000140a,0x0004003d,0x0000049c,
	0x0000140b,0x000004ce,0x00040068,0x00000007,0x0000140c,0x0000140b,0x0003003e,0x000013e1,
	0x0000140c,0x00050041,0x00000009,0x0000140d,0x000013e1,0x0000009a,0x0004003d,0x00000006,
	0x0000140e,0x0000140d,0x00050041,0x00000009,0x0000140f,0x000013dc,0x0000009a,0x0003003e,
	0x0000140f,0x0000140e,0x00050041,0x00000009,0x00001410,0x000013e1,0x00000098,0x0004003d,
	0x00000006,0x00001411,0x00001410,0x00050041,0x00000009,0x00001412,0x000013dc,0x00000098,
	0x0003003e,0x00001412,0x00001411,0x0004003d,0x00000007,0x00001414,0x000013dc,0x000500b0,
	0x000004b4,0x00001415,0x000013f7,0x00001414,0x0004009b,0x00000027,0x00001416,0x00001415,
	0x000300f7,0x0000141f,0x00000000,0x000400fa,0x00001416,0x00001417,0x0000141f,0x000200f8,
	0x00001417,0x00050041,0x000004ad,0x00001419,0x000004ac,0x000004c4,0x0004003d,0x00000006,
	0x0000141a,0x00001419,0x000500c7,0x00000006,0x000014a1,0x0000141a,0x00000160,0x000500aa,
	0x00000027,0x000014c1,0x000014a1,0x00000098,0x000300f7,0x000014e5,0x00000000,0x000400fa,
	0x000014c1,0x000014c2,0x000014ca,0x000200f8,0x000014ca,0x000500aa,0x00000027,0x000014cc,
	0x000014a1,0x000001b1,0x000300f7,0x000014e4,0x00000000,0x000400fa,0x000014cc,0x000014cd,
	0x000014da,0x000200f8,0x000014da,0x000500aa,0x00000027,0x000014dc,0x000014a1,0x000000b6,
	0x000300f7,0x000014e3,0x00000000,0x000400fa,0x000014dc,0x000014dd,0x000014e3,0x000200f8,
	0x000014dd,0x000500c4,0x00000006,0x000014df,0x0000173c,0x0000014f,0x000500c2,0x00000006,
	0x000014e1,0x0000173c,0x0000014f,0x000500c5,0x00000006,0x000014e2,0x000014df,0x000014e1,
	0x000200f9,0x000014e3,0x000200f8,0x000014e3,0x000700f5,0x00000006,0x00001750,0x0000173c,
	0x000014da,0x000014e2,0x000014dd,0x000200f9,0x000014e4,0x000200f8,0x000014cd,0x000500c7,
	0x00000006,0x000014cf,0x0000173c,0x00000443,0x000500c4,0x00000006,0x000014d0,0x000014cf,
	0x000001ad,0x000500c7,0x00000006,0x000014d2,0x0000173c,0x00000447,0x000500c2,0x00000006,
	0x000014d3,0x000014d2,0x000001ad,0x000500c5,0x00000006,0x000014d4,0x000014d0,0x000014d3,
	0x000500c4,0x00000006,0x000014d6,0x000014d4,0x0000014f,0x000500c2,0x00000006,0x000014d8,
	0x000014d4,0x0000014f,0x000500c5,0x00000006,0x000014d9,0x000014d6,0x000014d8,0x000200f9,
	0x000014e4,0x000200f8,0x000014e4,0x000700f5,0x00000006,0x0000174f,0x000014d9,0x000014cd,
	0x00001750,0x000014e3,0x000200f9,0x000014e5,0x000200f8,0x000014c2,0x000500c7,0x00000006,
	0x000014c4,0x0000173c,0x00000443,0x000500c4,0x00000006,0x000014c5,0x000014c4,0x000001ad,
	0x000500c7,0x00000006,0x000014c7,0x0000173c,0x00000447,0x000500c2,0x00000006,0x000014c8,
	0x000014c7,0x000001ad,0x000500c5,0x00000006,0x000014c9,0x000014c5,0x000014c8,0x000200f9,
	0x000014e5,0x000200f8,0x000014e5,0x000700f5,0x00000006,0x0000174e,0x000014c9,0x000014c2,
	0x0000174f,0x000014e4,0x000500c2,0x00000006,0x000014a5,0x0000141a,0x000000b6,0x000500c7,
	0x00000006,0x000014a6,0x000014a5,0x000000b6,0x000500aa,0x00000027,0x000014a8,0x000014a6,
	0x00000098,0x000300f7,0x000014bc,0x00000000,0x000400fa,0x000014a8,0x000014a9,0x000014b3,
	0x000200f8,0x000014b3,0x000500aa,0x00000027,0x000014b5,0x000014a6,0x000001b1,0x000300f7,
	0x000014bb,0x00000000,0x000400fa,0x000014b5,0x000014b6,0x000014bb,0x000200f8,0x000014b6,
	0x000500c2,0x00000006,0x000014b8,0x0000174e,0x000001ad,0x000500c7,0x00000006,0x000014ed,
	0x000014b8,0x000000f9,0x000500c7,0x00000006,0x000014ef,0x000014b8,0x0000010c,0x000500c2,
	0x00000006,0x000014f1,0x000014ed,0x00000110,0x000500aa,0x00000027,0x000014f3,0x000014f1,
	0x0000009a,0x000500ab,0x00000027,0x000014f5,0x000014ef,0x0000009a,0x000500a7,0x00000027,
	0x000014f6,0x000014f3,0x000014f5,0x000300f7,0x00001504,0x00000000,0x000400fa,0x000014f6,
	0x000014f7,0x00001504,0x000200f8,0x000014f7,0x0006000c,0x00000006,0x000014f9,0x00000001,
	0x0000004b,0x000014ef,0x00050082,0x00000006,0x000014fb,0x00000110,0x000014f9,0x0004007c,
	0x00000061,0x000014fd,0x000014fb,0x00050082,0x00000061,0x000014fe,0x0000011f,0x000014fd,
	0x0004007c,0x00000006,0x000014ff,0x000014fe,0x000500c4,0x00000006,0x00001502,0x000014ef,
	0x000014fb,0x000500c7,0x00000006,0x00001503,0x00001502,0x0000010c,0x000200f9,0x00001504,
	0x000200f8,0x00001504,0x000700f5,0x00000006,0x00001752,0x000014ef,0x000014b6,0x00001503,
	0x000014f7,0x000700f5,0x00000006,0x00001751,0x000014f1,0x000014b6,0x000014ff,0x000014f7,
	0x000500ab,0x00000027,0x00001506,0x000014ed,0x0000009a,0x00050080,0x00000006,0x00001508,
	0x00001751,0x0000012b,0x000500c4,0x00000006,0x00001509,0x00001508,0x000000c7,0x000500c4,
	0x00000006,0x0000150b,0x00001752,0x000000b6,0x000500c5,0x00000006,0x0000150c,0x00001509,
	0x0000150b,0x0004007c,0x00000025,0x0000150d,0x0000150c,0x000600a9,0x00000025,0x0000150e,
	0x00001506,0x0000150d,0x00000102,0x0004007c,0x00000006,0x000014ba,0x0000150e,0x000200f9,
	0x000014bb,0x000200f8,0x000014bb,0x000700f5,0x00000006,0x00001754,0x0000174e,0x000014b3,
	0x000014ba,0x00001504,0x000200f9,0x000014bc,0x000200f8,0x000014a9,0x000500c2,0x00000006,
	0x000014ab,0x0000174e,0x000001ad,0x000500c2,0x00000006,0x000014ae,0x000014ab,0x000000c7,
	0x00050080,0x00000006,0x000014af,0x000014ab,0x000014ae,0x00040070,0x00000025,0x000014b0,
	0x000014af,0x00050085,0x00000025,0x000014b1,0x000014b0,0x00000480,0x0004007c,0x00000006,
	0x000014b2,0x000014b1,0x000200f9,0x000014bc,0x000200f8,0x000014bc,0x000700f5,0x00000006,
	0x00001753,0x000014b2,0x000014a9,0x00001754,0x000014bb,0x0004003d,0x0000049c,0x0000141c,
	0x000004ce,0x00040063,0x0000141c,0x000013f7,0x00001753,0x000200f9,0x0000141f,0x000200f8,
	0x0000141f,0x000200f9,0x00001420,0x000200f8,0x00001420,0x000200f9,0x000007dc,0x000200f8,
	0x000007dc,0x000200f9,0x000007dd,0x000200f8,0x0000078b,0x0004003d,0x00000041,0x0000078c,
	0x000006b9,0x0003003e,0x000006c1,0x0000078c,0x000200f9,0x00001078,0x000200f8,0x00001078,
	0x000200f9,0x0000107b,0x000200f8,0x0000107b,0x00050041,0x00000026,0x0000107c,0x000006c1,
	0x0000009a,0x0004003d,0x00000025,0x0000107d,0x0000107c,0x0008000c,0x00000025,0x000010c0,
	0x00000001,0x0000002b,0x0000107d,0x00000102,0x00000192,0x00050085,0x00000025,0x000010c2,
	0x000010c0,0x000001a2,0x00050081,0x00000025,0x000010c3,0x000010c2,0x00000196,0x0004006d,
	0x00000006,0x000010c4,0x000010c3,0x00050041,0x00000026,0x0000107f,0x000006c1,0x00000098,
	0x0004003d,0x00000025,0x00001080,0x0000107f,0x0008000c,0x00000025,0x000010c8,0x00000001,
	0x0000002b,0x00001080,0x00000102,0x00000192,0x00050085,0x00000025,0x000010ca,0x000010c8,
	0x000001a2,0x00050081,0x00000025,0x000010cb,0x000010ca,0x00000196,0x0004006d,0x00000006,
	0x000010cc,0x000010cb,0x000500c4,0x00000006,0x00001082,0x000010cc,0x000001ad,0x000500c5,
	0x00000006,0x00001083,0x000010c4,0x00001082,0x00050041,0x00000026,0x00001084,0x000006c1,
	0x000001b1,0x0004003d,0x00000025,0x00001085,0x00001084,0x0008000c,0x00000025,0x000010d0,
	0x00000001,0x0000002b,0x00001085,0x00000102,0x00000192,0x00050085,0x00000025,0x000010d2,
	0x000010d0,0x000001a2,0x00050081,0x00000025,0x000010d3,0x000010d2,0x00000196,0x0004006d,
	0x00000006,0x000010d4,0x000010d3,0x000500c4,0x00000006,0x00001087,0x000010d4,0x0000014f,
	0x000500c5,0x00000006,0x00001088,0x00001083,0x00001087,0x00050041,0x00000026,0x00001089,
	0x000006c1,0x000000b6,0x0004003d,0x00000025,0x0000108a,0x00001089,0x0008000c,0x00000025,
	0x000010d8,0x00000001,0x0000002b,0x0000108a,0x00000102,0x00000192,0x00050085,0x00000025,
	0x000010da,0x000010d8,0x000001a2,0x00050081,0x00000025,0x000010db,0x000010da,0x00000196,
	0x0004006d,0x00000006,0x000010dc,0x000010db,0x000500c4,0x00000006,0x0000108c,0x000010dc,
	0x000000e0,0x000500c5,0x00000006,0x0000108d,0x00001088,0x0000108c,0x000200f9,0x000010b8,
	0x000200f8,0x000010b8,0x000200f9,0x000010bb,0x000200f8,0x000010bb,0x000500aa,0x00000027,
	0x0000115c,0x00000718,0x00000098,0x000300f7,0x00001180,0x00000000,0x000400fa,0x0000115c,
	0x0000115d,0x00001165,0x000200f8,0x00001165,0x000500aa,0x00000027,0x00001167,0x00000718,
	0x000001b1,0x000300f7,0x0000117f,0x00000000,0x000400fa,0x00001167,0x00001168,0x00001175,
	0x000200f8,0x00001175,0x000500aa,0x00000027,0x00001177,0x00000718,0x000000b6,0x000300f7,
	0x0000117e,0x00000000,0x000400fa,0x00001177,0x00001178,0x0000117e,0x000200f8,0x00001178,
	0x000500c4,0x00000006,0x0000117a,0x0000108d,0x0000014f,0x000500c2,0x00000006,0x0000117c,
	0x0000108d,0x0000014f,0x000500c5,0x00000006,0x0000117d,0x0000117a,0x0000117c,0x000200f9,
	0x0000117e,0x000200f8,0x0000117e,0x000700f5,0x00000006,0x0000175a,0x0000108d,0x00001175,
	0x0000117d,0x00001178,0x000200f9,0x0000117f,0x000200f8,0x00001168,0x000500c7,0x00000006,
	0x0000116a,0x0000108d,0x00000443,0x000500c4,0x00000006,0x0000116b,0x0000116a,0x000001ad,
	0x000500c7,0x00000006,0x0000116d,0x0000108d,0x00000447,0x000500c2,0x00000006,0x0000116e,
	0x0000116d,0x000001ad,0x000500c5,0x00000006,0x0000116f,0x0000116b,0x0000116e,0x000500c4,
	0x00000006,0x00001171,0x0000116f,0x0000014f,0x000500c2,0x00000006,0x00001173,0x0000116f,
	0x0000014f,0x000500c5,0x00000006,0x00001174,0x00001171,0x00001173,0x000200f9,0x0000117f,
	0x000200f8,0x0000117f,0x000700f5,0x00000006,0x00001759,0x00001174,0x00001168,0x0000175a,
	0x0000117e,0x000200f9,0x00001180,0x000200f8,0x0000115d,0x000500c7,0x00000006,0x0000115f,
	0x0000108d,0x00000443,0x000500c4,0x00000006,0x00001160,0x0000115f,0x000001ad,0x000500c7,
	0x00000006,0x00001162,0x0000108d,0x00000447,0x000500c2,0x00000006,0x00001163,0x00001162,
	0x000001ad,0x000500c5,0x00000006,0x00001164,0x00001160,0x00001163,0x000200f9,0x00001180,
	0x000200f8,0x00001180,0x000700f5,0x00000006,0x00001758,0x00001164,0x0000115d,0x00001759,
	0x0000117f,0x000500c2,0x00000061,0x0000118f,0x00001718,0x000003d3,0x00060041,0x00000499,
	0x00001192,0x00000496,0x00000379,0x0000118f,0x0003003e,0x00001192,0x00001758,0x0004003d,
	0x0000049c,0x00001193,0x0000049e,0x00040068,0x00000007,0x00001194,0x00001193,0x0003003e,
	0x00001183,0x00001194,0x00050041,0x00000009,0x00001195,0x00001183,0x0000009a,0x0004003d,
	0x00000006,0x00001196,0x00001195,0x00050041,0x00000009,0x00001197,0x00001184,0x0000009a,
	0x0003003e,0x00001197,0x00001196,0x00050041,0x00000009,0x00001198,0x00001183,0x00000098,
	0x0004003d,0x00000006,0x00001199,0x00001198,0x00050041,0x00000009,0x0000119a,0x00001184,
	0x00000098,0x0003003e,0x0000119a,0x00001199,0x00050041,0x000004ad,0x0000119c,0x000004ac,
	0x000003f7,0x0004003d,0x00000006,0x0000119d,0x0000119c,0x00050050,0x00000007,0x0000119e,
	0x0000009a,0x0000119d,0x00050080,0x00000007,0x0000119f,0x000006f7,0x0000119e,0x0004003d,
	0x00000007,0x000011a1,0x00001184,0x000500b0,0x000004b4,0x000011a2,0x0000119f,0x000011a1,
	0x0004009b,0x00000027,0x000011a3,0x000011a2,0x000300f7,0x000011ac,0x00000000,0x000400fa,
	0x000011a3,0x000011a4,0x000011ac,0x000200f8,0x000011a4,0x00050041,0x000004ad,0x000011a6,
	0x000004ac,0x000004ba,0x0004003d,0x00000006,0x000011a7,0x000011a6,0x000500c7,0x00000006,
	0x000011d2,0x000011a7,0x00000160,0x000500aa,0x00000027,0x000011f2,0x000011d2,0x00000098,
	0x000300f7,0x00001216,0x00000000,0x000400fa,0x000011f2,0x000011f3,0x000011fb,0x000200f8,
	0x000011fb,0x000500aa,0x00000027,0x000011fd,0x000011d2,0x000001b1,0x000300f7,0x00001215,
	0x00000000,0x000400fa,0x000011fd,0x000011fe,0x0000120b,0x000200f8,0x0000120b,0x000500aa,
	0x00000027,0x0000120d,0x000011d2,0x000000b6,0x000300f7,0x00001214,0x00000000,0x000400fa,
	0x0000120d,0x0000120e,0x00001214,0x000200f8,0x0000120e,0x000500c4,0x00000006,0x00001210,
	0x00001758,0x0000014f,0x000500c2,0x00000006,0x00001212,0x00001758,0x0000014f,0x000500c5,
	0x00000006,0x00001213,0x00001210,0x00001212,0x000200f9,0x00001214,0x000200f8,0x00001214,
	0x000700f5,0x00000006,0x00001765,0x00001758,0x0000120b,0x00001213,0x0000120e,0x000200f9,
	0x00001215,0x000200f8,0x000011fe,0x000500c7,0x00000006,0x00001200,0x00001758,0x00000443,
	0x000500c4,0x00000006,0x00001201,0x00001200,0x000001ad,0x000500c7,0x00000006,0x00001203,
	0x00001758,0x00000447,0x000500c2,0x00000006,0x00001204,0x00001203,0x000001ad,0x000500c5,
	0x00000006,0x00001205,0x00001201,0x00001204,0x000500c4,0x00000006,0x00001207,0x00001205,
	0x0000014f,0x000500c2,0x00000006,0x00001209,0x00001205,0x0000014f,0x000500c5,0x00000006,
	0x0000120a,0x00001207,0x00001209,0x000200f9,0x00001215,0x000200f8,0x00001215,0x000700f5,
	0x00000006,0x00001764,0x0000120a,0x000011fe,0x00001765,0x00001214,0x000200f9,0x00001216,
	0x000200f8,0x000011f3,0x000500c7,0x00000006,0x000011f5,0x00001758,0x00000443,0x000500c4,
	0x00000006,0x000011f6,0x000011f5,0x000001ad,0x000500c7,0x00000006,0x000011f8,0x00001758,
	0x00000447,0x000500c2,0x00000006,0x000011f9,0x000011f8,0x000001ad,0x000500c5,0x00000006,
	0x000011fa,0x000011f6,0x000011f9,0x000200f9,0x00001216,0x000200f8,0x00001216,0x000700f5,
	0x00000006,0x00001763,0x000011fa,0x000011f3,0x00001764,0x00001215,0x000500c2,0x00000006,
	0x000011d6,0x000011a7,0x000000b6,0x000500c7,0x00000006,0x000011d7,0x000011d6,0x000000b6,
	0x000500aa,0x00000027,0x000011d9,0x000011d7,0x00000098,0x000300f7,0x000011ed,0x00000000,
	0x000400fa,0x000011d9,0x000011da,0x000011e4,0x000200f8,0x000011e4,0x000500aa,0x00000027,
	0x000011e6,0x000011d7,0x000001b1,0x000300f7,0x000011ec,0x00000000,0x000400fa,0x000011e6,
	0x000011e7,0x000011ec,0x000200f8,0x000011e7,0x000500c2,0x00000006,0x000011e9,0x00001763,
	0x000001ad,0x000500c7,0x00000006,0x0000121e,0x000011e9,0x000000f9,0x000500c7,0x00000006,
	0x00001220,0x000011e9,0x0000010c,0x000500c2,0x00000006,0x00001222,0x0000121e,0x00000110,
	0x000500aa,0x00000027,0x00001224,0x00001222,0x0000009a,0x000500ab,0x00000027,0x00001226,
	0x00001220,0x0000009a,0x000500a7,0x00000027,0x00001227,0x00001224,0x00001226,0x000300f7,
	0x00001235,0x00000000,0x000400fa,0x00001227,0x00001228,0x00001235,0x000200f8,0x00001228,
	0x0006000c,0x00000006,0x0000122a,0x00000001,0x0000004b,0x00001220,0x00050082,0x00000006,
	0x0000122c,0x00000110,0x0000122a,0x0004007c,0x00000061,0x0000122e,0x0000122c,0x00050082,
	0x00000061,0x0000122f,0x0000011f,0x0000122e,0x0004007c,0x00000006,0x00001230,0x0000122f,
	0x000500c4,0x00000006,0x00001233,0x00001220,0x0000122c,0x000500c7,0x00000006,0x00001234,
	0x00001233,0x0000010c,0x000200f9,0x00001235,0x000200f8,0x00001235,0x000700f5,0x00000006,
	0x00001767,0x00001220,0x000011e7,0x00001234,0x00001228,0x000700f5,0x00000006,0x00001766,
	0x00001222,0x000011e7,0x00001230,0x00001228,0x000500ab,0x00000027,0x00001237,0x0000121e,
	0x0000009a,0x00050080,0x00000006,0x00001239,0x00001766,0x0000012b,0x000500c4,0x00000006,
	0x0000123a,0x00001239,0x000000c7,0x000500c4,0x00000006,0x0000123c,0x00001767,0x000000b6,
	0x000500c5,0x00000006,0x0000123d,0x0000123a,0x0000123c,0x0004007c,0x00000025,0x0000123e,
	0x0000123d,0x000600a9,0x00000025,0x0000123f,0x00001237,0x0000123e,0x00000102,0x0004007c,
	0x00000006,0x000011eb,0x0000123f,0x000200f9,0x000011ec,0x000200f8,0x000011ec,0x000700f5,
	0x00000006,0x00001769,0x00001763,0x000011e4,0x000011eb,0x00001235,0x000200f9,0x000011ed,
	0x000200f8,0x000011da,0x000500c2,0x00000006,0x000011dc,0x00001763,0x000001ad,0x000500c2,
	0x00000006,0x000011df,0x000011dc,0x000000c7,0x00050080,0x00000006,0x000011e0,0x000011dc,
	0x000011df,0x00040070,0x00000025,0x000011e1,0x000011e0,0x00050085,0x00000025,0x000011e2,
	0x000011e1,0x00000480,0x0004007c,0x00000006,0x000011e3,0x000011e2,0x000200f9,0x000011ed,
	0x000200f8,0x000011ed,0x000700f5,0x00000006,0x00001768,0x000011e3,0x000011da,0x00001769,
	0x000011ec,0x0004003d,0x0000049c,0x000011a9,0x0000049e,0x00040063,0x000011a9,0x0000119f,
	0x00001768,0x000200f9,0x000011ac,0x000200f8,0x000011ac,0x00050041,0x000004ad,0x000011ad,
	0x000004ac,0x000004c4,0x0004003d,0x00000006,0x000011ae,0x000011ad,0x000500c2,0x00000006,
	0x000011af,0x000011ae,0x000004c7,0x000500c7,0x00000006,0x000011b0,0x000011af,0x00000098,
	0x000500ab,0x00000027,0x000011b1,0x000011b0,0x0000009a,0x000300f7,0x000011c8,0x00000000,
	0x000400fa,0x000011b1,0x000011b2,0x000011c8,0x000200f8,0x000011b2,0x0004003d,0x0000049c,
	0x000011b3,0x000004ce,0x00040068,0x00000007,0x000011b4,0x000011b3,0x0003003e,0x00001189,
	0x000011b4,0x00050041,0x00000009,0x000011b5,0x00001189,0x0000009a,0x0004003d,0x00000006,
	0x000011b6,0x000011b5,0x00050041,0x00000009,0x000011b7,0x00001184,0x0000009a,0x0003003e,
	0x000011b7,0x000011b6,0x00050041,0x00000009,0x000011b8,0x00001189,0x00000098,0x0004003d,
	0x00000006,0x000011b9,0x000011b8,0x00050041,0x00000009,0x000011ba,0x00001184,0x00000098,
	0x0003003e,0x000011ba,0x000011b9,0x0004003d,0x00000007,0x000011bc,0x00001184,0x000500b0,
	0x000004b4,0x000011bd,0x0000119f,0x000011bc,0x0004009b,0x00000027,0x000011be,0x000011bd,
	0x000300f7,0x000011c7,0x00000000,0x000400fa,0x000011be,0x000011bf,0x000011c7,0x000200f8,
	0x000011bf,0x00050041,0x000004ad,0x000011c1,0x000004ac,0x000004c4,0x0004003d,0x00000006,
	0x000011c2,0x000011c1,0x000500c7,0x00000006,0x00001249,0x000011c2,0x00000160,0x000500aa,
	0x00000027,0x00001269,0x00001249,0x00000098,0x000300f7,0x0000128d,0x00000000,0x000400fa,
	0x00001269,0x0000126a,0x00001272,0x000200f8,0x00001272,0x000500aa,0x00000027,0x00001274,
	0x00001249,0x000001b1,0x000300f7,0x0000128c,0x00000000,0x000400fa,0x00001274,0x00001275,
	0x00001282,0x000200f8,0x00001282,0x000500aa,0x00000027,0x00001284,0x00001249,0x000000b6,
	0x000300f7,0x0000128b,0x00000000,0x000400fa,0x00001284,0x00001285,0x0000128b,0x000200f8,
	0x00001285,0x000500c4,0x00000006,0x00001287,0x00001758,0x0000014f,0x000500c2,0x00000006,
	0x00001289,0x00001758,0x0000014f,0x000500c5,0x00000006,0x0000128a,0x00001287,0x00001289,
	0x000200f9,0x0000128b,0x000200f8,0x0000128b,0x000700f5,0x00000006,0x0000176c,0x00001758,
	0x00001282,0x0000128a,0x00001285,0x000200f9,0x0000128c,0x000200f8,0x00001275,0x000500c7,
	0x00000006,0x00001277,0x00001758,0x00000443,0x000500c4,0x00000006,0x00001278,0x00001277,
	0x000001ad,0x000500c7,0x00000006,0x0000127a,0x00001758,0x00000447,0x000500c2,0x00000006,
	0x0000127b,0x0000127a,0x000001ad,0x000500c5,0x00000006,0x0000127c,0x00001278,0x0000127b,
	0x000500c4,0x00000006,0x0000127e,0x0000127c,0x0000014f,0x000500c2,0x00000006,0x00001280,
	0x0000127c,0x0000014f,0x000500c5,0x00000006,0x00001281,0x0000127e,0x00001280,0x000200f9,
	0x0000128c,0x000200f8,0x0000128c,0x000700f5,0x00000006,0x0000176b,0x00001281,0x00001275,
	0x0000176c,0x0000128b,0x000200f9,0x0000128d,0x000200f8,0x0000126a,0x000500c7,0x00000006,
	0x0000126c,0x00001758,0x00000443,0x000500c4,0x00000006,0x0000126d,0x0000126c,0x000001ad,
	0x000500c7,0x00000006,0x0000126f,0x00001758,0x00000447,0x000500c2,0x00000006,0x00001270,
	0x0000126f,0x000001ad,0x000500c5,0x00000006,0x00001271,0x0000126d,0x00001270,0x000200f9,
	0x0000128d,0x000200f8,0x0000128d,0x000700f5,0x00000006,0x0000176a,0x00001271,0x0000126a,
	0x0000176b,0x0000128c,0x000500c2,0x00000006,0x0000124d,0x000011c2,0x000000b6,0x000500c7,
	0x00000006,0x0000124e,0x0000124d,0x000000b6,0x000500aa,0x00000027,0x00001250,0x0000124e,
	0x00000098,0x000300f7,0x00001264,0x00000000,0x000400fa,0x00001250,0x00001251,0x0000125b,
	0x000200f8,0x0000125b,0x000500aa,0x00000027,0x0000125d,0x0000124e,0x000001b1,0x000300f7,
	0x00001263,0x00000000,0x000400fa,0x0000125d,0x0000125e,0x00001263,0x000200f8,0x0000125e,
	0x000500c2,0x00000006,0x00001260,0x0000176a,0x000001ad,0x000500c7,0x00000006,0x00001295,
	0x00001260,0x000000f9,0x000500c7,0x00000006,0x00001297,0x00001260,0x0000010c,0x000500c2,
	0x00000006,0x00001299,0x00001295,0x00000110,0x000500aa,0x00000027,0x0000129b,0x00001299,
	0x0000009a,0x000500ab,0x00000027,0x0000129d,0x00001297,0x0000009a,0x000500a7,0x00000027,
	0x0000129e,0x0000129b,0x0000129d,0x000300f7,0x000012ac,0x00000000,0x000400fa,0x0000129e,
	0x0000129f,0x000012ac,0x000200f8,0x0000129f,0x0006000c,0x00000006,0x000012a1,0x00000001,
	0x0000004b,0x00001297,0x00050082,0x00000006,0x000012a3,0x00000110,0x000012a1,0x0004007c,
	0x00000061,0x000012a5,0x000012a3,0x00050082,0x00000061,0x000012a6,0x0000011f,0x000012a5,
	0x0004007c,0x00000006,0x000012a7,0x000012a6,0x000500c4,0x00000006,0x000012aa,0x00001297,
	0x000012a3,0x000500c7,0x00000006,0x000012ab,0x000012aa,0x0000010c,0x000200f9,0x000012ac,
	0x000200f8,0x000012ac,0x000700f5,0x00000006,0x0000176e,0x00001297,0x0000125e,0x000012ab,
	0x0000129f,0x000700f5,0x00000006,0x0000176d,0x00001299,0x0000125e,0x000012a7,0x0000129f,
	0x000500ab,0x00000027,0x000012ae,0x00001295,0x0000009a,0x00050080,0x00000006,0x000012b0,
	0x0000176d,0x0000012b,0x000500c4,0x00000006,0x000012b1,0x000012b0,0x000000c7,0x000500c4,
	0x00000006,0x000012b3,0x0000176e,0x000000b6,0x000500c5,0x00000006,0x000012b4,0x000012b1,
	0x000012b3,0x0004007c,0x00000025,0x000012b5,0x000012b4,0x000600a9,0x00000025,0x000012b6,
	0x000012ae,0x000012b5,0x00000102,0x0004007c,0x00000006,0x00001262,0x000012b6,0x000200f9,
	0x00001263,0x000200f8,0x00001263,0x000700f5,0x00000006,0x00001770,0x0000176a,0x0000125b,
	0x00001262,0x000012ac,0x000200f9,0x00001264,0x000200f8,0x00001251,0x000500c2,0x00000006,
	0x00001253,0x0000176a,0x000001ad,0x000500c2,0x00000006,0x00001256,0x00001253,0x000000c7,
	0x00050080,0x00000006,0x00001257,0x00001253,0x00001256,0x00040070,0x00000025,0x00001258,
	0x00001257,0x00050085,0x00000025,0x00001259,0x00001258,0x00000480,0x0004007c,0x00000006,
	0x0000125a,0x00001259,0x000200f9,0x00001264,0x000200f8,0x00001264,0x000700f5,0x00000006,
	0x0000176f,0x0000125a,0x00001251,0x00001770,0x00001263,0x0004003d,0x0000049c,0x000011c4,
	0x000004ce,0x00040063,0x000011c4,0x0000119f,0x0000176f,0x000200f9,0x000011c7,0x000200f8,
	0x000011c7,0x000200f9,0x000011c8,0x000200f8,0x000011c8,0x000200f9,0x000007dd,0x000200f8,
	0x000007dd,0x000200f9,0x000007de,0x000200f8,0x000007de,0x000100fd,0x00010038
};
