	// 1116.5.0
	 #pragma once
const uint32_t fh1_native_resolve_image_depth_ms_cs[] = {
	0x07230203,0x00010000,0x0008000b,0x000014ef,0x00000000,0x00020011,0x00000001,0x00020011,
	0x00000032,0x0006000b,0x00000001,0x4c534c47,0x6474732e,0x3035342e,0x00000000,0x0003000e,
	0x00000000,0x00000001,0x0006000f,0x00000005,0x00000004,0x6e69616d,0x00000000,0x00000634,
	0x00060010,0x00000004,0x00000011,0x00000008,0x00000008,0x00000001,0x00030003,0x00000005,
	0x000001f4,0x00040005,0x00000004,0x6e69616d,0x00000000,0x00070005,0x0000036f,0x5f316866,
	0x72756f73,0x645f6563,0x68747065,0x00000000,0x00070005,0x00000379,0x5f316866,0x72756f73,
	0x735f6563,0x636e6574,0x00006c69,0x00050005,0x00000456,0x5f316866,0x6f6d656d,0x00007972,
	0x00050006,0x00000456,0x00000000,0x74616440,0x00000061,0x00050005,0x00000458,0x5f316866,
	0x6f6d656d,0x00007972,0x000a0005,0x0000045f,0x4e316846,0x76697461,0x73655265,0x65766c6f,
	0x6f6d654d,0x6f437972,0x6174736e,0x0073746e,0x00070006,0x0000045f,0x00000000,0x5f316866,
	0x74636572,0x69726f5f,0x006e6967,0x00070006,0x0000045f,0x00000001,0x5f316866,0x74636572,
	0x7a69735f,0x00000065,0x00080006,0x0000045f,0x00000002,0x5f316866,0x6f736572,0x5f65766c,
	0x6f79616c,0x00007475,0x00080006,0x0000045f,0x00000003,0x5f316866,0x656e776f,0x616c5f72,
	0x74756f79,0x00000000,0x00080006,0x0000045f,0x00000004,0x5f316866,0x706d6173,0x735f656c,
	0x63656c65,0x00000074,0x00070006,0x0000045f,0x00000005,0x5f316866,0x74736564,0x666e695f,
	0x0000006f,0x00070006,0x0000045f,0x00000006,0x5f316866,0x74736564,0x7361625f,0x00000065,
	0x00070006,0x0000045f,0x00000007,0x5f316866,0x74736564,0x7469705f,0x00006863,0x00070006,
	0x0000045f,0x00000008,0x5f316866,0x67616d69,0x6f725f65,0x00000077,0x00080006,0x0000045f,
	0x00000009,0x5f316866,0x67616d69,0x6e655f65,0x6e616964,0x00000000,0x00030005,0x00000461,
	0x00000000,0x00050005,0x0000048c,0x5f316866,0x67616d69,0x00000065,0x00040005,0x00000634,
	0x65726874,0x00006461,0x00040047,0x0000036f,0x00000021,0x00000010,0x00040047,0x0000036f,
	0x00000022,0x00000000,0x00040047,0x00000379,0x00000021,0x00000011,0x00040047,0x00000379,
	0x00000022,0x00000000,0x00040047,0x00000455,0x00000006,0x00000004,0x00030047,0x00000456,
	0x00000003,0x00050048,0x00000456,0x00000000,0x00000023,0x00000000,0x00040047,0x00000458,
	0x00000021,0x00000020,0x00040047,0x00000458,0x00000022,0x00000000,0x00030047,0x0000045f,
	0x00000002,0x00050048,0x0000045f,0x00000000,0x00000023,0x00000000,0x00050048,0x0000045f,
	0x00000001,0x00000023,0x00000004,0x00050048,0x0000045f,0x00000002,0x00000023,0x00000008,
	0x00050048,0x0000045f,0x00000003,0x00000023,0x0000000c,0x00050048,0x0000045f,0x00000004,
	0x00000023,0x00000010,0x00050048,0x0000045f,0x00000005,0x00000023,0x00000014,0x00050048,
	0x0000045f,0x00000006,0x00000023,0x00000018,0x00050048,0x0000045f,0x00000007,0x00000023,
	0x0000001c,0x00050048,0x0000045f,0x00000008,0x00000023,0x00000020,0x00050048,0x0000045f,
	0x00000009,0x00000023,0x00000024,0x00040047,0x0000048c,0x00000021,0x00000021,0x00040047,
	0x0000048c,0x00000022,0x00000000,0x00040047,0x00000634,0x0000000b,0x0000001c,0x00020013,
	0x00000002,0x00030021,0x00000003,0x00000002,0x00040015,0x00000006,0x00000020,0x00000000,
	0x00040017,0x00000007,0x00000006,0x00000002,0x00040020,0x00000008,0x00000007,0x00000007,
	0x00040020,0x00000009,0x00000007,0x00000006,0x00030016,0x00000025,0x00000020,0x00040020,
	0x00000026,0x00000007,0x00000025,0x00020014,0x00000027,0x00040017,0x00000041,0x00000025,
	0x00000004,0x00040020,0x00000042,0x00000007,0x00000041,0x00040015,0x00000061,0x00000020,
	0x00000001,0x00040017,0x00000089,0x00000006,0x00000003,0x0004002b,0x00000025,0x00000091,
	0x42000000,0x0004002b,0x00000006,0x00000094,0x00000001,0x0004002b,0x00000006,0x00000097,
	0x00000000,0x0005002c,0x00000007,0x00000098,0x00000097,0x00000097,0x0004002b,0x00000006,
	0x000000a3,0x000007ff,0x0004002b,0x00000006,0x000000a8,0x0000000b,0x0004002b,0x00000006,
	0x000000aa,0x000000ff,0x0004002b,0x00000006,0x000000af,0x00000013,0x0004002b,0x00000006,
	0x000000b1,0x00000003,0x0004002b,0x00000006,0x000000b6,0x00000015,0x0004002b,0x00000006,
	0x000000bc,0x00000016,0x0004002b,0x00000006,0x000000c2,0x00000017,0x0004002b,0x00000006,
	0x000000c4,0x0000000f,0x0004002b,0x00000006,0x000000c9,0x0000001b,0x0004002b,0x00000006,
	0x000000d2,0x38800000,0x0004002b,0x00000006,0x000000d7,0x00000071,0x0004002b,0x00000006,
	0x000000db,0x00000018,0x0004002b,0x00000006,0x000000dd,0x00800000,0x0004002b,0x00000006,
	0x000000df,0x007fffff,0x0004002b,0x00000006,0x000000e5,0xc8000000,0x0004002b,0x00000006,
	0x000000f4,0x00ffffff,0x0004002b,0x00000006,0x000000f8,0x3ffffff8,0x0004002b,0x00000025,
	0x000000fd,0x00000000,0x0004002b,0x00000006,0x00000107,0x000fffff,0x0004002b,0x00000006,
	0x0000010b,0x00000014,0x0004002b,0x00000006,0x00000115,0x0000001f,0x0004002b,0x00000061,
	0x0000011a,0x00000001,0x0004002b,0x00000006,0x00000126,0x00000070,0x0004002b,0x00000006,
	0x0000014a,0x00000010,0x0004002b,0x00000006,0x0000014f,0x000003ff,0x0004002b,0x00000006,
	0x00000157,0x0000007f,0x0004002b,0x00000006,0x0000015b,0x00000007,0x0004002b,0x00000006,
	0x00000174,0x0000007c,0x0004002b,0x00000061,0x00000181,0x00000010,0x0004002b,0x00000025,
	0x00000184,0x38000100,0x0004002b,0x00000025,0x00000186,0xbf800000,0x0004002b,0x00000025,
	0x0000018d,0x3f800000,0x0004002b,0x00000025,0x00000191,0x3f000000,0x0004002b,0x00000025,
	0x0000019d,0x437f0000,0x0004002b,0x00000006,0x000001a8,0x00000008,0x0004002b,0x00000006,
	0x000001ac,0x00000002,0x0004002b,0x00000025,0x000001bb,0x447fc000,0x0004002b,0x00000006,
	0x000001c6,0x0000000a,0x0004002b,0x00000025,0x000001d0,0x40400000,0x0004002b,0x00000006,
	0x000001d6,0x0000001e,0x0004002b,0x00000025,0x00000211,0x3b808081,0x00040017,0x0000021f,
	0x00000025,0x00000003,0x0004002b,0x00000025,0x00000221,0x3a802008,0x0004002b,0x00000025,
	0x00000226,0x3eaaaaab,0x00040017,0x0000024c,0x00000025,0x00000002,0x0007002c,0x00000041,
	0x00000255,0x000000fd,0x000000fd,0x000000fd,0x000000fd,0x0004002b,0x00000006,0x000002e3,
	0x00000050,0x0004002b,0x00000006,0x000002ea,0x00000004,0x0004002b,0x00000006,0x00000321,
	0x00000028,0x00040017,0x00000345,0x00000061,0x00000002,0x00090019,0x0000036d,0x00000025,
	0x00000001,0x00000000,0x00000000,0x00000001,0x00000001,0x00000000,0x00040020,0x0000036e,
	0x00000000,0x0000036d,0x0004003b,0x0000036e,0x0000036f,0x00000000,0x00090019,0x00000377,
	0x00000006,0x00000001,0x00000000,0x00000000,0x00000001,0x00000001,0x00000000,0x00040020,
	0x00000378,0x00000000,0x00000377,0x0004003b,0x00000378,0x00000379,0x00000000,0x00040017,
	0x0000037e,0x00000006,0x00000004,0x0004002b,0x00000025,0x0000038c,0x40000000,0x0004002b,
	0x00000025,0x00000397,0x4b7fffff,0x0004002b,0x00000006,0x000003a5,0xffffffe0,0x0004002b,
	0x00000061,0x000003a9,0x00000005,0x0004002b,0x00000061,0x000003b7,0x00000007,0x0004002b,
	0x00000061,0x000003ba,0x0000000e,0x0004002b,0x00000061,0x000003bc,0x00000002,0x0004002b,
	0x00000061,0x000003c4,0xfffffff0,0x0004002b,0x00000061,0x000003c9,0x0000000f,0x0004002b,
	0x00000061,0x000003ce,0x00000004,0x0004002b,0x00000061,0x000003d2,0xfffffe00,0x0004002b,
	0x00000061,0x000003d4,0x00000003,0x0004002b,0x00000061,0x000003db,0x000001c0,0x0004002b,
	0x00000061,0x000003e0,0x00000008,0x0004002b,0x00000061,0x000003e7,0x00000006,0x0004002b,
	0x00000061,0x000003eb,0x0000003f,0x0004002b,0x00000006,0x00000411,0xfffffff0,0x0004002b,
	0x00000006,0x0000042c,0x00ff00ff,0x0004002b,0x00000006,0x00000430,0xff00ff00,0x0003001d,
	0x00000455,0x00000006,0x0003001e,0x00000456,0x00000455,0x00040020,0x00000457,0x00000002,
	0x00000456,0x0004003b,0x00000457,0x00000458,0x00000002,0x0004002b,0x00000061,0x00000459,
	0x00000000,0x00040020,0x0000045c,0x00000002,0x00000006,0x000c001e,0x0000045f,0x00000006,
	0x00000006,0x00000006,0x00000006,0x00000006,0x00000006,0x00000006,0x00000006,0x00000006,
	0x00000006,0x00040020,0x00000460,0x00000009,0x0000045f,0x0004003b,0x00000460,0x00000461,
	0x00000009,0x0004002b,0x00000061,0x00000462,0x00000009,0x00040020,0x00000463,0x00000009,
	0x00000006,0x0004002b,0x00000025,0x0000047c,0x33800000,0x00090019,0x0000048a,0x00000006,
	0x00000001,0x00000000,0x00000000,0x00000000,0x00000002,0x00000021,0x00040020,0x0000048b,
	0x00000000,0x0000048a,0x0004003b,0x0000048b,0x0000048c,0x00000000,0x00040017,0x0000049e,
	0x00000027,0x00000002,0x0004002b,0x00000006,0x000004af,0x00000012,0x0004002b,0x00000006,
	0x000004ed,0x0000ffff,0x0004002b,0x00000061,0x000005ac,0x00000018,0x0004002b,0x00000061,
	0x000005ae,0x0000007f,0x0004002b,0x00000006,0x000005b8,0x00000006,0x00040020,0x00000633,
	0x00000001,0x00000089,0x0004003b,0x00000633,0x00000634,0x00000001,0x00050036,0x00000002,
	0x00000004,0x00000000,0x00000003,0x000200f8,0x00000005,0x0004003b,0x00000008,0x000012e7,
	0x00000007,0x0004003b,0x00000008,0x000012e8,0x00000007,0x0004003b,0x00000008,0x00001228,
	0x00000007,0x0004003b,0x00000008,0x00001229,0x00000007,0x0004003b,0x00000008,0x0000106f,
	0x00000007,0x0004003b,0x00000008,0x00001070,0x00000007,0x0004003b,0x00000008,0x00000c65,
	0x00000007,0x0004003b,0x00000008,0x00000ace,0x00000007,0x0004003b,0x00000008,0x00000ab1,
	0x00000007,0x0004003b,0x00000008,0x00000a14,0x00000007,0x0004003b,0x00000008,0x00000a15,
	0x00000007,0x0004003b,0x00000008,0x00000854,0x00000007,0x0004003b,0x00000008,0x00000655,
	0x00000007,0x0004003b,0x00000008,0x0000065f,0x00000007,0x0004003b,0x00000008,0x00000660,
	0x00000007,0x0004003b,0x00000042,0x00000672,0x00000007,0x0004003b,0x00000042,0x0000067a,
	0x00000007,0x0004003b,0x00000042,0x00000681,0x00000007,0x0004003b,0x00000008,0x0000068d,
	0x00000007,0x0004003d,0x00000089,0x00000635,0x00000634,0x000300f7,0x00000793,0x00000000,
	0x000300fb,0x00000097,0x00000698,0x000200f8,0x00000698,0x00050041,0x00000463,0x00000699,
	0x00000461,0x0000011a,0x0004003d,0x00000006,0x0000069a,0x00000699,0x000500c7,0x00000006,
	0x0000069b,0x0000069a,0x000004ed,0x00050041,0x00000463,0x0000069c,0x00000461,0x0000011a,
	0x0004003d,0x00000006,0x0000069d,0x0000069c,0x000500c2,0x00000006,0x0000069e,0x0000069d,
	0x0000014a,0x00050050,0x00000007,0x0000069f,0x0000069b,0x0000069e,0x0007004f,0x00000007,
	0x000006a1,0x00000635,0x00000635,0x00000000,0x00000001,0x000500ae,0x0000049e,0x000006a3,
	0x000006a1,0x0000069f,0x0004009a,0x00000027,0x000006a4,0x000006a3,0x000300f7,0x000006a6,
	0x00000000,0x000400fa,0x000006a4,0x000006a5,0x000006a6,0x000200f8,0x000006a5,0x000200f9,
	0x00000793,0x000200f8,0x000006a6,0x00050041,0x00000463,0x000006a7,0x00000461,0x00000459,
	0x0004003d,0x00000006,0x000006a8,0x000006a7,0x000500c7,0x00000006,0x000006a9,0x000006a8,
	0x000004ed,0x00050041,0x00000463,0x000006aa,0x00000461,0x00000459,0x0004003d,0x00000006,
	0x000006ab,0x000006aa,0x000500c2,0x00000006,0x000006ac,0x000006ab,0x0000014a,0x00050050,
	0x00000007,0x000006ad,0x000006a9,0x000006ac,0x0007004f,0x00000007,0x000006af,0x00000635,
	0x00000635,0x00000000,0x00000001,0x00050080,0x00000007,0x000006b0,0x000006ad,0x000006af,
	0x0003003e,0x00000655,0x000006b0,0x00050041,0x00000463,0x000006b2,0x00000461,0x000003a9,
	0x0004003d,0x00000006,0x000006b3,0x000006b2,0x000500c2,0x00000006,0x000006b4,0x000006b3,
	0x000000af,0x000500c7,0x00000006,0x000006b5,0x000006b4,0x00000094,0x000500ab,0x00000027,
	0x000006b6,0x000006b5,0x00000097,0x000600a9,0x00000025,0x000006b7,0x000006b6,0x00000091,
	0x0000018d,0x00050041,0x00000463,0x000006b8,0x00000461,0x000003a9,0x0004003d,0x00000006,
	0x000006b9,0x000006b8,0x000500c2,0x00000006,0x000006ba,0x000006b9,0x0000010b,0x000500c7,
	0x00000006,0x000006bb,0x000006ba,0x000000b1,0x00050080,0x00000006,0x000006bc,0x000006bb,
	0x00000094,0x00050041,0x00000463,0x000006bd,0x00000461,0x000003a9,0x0004003d,0x00000006,
	0x000006be,0x000006bd,0x000500c2,0x00000006,0x000006bf,0x000006be,0x000000bc,0x000500c7,
	0x00000006,0x000006c0,0x000006bf,0x00000094,0x000500ab,0x00000027,0x000006c1,0x000006c0,
	0x00000097,0x000300f7,0x000006ca,0x00000000,0x000400fa,0x000006c1,0x000006c3,0x000006c5,
	0x000200f8,0x000006c5,0x0004003d,0x00000007,0x000006c6,0x00000655,0x00050050,0x00000007,
	0x00000798,0x000006bc,0x000006bc,0x00050089,0x00000007,0x00000799,0x000006c6,0x00000798,
	0x00050050,0x00000007,0x0000079c,0x000006bc,0x000006bc,0x00050086,0x00000007,0x0000079d,
	0x000006c6,0x0000079c,0x0003003e,0x00000655,0x0000079d,0x000200f9,0x000006ca,0x000200f8,
	0x000006c3,0x000200f9,0x000006ca,0x000200f8,0x000006ca,0x000700f5,0x00000007,0x0000141a,
	0x00000098,0x000006c3,0x00000799,0x000006c5,0x00050041,0x00000463,0x000006cb,0x00000461,
	0x000003a9,0x0004003d,0x00000006,0x000006cc,0x000006cb,0x000500c7,0x00000006,0x000006cd,
	0x000006cc,0x0000015b,0x00050041,0x00000463,0x000006ce,0x00000461,0x000003a9,0x0004003d,
	0x00000006,0x000006cf,0x000006ce,0x000500c2,0x00000006,0x000006d0,0x000006cf,0x000000b1,
	0x000500c7,0x00000006,0x000006d1,0x000006d0,0x0000015b,0x00050041,0x00000463,0x000006d2,
	0x00000461,0x000003a9,0x0004003d,0x00000006,0x000006d3,0x000006d2,0x000500c2,0x00000006,
	0x000006d4,0x000006d3,0x0000014a,0x000500c7,0x00000006,0x000006d5,0x000006d4,0x000000b1,
	0x000500ac,0x00000027,0x000006d7,0x000006bc,0x00000094,0x000400a8,0x00000027,0x000006d9,
	0x000006c1,0x000500a7,0x00000027,0x000006da,0x000006d7,0x000006d9,0x000300f7,0x000006f9,
	0x00000002,0x000400fa,0x000006da,0x000006db,0x000006ea,0x000200f8,0x000006ea,0x00050041,
	0x00000463,0x000006eb,0x00000461,0x000003e7,0x0004003d,0x00000006,0x000006ec,0x000006eb,
	0x00050041,0x00000009,0x000006ed,0x00000655,0x00000097,0x0004003d,0x00000006,0x000006ee,
	0x000006ed,0x0004007c,0x00000061,0x000006ef,0x000006ee,0x00050041,0x00000009,0x000006f0,
	0x00000655,0x00000094,0x0004003d,0x00000006,0x000006f1,0x000006f0,0x0004007c,0x00000061,
	0x000006f2,0x000006f1,0x00050041,0x00000463,0x000006f3,0x00000461,0x000003b7,0x0004003d,
	0x00000006,0x000006f4,0x000006f3,0x00050080,0x00000006,0x00000819,0x000006f4,0x00000115,
	0x000500c7,0x00000006,0x0000081a,0x00000819,0x000003a5,0x000500c3,0x00000061,0x0000081c,
	0x000006ef,0x000003a9,0x000500c3,0x00000061,0x0000081e,0x000006f2,0x000003a9,0x000500c2,
	0x00000006,0x00000820,0x0000081a,0x000003a9,0x0004007c,0x00000061,0x00000821,0x00000820,
	0x00050084,0x00000061,0x00000822,0x0000081e,0x00000821,0x00050080,0x00000061,0x00000823,
	0x0000081c,0x00000822,0x00050080,0x00000006,0x00000825,0x000006d5,0x0000015b,0x000500c4,
	0x00000061,0x00000826,0x00000823,0x00000825,0x000500c7,0x00000061,0x00000828,0x000006ef,
	0x000003b7,0x000500c7,0x00000061,0x0000082a,0x000006f2,0x000003ba,0x000500c4,0x00000061,
	0x0000082b,0x0000082a,0x000003bc,0x00050080,0x00000061,0x0000082c,0x00000828,0x0000082b,
	0x000500c4,0x00000061,0x0000082e,0x0000082c,0x000006d5,0x000500c7,0x00000061,0x00000831,
	0x0000082e,0x000003c4,0x000500c4,0x00000061,0x00000832,0x00000831,0x0000011a,0x00050080,
	0x00000061,0x00000833,0x00000826,0x00000832,0x000500c7,0x00000061,0x00000835,0x0000082e,
	0x000003c9,0x00050080,0x00000061,0x00000836,0x00000833,0x00000835,0x000500c7,0x00000061,
	0x00000838,0x000006f2,0x0000011a,0x000500c4,0x00000061,0x00000839,0x00000838,0x000003ce,
	0x00050080,0x00000061,0x0000083a,0x00000836,0x00000839,0x000500c7,0x00000061,0x0000083c,
	0x0000083a,0x000003d2,0x000500c4,0x00000061,0x0000083d,0x0000083c,0x000003d4,0x000500c7,
	0x00000061,0x0000083f,0x000006f2,0x00000181,0x000500c4,0x00000061,0x00000840,0x0000083f,
	0x000003b7,0x00050080,0x00000061,0x00000841,0x0000083d,0x00000840,0x000500c7,0x00000061,
	0x00000843,0x0000083a,0x000003db,0x000500c4,0x00000061,0x00000844,0x00000843,0x000003bc,
	0x00050080,0x00000061,0x00000845,0x00000841,0x00000844,0x000500c7,0x00000061,0x00000847,
	0x000006f2,0x000003e0,0x000500c3,0x00000061,0x00000848,0x00000847,0x000003bc,0x000500c3,
	0x00000061,0x0000084a,0x000006ef,0x000003d4,0x00050080,0x00000061,0x0000084b,0x00000848,
	0x0000084a,0x000500c7,0x00000061,0x0000084c,0x0000084b,0x000003d4,0x000500c4,0x00000061,
	0x0000084d,0x0000084c,0x000003e7,0x00050080,0x00000061,0x0000084e,0x00000845,0x0000084d,
	0x000500c7,0x00000061,0x00000850,0x0000083a,0x000003eb,0x00050080,0x00000061,0x00000851,
	0x0000084e,0x00000850,0x0004007c,0x00000006,0x000006f7,0x00000851,0x00050080,0x00000006,
	0x000006f8,0x000006ec,0x000006f7,0x000200f9,0x000006f9,0x000200f8,0x000006db,0x00050041,
	0x00000463,0x000006dc,0x00000461,0x000003e7,0x0004003d,0x00000006,0x000006dd,0x000006dc,
	0x00050084,0x00000006,0x000006df,0x000006dd,0x000006bc,0x00050084,0x00000006,0x000006e1,
	0x000006df,0x000006bc,0x0004003d,0x00000007,0x000006e2,0x00000655,0x0003003e,0x0000065f,
	0x000006e2,0x0003003e,0x00000660,0x0000141a,0x00050041,0x00000463,0x000006e4,0x00000461,
	0x000003b7,0x0004003d,0x00000006,0x000006e5,0x000006e4,0x00050041,0x00000009,0x000007a8,
	0x0000065f,0x00000097,0x0004003d,0x00000006,0x000007a9,0x000007a8,0x0004007c,0x00000061,
	0x000007aa,0x000007a9,0x00050041,0x00000009,0x000007ab,0x0000065f,0x00000094,0x0004003d,
	0x00000006,0x000007ac,0x000007ab,0x0004007c,0x00000061,0x000007ad,0x000007ac,0x00050080,
	0x00000006,0x000007da,0x000006e5,0x00000115,0x000500c7,0x00000006,0x000007db,0x000007da,
	0x000003a5,0x000500c3,0x00000061,0x000007dd,0x000007aa,0x000003a9,0x000500c3,0x00000061,
	0x000007df,0x000007ad,0x000003a9,0x000500c2,0x00000006,0x000007e1,0x000007db,0x000003a9,
	0x0004007c,0x00000061,0x000007e2,0x000007e1,0x00050084,0x00000061,0x000007e3,0x000007df,
	0x000007e2,0x00050080,0x00000061,0x000007e4,0x000007dd,0x000007e3,0x00050080,0x00000006,
	0x000007e6,0x000006d5,0x0000015b,0x000500c4,0x00000061,0x000007e7,0x000007e4,0x000007e6,
	0x000500c7,0x00000061,0x000007e9,0x000007aa,0x000003b7,0x000500c7,0x00000061,0x000007eb,
	0x000007ad,0x000003ba,0x000500c4,0x00000061,0x000007ec,0x000007eb,0x000003bc,0x00050080,
	0x00000061,0x000007ed,0x000007e9,0x000007ec,0x000500c4,0x00000061,0x000007ef,0x000007ed,
	0x000006d5,0x000500c7,0x00000061,0x000007f2,0x000007ef,0x000003c4,0x000500c4,0x00000061,
	0x000007f3,0x000007f2,0x0000011a,0x00050080,0x00000061,0x000007f4,0x000007e7,0x000007f3,
	0x000500c7,0x00000061,0x000007f6,0x000007ef,0x000003c9,0x00050080,0x00000061,0x000007f7,
	0x000007f4,0x000007f6,0x000500c7,0x00000061,0x000007f9,0x000007ad,0x0000011a,0x000500c4,
	0x00000061,0x000007fa,0x000007f9,0x000003ce,0x00050080,0x00000061,0x000007fb,0x000007f7,
	0x000007fa,0x000500c7,0x00000061,0x000007fd,0x000007fb,0x000003d2,0x000500c4,0x00000061,
	0x000007fe,0x000007fd,0x000003d4,0x000500c7,0x00000061,0x00000800,0x000007ad,0x00000181,
	0x000500c4,0x00000061,0x00000801,0x00000800,0x000003b7,0x00050080,0x00000061,0x00000802,
	0x000007fe,0x00000801,0x000500c7,0x00000061,0x00000804,0x000007fb,0x000003db,0x000500c4,
	0x00000061,0x00000805,0x00000804,0x000003bc,0x00050080,0x00000061,0x00000806,0x00000802,
	0x00000805,0x000500c7,0x00000061,0x00000808,0x000007ad,0x000003e0,0x000500c3,0x00000061,
	0x00000809,0x00000808,0x000003bc,0x000500c3,0x00000061,0x0000080b,0x000007aa,0x000003d4,
	0x00050080,0x00000061,0x0000080c,0x00000809,0x0000080b,0x000500c7,0x00000061,0x0000080d,
	0x0000080c,0x000003d4,0x000500c4,0x00000061,0x0000080e,0x0000080d,0x000003e7,0x00050080,
	0x00000061,0x0000080f,0x00000806,0x0000080e,0x000500c7,0x00000061,0x00000811,0x000007fb,
	0x000003eb,0x00050080,0x00000061,0x00000812,0x0000080f,0x00000811,0x0004007c,0x00000006,
	0x000007b1,0x00000812,0x000500c2,0x00000006,0x000007b3,0x0000014a,0x000006d5,0x000500c7,
	0x00000006,0x000007b5,0x000007b1,0x000000c4,0x000500c2,0x00000006,0x000007b7,0x000007b5,
	0x000006d5,0x00050084,0x00000006,0x000007b9,0x000007b7,0x000006bc,0x00050041,0x00000009,
	0x000007ba,0x00000660,0x00000097,0x0004003d,0x00000006,0x000007bb,0x000007ba,0x00050080,
	0x00000006,0x000007bc,0x000007b9,0x000007bb,0x00050086,0x00000006,0x000007bf,0x000007bc,
	0x000007b3,0x000500c7,0x00000006,0x000007c1,0x000007b1,0x00000411,0x00050084,0x00000006,
	0x000007c3,0x000007c1,0x000006bc,0x00050084,0x00000006,0x000007c5,0x000007c3,0x000006bc,
	0x00050084,0x00000006,0x000007c8,0x000007bf,0x000006bc,0x00050041,0x00000009,0x000007c9,
	0x00000660,0x00000094,0x0004003d,0x00000006,0x000007ca,0x000007c9,0x00050080,0x00000006,
	0x000007cb,0x000007c8,0x000007ca,0x000500c4,0x00000006,0x000007cc,0x000007cb,0x000002ea,
	0x00050080,0x00000006,0x000007cd,0x000007c5,0x000007cc,0x00050089,0x00000006,0x000007d0,
	0x000007bc,0x000007b3,0x000500c4,0x00000006,0x000007d2,0x000007d0,0x000006d5,0x00050080,
	0x00000006,0x000007d3,0x000007cd,0x000007d2,0x00050080,0x00000006,0x000006e9,0x000006e1,
	0x000007d3,0x000200f9,0x000006f9,0x000200f8,0x000006f9,0x000700f5,0x00000006,0x00001421,
	0x000006e9,0x000006db,0x000006f8,0x000006ea,0x00050041,0x00000463,0x000006fa,0x00000461,
	0x000003ce,0x0004003d,0x00000006,0x000006fb,0x000006fa,0x000300f7,0x00000702,0x00000000,
	0x000900fb,0x000006fb,0x000006fc,0x00000004,0x000006ff,0x00000005,0x00000700,0x00000006,
	0x00000701,0x000200f8,0x00000701,0x000200f9,0x00000702,0x000200f8,0x00000700,0x000200f9,
	0x00000702,0x000200f8,0x000006ff,0x000200f9,0x00000702,0x000200f8,0x000006fc,0x00050041,
	0x00000463,0x000006fd,0x00000461,0x000003ce,0x0004003d,0x00000006,0x000006fe,0x000006fd,
	0x000200f9,0x00000702,0x000200f8,0x00000702,0x000b00f5,0x00000006,0x00001466,0x000006fe,
	0x000006fc,0x00000097,0x000006ff,0x000001ac,0x00000700,0x00000097,0x00000701,0x000b00f5,
	0x00000006,0x0000141d,0x00000094,0x000006fc,0x000001ac,0x000006ff,0x000001ac,0x00000700,
	0x000002ea,0x00000701,0x000500aa,0x00000027,0x00000704,0x000006cd,0x000002ea,0x000300f7,
	0x0000070e,0x00000000,0x000400fa,0x00000704,0x00000705,0x0000070e,0x000200f8,0x00000705,
	0x0004003d,0x00000007,0x00000706,0x00000655,0x00050041,0x00000463,0x0000085b,0x00000461,
	0x000003a9,0x0004003d,0x00000006,0x0000085c,0x0000085b,0x000500c2,0x00000006,0x0000085d,
	0x0000085c,0x0000015b,0x000500c7,0x00000006,0x0000085e,0x0000085d,0x00000094,0x000500ab,
	0x00000027,0x0000085f,0x0000085e,0x00000097,0x000600a9,0x00000006,0x00000860,0x0000085f,
	0x00000094,0x00000097,0x00050041,0x00000463,0x00000861,0x00000461,0x000003a9,0x0004003d,
	0x00000006,0x00000862,0x00000861,0x000500c2,0x00000006,0x00000863,0x00000862,0x000004af,
	0x000500c7,0x00000006,0x00000864,0x00000863,0x00000094,0x000500ab,0x00000027,0x00000865,
	0x00000864,0x00000097,0x000600a9,0x00000006,0x00000866,0x00000865,0x000001ac,0x00000097,
	0x000500c5,0x00000006,0x00000867,0x00000860,0x00000866,0x00050041,0x00000463,0x00000868,
	0x00000461,0x000003bc,0x0004003d,0x00000006,0x00000869,0x00000868,0x0003003e,0x00000854,
	0x00000706,0x00050041,0x00000463,0x0000086d,0x00000461,0x000003d4,0x0004003d,0x00000006,
	0x0000086e,0x0000086d,0x000500c2,0x00000006,0x00000959,0x00000869,0x000000af,0x000500c7,
	0x00000006,0x0000095a,0x00000959,0x000000b1,0x000500ae,0x00000027,0x000008a4,0x0000095a,
	0x000001ac,0x000600a9,0x00000006,0x000008a5,0x000008a4,0x00000094,0x00000097,0x000500ae,
	0x00000027,0x000008a7,0x0000095a,0x00000094,0x000600a9,0x00000006,0x000008a8,0x000008a7,
	0x00000094,0x00000097,0x00050041,0x00000009,0x000008a9,0x00000854,0x00000097,0x0004003d,
	0x00000006,0x000008aa,0x000008a9,0x000500c4,0x00000006,0x000008ac,0x000008aa,0x000008a5,
	0x000500ae,0x00000027,0x000008ae,0x0000095a,0x000001ac,0x000500c7,0x00000006,0x000008b0,
	0x00001466,0x00000094,0x000600a9,0x00000006,0x000008b1,0x000008ae,0x000008b0,0x00000097,
	0x00050080,0x00000006,0x000008b2,0x000008ac,0x000008b1,0x00050041,0x00000009,0x000008b3,
	0x00000854,0x00000094,0x0004003d,0x00000006,0x000008b4,0x000008b3,0x000500c4,0x00000006,
	0x000008b6,0x000008b4,0x000008a8,0x000500ae,0x00000027,0x000008b8,0x0000095a,0x000001ac,
	0x000500c2,0x00000006,0x000008ba,0x00001466,0x00000094,0x000500aa,0x00000027,0x000008bc,
	0x0000095a,0x00000094,0x000600a9,0x00000006,0x000008be,0x000008bc,0x00001466,0x00000097,
	0x000600a9,0x00000006,0x000008bf,0x000008b8,0x000008ba,0x000008be,0x00050080,0x00000006,
	0x000008c0,0x000008b6,0x000008bf,0x000500c2,0x00000006,0x0000095e,0x00000869,0x000000b6,
	0x000500c7,0x00000006,0x0000095f,0x0000095e,0x00000094,0x000500ab,0x00000027,0x000008c3,
	0x0000095f,0x00000097,0x00050084,0x00000006,0x000008c5,0x000008b2,0x000001ac,0x000600a9,
	0x00000006,0x000008c9,0x000008c3,0x000008c5,0x000008b2,0x00050086,0x00000006,0x000008cb,
	0x000008c9,0x000002e3,0x00050089,0x00000006,0x000008cd,0x000008c9,0x000002e3,0x000500c2,
	0x00000006,0x000008cf,0x000008c0,0x000002ea,0x000500c7,0x00000006,0x000008d1,0x000008c0,
	0x000000c4,0x000500c7,0x00000006,0x00000963,0x00000869,0x000000a3,0x000500c2,0x00000006,
	0x00000967,0x00000869,0x000000a8,0x000500c7,0x00000006,0x00000968,0x00000967,0x000000aa,
	0x000500c2,0x00000006,0x0000096c,0x00000869,0x000000b6,0x000500c7,0x00000006,0x0000096d,
	0x0000096c,0x00000094,0x000500c4,0x00000006,0x000008d9,0x00000968,0x0000096d,0x00050084,
	0x00000006,0x000008da,0x000008cf,0x000008d9,0x00050080,0x00000006,0x000008db,0x00000963,
	0x000008da,0x00050080,0x00000006,0x000008dd,0x000008db,0x000008cb,0x000500c7,0x00000006,
	0x000008de,0x000008dd,0x000000a3,0x000500c7,0x00000006,0x00000971,0x0000086e,0x000000a3,
	0x00050082,0x00000006,0x000008e2,0x000008de,0x00000971,0x000500c7,0x00000006,0x000008e3,
	0x000008e2,0x000000a3,0x000500c2,0x00000006,0x00000975,0x0000086e,0x000000a8,0x000500c7,
	0x00000006,0x00000976,0x00000975,0x000000aa,0x000500c2,0x00000006,0x0000097a,0x0000086e,
	0x000000b6,0x000500c7,0x00000006,0x0000097b,0x0000097a,0x00000094,0x000500c4,0x00000006,
	0x000008e8,0x00000976,0x0000097b,0x00050089,0x00000006,0x000008eb,0x000008e3,0x000008e8,
	0x00050086,0x00000006,0x000008ee,0x000008e3,0x000008e8,0x000500c2,0x00000006,0x0000097f,
	0x0000086e,0x000000bc,0x000500c7,0x00000006,0x00000980,0x0000097f,0x00000094,0x000500c2,
	0x00000006,0x00000984,0x00000869,0x000000bc,0x000500c7,0x00000006,0x00000985,0x00000984,
	0x00000094,0x000500ab,0x00000027,0x000008f3,0x00000980,0x00000985,0x000300f7,0x000008f8,
	0x00000000,0x000400fa,0x000008f3,0x000008f4,0x000008f8,0x000200f8,0x000008f4,0x00050080,
	0x00000006,0x000008f6,0x000008cd,0x00000321,0x00050089,0x00000006,0x000008f7,0x000008f6,
	0x000002e3,0x000200f9,0x000008f8,0x000200f8,0x000008f8,0x000700f5,0x00000006,0x000014ce,
	0x000008cd,0x00000705,0x000008f7,0x000008f4,0x000500c2,0x00000006,0x00000989,0x0000086e,
	0x000000af,0x000500c7,0x00000006,0x0000098a,0x00000989,0x000000b1,0x00050084,0x00000006,
	0x000008fc,0x000008eb,0x000002e3,0x00050080,0x00000006,0x000008fe,0x000008fc,0x000014ce,
	0x000500c2,0x00000006,0x0000098e,0x0000086e,0x000000b6,0x000500c7,0x00000006,0x0000098f,
	0x0000098e,0x00000094,0x000500ab,0x00000027,0x00000901,0x0000098f,0x00000097,0x000300f7,
	0x00000907,0x00000000,0x000400fa,0x00000901,0x00000902,0x00000907,0x000200f8,0x00000902,
	0x000500c2,0x00000006,0x00000906,0x000008fe,0x00000094,0x000200f9,0x00000907,0x000200f8,
	0x00000907,0x000700f5,0x00000006,0x000014cf,0x000008fe,0x000008f8,0x00000906,0x00000902,
	0x00050084,0x00000006,0x00000909,0x000008ee,0x0000014a,0x00050080,0x00000006,0x0000090b,
	0x00000909,0x000008d1,0x000500ae,0x00000027,0x0000090d,0x0000098a,0x000001ac,0x000600a9,
	0x00000006,0x0000090e,0x0000090d,0x00000094,0x00000097,0x000500ae,0x00000027,0x00000910,
	0x0000098a,0x00000094,0x000600a9,0x00000006,0x00000911,0x00000910,0x00000094,0x00000097,
	0x000500c2,0x00000006,0x00000914,0x000014cf,0x0000090e,0x0004007c,0x00000061,0x00000915,
	0x00000914,0x000500c2,0x00000006,0x00000918,0x0000090b,0x00000911,0x0004007c,0x00000061,
	0x00000919,0x00000918,0x00050050,0x00000345,0x0000091a,0x00000915,0x00000919,0x0004007c,
	0x00000061,0x0000091c,0x000006bc,0x00050050,0x00000345,0x0000091d,0x0000091c,0x0000091c,
	0x00050084,0x00000345,0x0000091e,0x0000091a,0x0000091d,0x0004007c,0x00000345,0x00000920,
	0x0000141a,0x00050080,0x00000345,0x00000921,0x0000091e,0x00000920,0x000500c7,0x00000006,
	0x00000924,0x000014cf,0x0000090e,0x000500c7,0x00000006,0x00000927,0x0000090b,0x00000911,
	0x000500c4,0x00000006,0x00000929,0x00000927,0x0000090e,0x000500c5,0x00000006,0x0000092a,
	0x00000924,0x00000929,0x000500c2,0x00000006,0x00000993,0x0000086e,0x000000c9,0x000500c7,
	0x00000006,0x00000994,0x00000993,0x000000b1,0x000500aa,0x00000027,0x0000099a,0x00000994,
	0x000000b1,0x000300f7,0x000009b1,0x00000000,0x000400fa,0x0000099a,0x0000099b,0x0000099c,
	0x000200f8,0x0000099c,0x000500aa,0x00000027,0x0000099e,0x0000098a,0x00000094,0x000500aa,
	0x00000027,0x000009a0,0x00000994,0x00000094,0x000500a7,0x00000027,0x000009a1,0x0000099e,
	0x000009a0,0x000300f7,0x000009b0,0x00000000,0x000400fa,0x000009a1,0x000009a2,0x000009a5,
	0x000200f8,0x000009a5,0x000500aa,0x00000027,0x000009a7,0x0000098a,0x00000094,0x000500aa,
	0x00000027,0x000009a9,0x00000994,0x000001ac,0x000500a7,0x00000027,0x000009aa,0x000009a7,
	0x000009a9,0x000300f7,0x000009af,0x00000000,0x000400fa,0x000009aa,0x000009ab,0x000009af,
	0x000200f8,0x000009ab,0x000500ab,0x00000027,0x000009ad,0x0000092a,0x00000097,0x000600a9,
	0x00000006,0x000009ae,0x000009ad,0x000000b1,0x00000097,0x000200f9,0x000009af,0x000200f8,
	0x000009af,0x000700f5,0x00000006,0x000014d6,0x0000092a,0x000009a5,0x000009ae,0x000009ab,
	0x000200f9,0x000009b0,0x000200f8,0x000009a2,0x000500c6,0x00000006,0x000009a4,0x0000092a,
	0x00000094,0x000200f9,0x000009b0,0x000200f8,0x000009b0,0x000700f5,0x00000006,0x000014d5,
	0x000009a4,0x000009a2,0x000014d6,0x000009af,0x000200f9,0x000009b1,0x000200f8,0x0000099b,
	0x000200f9,0x000009b1,0x000200f8,0x000009b1,0x000700f5,0x00000006,0x000014d4,0x00000097,
	0x0000099b,0x000014d5,0x000009b0,0x0004003d,0x0000036d,0x00000930,0x0000036f,0x0004007c,
	0x00000061,0x00000933,0x000014d4,0x0007005f,0x00000041,0x00000934,0x00000930,0x00000921,
	0x00000040,0x00000933,0x00050051,0x00000025,0x00000935,0x00000934,0x00000000,0x0004003d,
	0x00000377,0x00000936,0x00000379,0x0004007c,0x00000061,0x00000939,0x000014d4,0x0007005f,
	0x0000037e,0x0000093a,0x00000936,0x00000921,0x00000040,0x00000939,0x00050051,0x00000006,
	0x0000093b,0x0000093a,0x00000000,0x000500c2,0x00000006,0x000009b6,0x0000086e,0x000000c2,
	0x000500c7,0x00000006,0x000009b7,0x000009b6,0x000000c4,0x000500aa,0x00000027,0x00000941,
	0x000009b7,0x00000094,0x000300f7,0x00000950,0x00000000,0x000400fa,0x00000941,0x00000942,
	0x00000949,0x000200f8,0x00000949,0x0008000c,0x00000025,0x0000094b,0x00000001,0x0000002b,
	0x00000935,0x000000fd,0x0000018d,0x00050085,0x00000025,0x0000094c,0x0000094b,0x00000397,
	0x00050081,0x00000025,0x0000094d,0x0000094c,0x00000191,0x0004006d,0x00000006,0x0000094e,
	0x0000094d,0x0007000c,0x00000006,0x0000094f,0x00000001,0x00000026,0x0000094e,0x000000f4,
	0x000200f9,0x00000950,0x000200f8,0x00000942,0x00050085,0x00000025,0x00000944,0x00000935,
	0x0000038c,0x000500c7,0x00000006,0x00000946,0x00000867,0x00000094,0x000500ab,0x00000027,
	0x00000947,0x00000946,0x00000097,0x0004007c,0x00000006,0x000009be,0x00000944,0x000500b0,
	0x00000027,0x000009c0,0x000009be,0x000000d2,0x000300f7,0x000009ce,0x00000000,0x000400fa,
	0x000009c0,0x000009c1,0x000009cb,0x000200f8,0x000009cb,0x00050080,0x00000006,0x000009cd,
	0x000009be,0x000000e5,0x000200f9,0x000009ce,0x000200f8,0x000009c1,0x000500c2,0x00000006,
	0x000009c3,0x000009be,0x000000c2,0x00050082,0x00000006,0x000009c4,0x000000d7,0x000009c3,
	0x0007000c,0x00000006,0x000009c5,0x00000001,0x00000026,0x000009c4,0x000000db,0x000500c7,
	0x00000006,0x000009c7,0x000009be,0x000000df,0x000500c5,0x00000006,0x000009c8,0x000000dd,
	0x000009c7,0x000500c2,0x00000006,0x000009ca,0x000009c8,0x000009c5,0x000200f9,0x000009ce,
	0x000200f8,0x000009ce,0x000700f5,0x00000006,0x000014d7,0x000009ca,0x000009c1,0x000009cd,
	0x000009cb,0x000300f7,0x000009d7,0x00000000,0x000400fa,0x00000947,0x000009d0,0x000009d7,
	0x000200f8,0x000009d0,0x000500c2,0x00000006,0x000009d2,0x000014d7,0x000000b1,0x000500c7,
	0x00000006,0x000009d3,0x000009d2,0x00000094,0x00050080,0x00000006,0x000009d4,0x000000b1,
	0x000009d3,0x00050080,0x00000006,0x000009d6,0x000014d7,0x000009d4,0x000200f9,0x000009d7,
	0x000200f8,0x000009d7,0x000700f5,0x00000006,0x000014d8,0x000014d7,0x000009ce,0x000009d6,
	0x000009d0,0x000500c2,0x00000006,0x000009d9,0x000014d8,0x000000b1,0x000500c7,0x00000006,
	0x000009da,0x000009d9,0x000000f4,0x0004007c,0x00000006,0x000009dc,0x00000944,0x000500ae,
	0x00000027,0x000009dd,0x000009dc,0x000000f8,0x000600a9,0x00000006,0x000009df,0x000009dd,
	0x000000f4,0x000009da,0x000500ba,0x00000027,0x000009e1,0x00000944,0x000000fd,0x000600a9,
	0x00000006,0x000009e3,0x000009e1,0x000009df,0x00000097,0x000200f9,0x00000950,0x000200f8,
	0x00000950,0x000700f5,0x00000006,0x000014d9,0x000009e3,0x000009d7,0x0000094f,0x00000949,
	0x000500c4,0x00000006,0x00000952,0x000014d9,0x000001a8,0x000500c7,0x00000006,0x00000954,
	0x0000093b,0x000000aa,0x000500c5,0x00000006,0x00000955,0x00000952,0x00000954,0x000500aa,
	0x00000027,0x000009e7,0x000006d1,0x00000094,0x000300f7,0x00000a0b,0x00000000,0x000400fa,
	0x000009e7,0x000009e8,0x000009f0,0x000200f8,0x000009f0,0x000500aa,0x00000027,0x000009f2,
	0x000006d1,0x000001ac,0x000300f7,0x00000a0a,0x00000000,0x000400fa,0x000009f2,0x000009f3,
	0x00000a00,0x000200f8,0x00000a00,0x000500aa,0x00000027,0x00000a02,0x000006d1,0x000000b1,
	0x000300f7,0x00000a09,0x00000000,0x000400fa,0x00000a02,0x00000a03,0x00000a09,0x000200f8,
	0x00000a03,0x000500c4,0x00000006,0x00000a05,0x00000955,0x0000014a,0x000500c2,0x00000006,
	0x00000a07,0x00000955,0x0000014a,0x000500c5,0x00000006,0x00000a08,0x00000a05,0x00000a07,
	0x000200f9,0x00000a09,0x000200f8,0x00000a09,0x000700f5,0x00000006,0x000014dc,0x00000955,
	0x00000a00,0x00000a08,0x00000a03,0x000200f9,0x00000a0a,0x000200f8,0x000009f3,0x000500c7,
	0x00000006,0x000009f5,0x00000955,0x0000042c,0x000500c4,0x00000006,0x000009f6,0x000009f5,
	0x000001a8,0x000500c7,0x00000006,0x000009f8,0x00000955,0x00000430,0x000500c2,0x00000006,
	0x000009f9,0x000009f8,0x000001a8,0x000500c5,0x00000006,0x000009fa,0x000009f6,0x000009f9,
	0x000500c4,0x00000006,0x000009fc,0x000009fa,0x0000014a,0x000500c2,0x00000006,0x000009fe,
	0x000009fa,0x0000014a,0x000500c5,0x00000006,0x000009ff,0x000009fc,0x000009fe,0x000200f9,
	0x00000a0a,0x000200f8,0x00000a0a,0x000700f5,0x00000006,0x000014db,0x000009ff,0x000009f3,
	0x000014dc,0x00000a09,0x000200f9,0x00000a0b,0x000200f8,0x000009e8,0x000500c7,0x00000006,
	0x000009ea,0x00000955,0x0000042c,0x000500c4,0x00000006,0x000009eb,0x000009ea,0x000001a8,
	0x000500c7,0x00000006,0x000009ed,0x00000955,0x00000430,0x000500c2,0x00000006,0x000009ee,
	0x000009ed,0x000001a8,0x000500c5,0x00000006,0x000009ef,0x000009eb,0x000009ee,0x000200f9,
	0x00000a0b,0x000200f8,0x00000a0b,0x000700f5,0x00000006,0x000014da,0x000009ef,0x000009e8,
	0x000014db,0x00000a0a,0x000500c2,0x00000061,0x00000a19,0x00001421,0x000003bc,0x00060041,
	0x0000045c,0x00000a1c,0x00000458,0x00000459,0x00000a19,0x0003003e,0x00000a1c,0x000014da,
	0x00050041,0x00000463,0x00000a1d,0x00000461,0x00000462,0x0004003d,0x00000006,0x00000a1e,
	0x00000a1d,0x000500c7,0x00000006,0x00000a1f,0x00000a1e,0x0000015b,0x000500aa,0x00000027,
	0x00000a55,0x00000a1f,0x00000094,0x000300f7,0x00000a79,0x00000000,0x000400fa,0x00000a55,
	0x00000a56,0x00000a5e,0x000200f8,0x00000a5e,0x000500aa,0x00000027,0x00000a60,0x00000a1f,
	0x000001ac,0x000300f7,0x00000a78,0x00000000,0x000400fa,0x00000a60,0x00000a61,0x00000a6e,
	0x000200f8,0x00000a6e,0x000500aa,0x00000027,0x00000a70,0x00000a1f,0x000000b1,0x000300f7,
	0x00000a77,0x00000000,0x000400fa,0x00000a70,0x00000a71,0x00000a77,0x000200f8,0x00000a71,
	0x000500c4,0x00000006,0x00000a73,0x000014da,0x0000014a,0x000500c2,0x00000006,0x00000a75,
	0x000014da,0x0000014a,0x000500c5,0x00000006,0x00000a76,0x00000a73,0x00000a75,0x000200f9,
	0x00000a77,0x000200f8,0x00000a77,0x000700f5,0x00000006,0x000014ea,0x000014da,0x00000a6e,
	0x00000a76,0x00000a71,0x000200f9,0x00000a78,0x000200f8,0x00000a61,0x000500c7,0x00000006,
	0x00000a63,0x000014da,0x0000042c,0x000500c4,0x00000006,0x00000a64,0x00000a63,0x000001a8,
	0x000500c7,0x00000006,0x00000a66,0x000014da,0x00000430,0x000500c2,0x00000006,0x00000a67,
	0x00000a66,0x000001a8,0x000500c5,0x00000006,0x00000a68,0x00000a64,0x00000a67,0x000500c4,
	0x00000006,0x00000a6a,0x00000a68,0x0000014a,0x000500c2,0x00000006,0x00000a6c,0x00000a68,
	0x0000014a,0x000500c5,0x00000006,0x00000a6d,0x00000a6a,0x00000a6c,0x000200f9,0x00000a78,
	0x000200f8,0x00000a78,0x000700f5,0x00000006,0x000014e9,0x00000a6d,0x00000a61,0x000014ea,
	0x00000a77,0x000200f9,0x00000a79,0x000200f8,0x00000a56,0x000500c7,0x00000006,0x00000a58,
	0x000014da,0x0000042c,0x000500c4,0x00000006,0x00000a59,0x00000a58,0x000001a8,0x000500c7,
	0x00000006,0x00000a5b,0x000014da,0x00000430,0x000500c2,0x00000006,0x00000a5c,0x00000a5b,
	0x000001a8,0x000500c5,0x00000006,0x00000a5d,0x00000a59,0x00000a5c,0x000200f9,0x00000a79,
	0x000200f8,0x00000a79,0x000700f5,0x00000006,0x000014e8,0x00000a5d,0x00000a56,0x000014e9,
	0x00000a78,0x00050041,0x00000463,0x00000a22,0x00000461,0x00000462,0x0004003d,0x00000006,
	0x00000a23,0x00000a22,0x000500c2,0x00000006,0x00000a24,0x00000a23,0x000000b1,0x000500c7,
	0x00000006,0x00000a25,0x00000a24,0x000000b1,0x000500aa,0x00000027,0x00000a27,0x00000a25,
	0x00000094,0x000300f7,0x00000a3b,0x00000000,0x000400fa,0x00000a27,0x00000a28,0x00000a32,
	0x000200f8,0x00000a32,0x000500aa,0x00000027,0x00000a34,0x00000a25,0x000001ac,0x000300f7,
	0x00000a3a,0x00000000,0x000400fa,0x00000a34,0x00000a35,0x00000a3a,0x000200f8,0x00000a35,
	0x000500c2,0x00000006,0x00000a37,0x000014e8,0x000001a8,0x000500c7,0x00000006,0x00000a81,
	0x00000a37,0x000000f4,0x000500c7,0x00000006,0x00000a83,0x00000a37,0x00000107,0x000500c2,
	0x00000006,0x00000a85,0x00000a81,0x0000010b,0x000500aa,0x00000027,0x00000a87,0x00000a85,
	0x00000097,0x000500ab,0x00000027,0x00000a89,0x00000a83,0x00000097,0x000500a7,0x00000027,
	0x00000a8a,0x00000a87,0x00000a89,0x000300f7,0x00000a98,0x00000000,0x000400fa,0x00000a8a,
	0x00000a8b,0x00000a98,0x000200f8,0x00000a8b,0x0006000c,0x00000006,0x00000a8d,0x00000001,
	0x0000004b,0x00000a83,0x00050082,0x00000006,0x00000a8f,0x0000010b,0x00000a8d,0x0004007c,
	0x00000061,0x00000a91,0x00000a8f,0x00050082,0x00000061,0x00000a92,0x0000011a,0x00000a91,
	0x0004007c,0x00000006,0x00000a93,0x00000a92,0x000500c4,0x00000006,0x00000a96,0x00000a83,
	0x00000a8f,0x000500c7,0x00000006,0x00000a97,0x00000a96,0x00000107,0x000200f9,0x00000a98,
	0x000200f8,0x00000a98,0x000700f5,0x00000006,0x000014ec,0x00000a83,0x00000a35,0x00000a97,
	0x00000a8b,0x000700f5,0x00000006,0x000014eb,0x00000a85,0x00000a35,0x00000a93,0x00000a8b,
	0x000500ab,0x00000027,0x00000a9a,0x00000a81,0x00000097,0x00050080,0x00000006,0x00000a9c,
	0x000014eb,0x00000126,0x000500c4,0x00000006,0x00000a9d,0x00000a9c,0x000000c2,0x000500c4,
	0x00000006,0x00000a9f,0x000014ec,0x000000b1,0x000500c5,0x00000006,0x00000aa0,0x00000a9d,
	0x00000a9f,0x0004007c,0x00000025,0x00000aa1,0x00000aa0,0x000600a9,0x00000025,0x00000aa2,
	0x00000a9a,0x00000aa1,0x000000fd,0x0004007c,0x00000006,0x00000a39,0x00000aa2,0x000200f9,
	0x00000a3a,0x000200f8,0x00000a3a,0x000700f5,0x00000006,0x000014ee,0x000014e8,0x00000a32,
	0x00000a39,0x00000a98,0x000200f9,0x00000a3b,0x000200f8,0x00000a28,0x000500c2,0x00000006,
	0x00000a2a,0x000014e8,0x000001a8,0x000500c2,0x00000006,0x00000a2d,0x00000a2a,0x000000c2,
	0x00050080,0x00000006,0x00000a2e,0x00000a2a,0x00000a2d,0x00040070,0x00000025,0x00000a2f,
	0x00000a2e,0x00050085,0x00000025,0x00000a30,0x00000a2f,0x0000047c,0x0004007c,0x00000006,
	0x00000a31,0x00000a30,0x000200f9,0x00000a3b,0x000200f8,0x00000a3b,0x000700f5,0x00000006,
	0x000014ed,0x00000a31,0x00000a28,0x000014ee,0x00000a3a,0x0004003d,0x0000048a,0x00000a3c,
	0x0000048c,0x00040068,0x00000007,0x00000a3d,0x00000a3c,0x0003003e,0x00000a14,0x00000a3d,
	0x00050041,0x00000009,0x00000a3e,0x00000a14,0x00000097,0x0004003d,0x00000006,0x00000a3f,
	0x00000a3e,0x00050041,0x00000009,0x00000a40,0x00000a15,0x00000097,0x0003003e,0x00000a40,
	0x00000a3f,0x00050041,0x00000009,0x00000a41,0x00000a14,0x00000094,0x0004003d,0x00000006,
	0x00000a42,0x00000a41,0x00050041,0x00000009,0x00000a43,0x00000a15,0x00000094,0x0003003e,
	0x00000a43,0x00000a42,0x00050041,0x00000463,0x00000a45,0x00000461,0x000003e0,0x0004003d,
	0x00000006,0x00000a46,0x00000a45,0x00050050,0x00000007,0x00000a47,0x00000097,0x00000a46,
	0x00050080,0x00000007,0x00000a48,0x000006b0,0x00000a47,0x0004003d,0x00000007,0x00000a4a,
	0x00000a15,0x000500b0,0x0000049e,0x00000a4b,0x00000a48,0x00000a4a,0x0004009b,0x00000027,
	0x00000a4c,0x00000a4b,0x000300f7,0x00000a51,0x00000000,0x000400fa,0x00000a4c,0x00000a4d,
	0x00000a51,0x000200f8,0x00000a4d,0x0004003d,0x0000048a,0x00000a4e,0x0000048c,0x00040063,
	0x00000a4e,0x00000a48,0x000014ed,0x000200f9,0x00000a51,0x000200f8,0x00000a51,0x000200f9,
	0x00000793,0x000200f8,0x0000070e,0x0003003e,0x00000672,0x00000255,0x00050041,0x00000463,
	0x0000070f,0x00000461,0x000003bc,0x0004003d,0x00000006,0x00000710,0x0000070f,0x000500c2,
	0x00000006,0x00000aa6,0x00000710,0x000000c2,0x000500c7,0x00000006,0x00000aa7,0x00000aa6,
	0x000000c4,0x000200f9,0x00000712,0x000200f8,0x00000712,0x000700f5,0x00000006,0x0000141b,
	0x00000097,0x0000070e,0x00000722,0x00000720,0x000400f6,0x00000723,0x00000720,0x00000000,
	0x000200f9,0x00000713,0x000200f8,0x00000713,0x000500b0,0x00000027,0x00000716,0x0000141b,
	0x0000141d,0x000400fa,0x00000716,0x00000717,0x00000723,0x000200f8,0x00000717,0x00050080,
	0x00000006,0x0000071a,0x00001466,0x0000141b,0x0004003d,0x00000007,0x0000071b,0x00000655,
	0x00050041,0x00000463,0x00000ad5,0x00000461,0x000003a9,0x0004003d,0x00000006,0x00000ad6,
	0x00000ad5,0x000500c2,0x00000006,0x00000ad7,0x00000ad6,0x0000015b,0x000500c7,0x00000006,
	0x00000ad8,0x00000ad7,0x00000094,0x000500ab,0x00000027,0x00000ad9,0x00000ad8,0x00000097,
	0x000600a9,0x00000006,0x00000ada,0x00000ad9,0x00000094,0x00000097,0x00050041,0x00000463,
	0x00000adb,0x00000461,0x000003a9,0x0004003d,0x00000006,0x00000adc,0x00000adb,0x000500c2,
	0x00000006,0x00000add,0x00000adc,0x000004af,0x000500c7,0x00000006,0x00000ade,0x00000add,
	0x00000094,0x000500ab,0x00000027,0x00000adf,0x00000ade,0x00000097,0x000600a9,0x00000006,
	0x00000ae0,0x00000adf,0x000001ac,0x00000097,0x000500c5,0x00000006,0x00000ae1,0x00000ada,
	0x00000ae0,0x00050041,0x00000463,0x00000ae2,0x00000461,0x000003bc,0x0004003d,0x00000006,
	0x00000ae3,0x00000ae2,0x0003003e,0x00000ace,0x0000071b,0x00050041,0x00000463,0x00000ae7,
	0x00000461,0x000003d4,0x0004003d,0x00000006,0x00000ae8,0x00000ae7,0x000500c2,0x00000006,
	0x00000bd3,0x00000ae3,0x000000af,0x000500c7,0x00000006,0x00000bd4,0x00000bd3,0x000000b1,
	0x000500ae,0x00000027,0x00000b1e,0x00000bd4,0x000001ac,0x000600a9,0x00000006,0x00000b1f,
	0x00000b1e,0x00000094,0x00000097,0x000500ae,0x00000027,0x00000b21,0x00000bd4,0x00000094,
	0x000600a9,0x00000006,0x00000b22,0x00000b21,0x00000094,0x00000097,0x00050041,0x00000009,
	0x00000b23,0x00000ace,0x00000097,0x0004003d,0x00000006,0x00000b24,0x00000b23,0x000500c4,
	0x00000006,0x00000b26,0x00000b24,0x00000b1f,0x000500ae,0x00000027,0x00000b28,0x00000bd4,
	0x000001ac,0x000500c7,0x00000006,0x00000b2a,0x0000071a,0x00000094,0x000600a9,0x00000006,
	0x00000b2b,0x00000b28,0x00000b2a,0x00000097,0x00050080,0x00000006,0x00000b2c,0x00000b26,
	0x00000b2b,0x00050041,0x00000009,0x00000b2d,0x00000ace,0x00000094,0x0004003d,0x00000006,
	0x00000b2e,0x00000b2d,0x000500c4,0x00000006,0x00000b30,0x00000b2e,0x00000b22,0x000500ae,
	0x00000027,0x00000b32,0x00000bd4,0x000001ac,0x000500c2,0x00000006,0x00000b34,0x0000071a,
	0x00000094,0x000500aa,0x00000027,0x00000b36,0x00000bd4,0x00000094,0x000600a9,0x00000006,
	0x00000b38,0x00000b36,0x0000071a,0x00000097,0x000600a9,0x00000006,0x00000b39,0x00000b32,
	0x00000b34,0x00000b38,0x00050080,0x00000006,0x00000b3a,0x00000b30,0x00000b39,0x000500c2,
	0x00000006,0x00000bd8,0x00000ae3,0x000000b6,0x000500c7,0x00000006,0x00000bd9,0x00000bd8,
	0x00000094,0x000500ab,0x00000027,0x00000b3d,0x00000bd9,0x00000097,0x00050084,0x00000006,
	0x00000b3f,0x00000b2c,0x000001ac,0x000600a9,0x00000006,0x00000b43,0x00000b3d,0x00000b3f,
	0x00000b2c,0x00050086,0x00000006,0x00000b45,0x00000b43,0x000002e3,0x00050089,0x00000006,
	0x00000b47,0x00000b43,0x000002e3,0x000500c2,0x00000006,0x00000b49,0x00000b3a,0x000002ea,
	0x000500c7,0x00000006,0x00000b4b,0x00000b3a,0x000000c4,0x000500c7,0x00000006,0x00000bdd,
	0x00000ae3,0x000000a3,0x000500c2,0x00000006,0x00000be1,0x00000ae3,0x000000a8,0x000500c7,
	0x00000006,0x00000be2,0x00000be1,0x000000aa,0x000500c2,0x00000006,0x00000be6,0x00000ae3,
	0x000000b6,0x000500c7,0x00000006,0x00000be7,0x00000be6,0x00000094,0x000500c4,0x00000006,
	0x00000b53,0x00000be2,0x00000be7,0x00050084,0x00000006,0x00000b54,0x00000b49,0x00000b53,
	0x00050080,0x00000006,0x00000b55,0x00000bdd,0x00000b54,0x00050080,0x00000006,0x00000b57,
	0x00000b55,0x00000b45,0x000500c7,0x00000006,0x00000b58,0x00000b57,0x000000a3,0x000500c7,
	0x00000006,0x00000beb,0x00000ae8,0x000000a3,0x00050082,0x00000006,0x00000b5c,0x00000b58,
	0x00000beb,0x000500c7,0x00000006,0x00000b5d,0x00000b5c,0x000000a3,0x000500c2,0x00000006,
	0x00000bef,0x00000ae8,0x000000a8,0x000500c7,0x00000006,0x00000bf0,0x00000bef,0x000000aa,
	0x000500c2,0x00000006,0x00000bf4,0x00000ae8,0x000000b6,0x000500c7,0x00000006,0x00000bf5,
	0x00000bf4,0x00000094,0x000500c4,0x00000006,0x00000b62,0x00000bf0,0x00000bf5,0x00050089,
	0x00000006,0x00000b65,0x00000b5d,0x00000b62,0x00050086,0x00000006,0x00000b68,0x00000b5d,
	0x00000b62,0x000500c2,0x00000006,0x00000bf9,0x00000ae8,0x000000bc,0x000500c7,0x00000006,
	0x00000bfa,0x00000bf9,0x00000094,0x000500c2,0x00000006,0x00000bfe,0x00000ae3,0x000000bc,
	0x000500c7,0x00000006,0x00000bff,0x00000bfe,0x00000094,0x000500ab,0x00000027,0x00000b6d,
	0x00000bfa,0x00000bff,0x000300f7,0x00000b72,0x00000000,0x000400fa,0x00000b6d,0x00000b6e,
	0x00000b72,0x000200f8,0x00000b6e,0x00050080,0x00000006,0x00000b70,0x00000b47,0x00000321,
	0x00050089,0x00000006,0x00000b71,0x00000b70,0x000002e3,0x000200f9,0x00000b72,0x000200f8,
	0x00000b72,0x000700f5,0x00000006,0x00001467,0x00000b47,0x00000717,0x00000b71,0x00000b6e,
	0x000500c2,0x00000006,0x00000c03,0x00000ae8,0x000000af,0x000500c7,0x00000006,0x00000c04,
	0x00000c03,0x000000b1,0x00050084,0x00000006,0x00000b76,0x00000b65,0x000002e3,0x00050080,
	0x00000006,0x00000b78,0x00000b76,0x00001467,0x000500c2,0x00000006,0x00000c08,0x00000ae8,
	0x000000b6,0x000500c7,0x00000006,0x00000c09,0x00000c08,0x00000094,0x000500ab,0x00000027,
	0x00000b7b,0x00000c09,0x00000097,0x000300f7,0x00000b81,0x00000000,0x000400fa,0x00000b7b,
	0x00000b7c,0x00000b81,0x000200f8,0x00000b7c,0x000500c2,0x00000006,0x00000b80,0x00000b78,
	0x00000094,0x000200f9,0x00000b81,0x000200f8,0x00000b81,0x000700f5,0x00000006,0x00001468,
	0x00000b78,0x00000b72,0x00000b80,0x00000b7c,0x00050084,0x00000006,0x00000b83,0x00000b68,
	0x0000014a,0x00050080,0x00000006,0x00000b85,0x00000b83,0x00000b4b,0x000500ae,0x00000027,
	0x00000b87,0x00000c04,0x000001ac,0x000600a9,0x00000006,0x00000b88,0x00000b87,0x00000094,
	0x00000097,0x000500ae,0x00000027,0x00000b8a,0x00000c04,0x00000094,0x000600a9,0x00000006,
	0x00000b8b,0x00000b8a,0x00000094,0x00000097,0x000500c2,0x00000006,0x00000b8e,0x00001468,
	0x00000b88,0x0004007c,0x00000061,0x00000b8f,0x00000b8e,0x000500c2,0x00000006,0x00000b92,
	0x00000b85,0x00000b8b,0x0004007c,0x00000061,0x00000b93,0x00000b92,0x00050050,0x00000345,
	0x00000b94,0x00000b8f,0x00000b93,0x0004007c,0x00000061,0x00000b96,0x000006bc,0x00050050,
	0x00000345,0x00000b97,0x00000b96,0x00000b96,0x00050084,0x00000345,0x00000b98,0x00000b94,
	0x00000b97,0x0004007c,0x00000345,0x00000b9a,0x0000141a,0x00050080,0x00000345,0x00000b9b,
	0x00000b98,0x00000b9a,0x000500c7,0x00000006,0x00000b9e,0x00001468,0x00000b88,0x000500c7,
	0x00000006,0x00000ba1,0x00000b85,0x00000b8b,0x000500c4,0x00000006,0x00000ba3,0x00000ba1,
	0x00000b88,0x000500c5,0x00000006,0x00000ba4,0x00000b9e,0x00000ba3,0x000500c2,0x00000006,
	0x00000c0d,0x00000ae8,0x000000c9,0x000500c7,0x00000006,0x00000c0e,0x00000c0d,0x000000b1,
	0x000500aa,0x00000027,0x00000c14,0x00000c0e,0x000000b1,0x000300f7,0x00000c2b,0x00000000,
	0x000400fa,0x00000c14,0x00000c15,0x00000c16,0x000200f8,0x00000c16,0x000500aa,0x00000027,
	0x00000c18,0x00000c04,0x00000094,0x000500aa,0x00000027,0x00000c1a,0x00000c0e,0x00000094,
	0x000500a7,0x00000027,0x00000c1b,0x00000c18,0x00000c1a,0x000300f7,0x00000c2a,0x00000000,
	0x000400fa,0x00000c1b,0x00000c1c,0x00000c1f,0x000200f8,0x00000c1f,0x000500aa,0x00000027,
	0x00000c21,0x00000c04,0x00000094,0x000500aa,0x00000027,0x00000c23,0x00000c0e,0x000001ac,
	0x000500a7,0x00000027,0x00000c24,0x00000c21,0x00000c23,0x000300f7,0x00000c29,0x00000000,
	0x000400fa,0x00000c24,0x00000c25,0x00000c29,0x000200f8,0x00000c25,0x000500ab,0x00000027,
	0x00000c27,0x00000ba4,0x00000097,0x000600a9,0x00000006,0x00000c28,0x00000c27,0x000000b1,
	0x00000097,0x000200f9,0x00000c29,0x000200f8,0x00000c29,0x000700f5,0x00000006,0x00001476,
	0x00000ba4,0x00000c1f,0x00000c28,0x00000c25,0x000200f9,0x00000c2a,0x000200f8,0x00000c1c,
	0x000500c6,0x00000006,0x00000c1e,0x00000ba4,0x00000094,0x000200f9,0x00000c2a,0x000200f8,
	0x00000c2a,0x000700f5,0x00000006,0x00001475,0x00000c1e,0x00000c1c,0x00001476,0x00000c29,
	0x000200f9,0x00000c2b,0x000200f8,0x00000c15,0x000200f9,0x00000c2b,0x000200f8,0x00000c2b,
	0x000700f5,0x00000006,0x00001474,0x00000097,0x00000c15,0x00001475,0x00000c2a,0x0004003d,
	0x0000036d,0x00000baa,0x0000036f,0x0004007c,0x00000061,0x00000bad,0x00001474,0x0007005f,
	0x00000041,0x00000bae,0x00000baa,0x00000b9b,0x00000040,0x00000bad,0x00050051,0x00000025,
	0x00000baf,0x00000bae,0x00000000,0x0004003d,0x00000377,0x00000bb0,0x00000379,0x0004007c,
	0x00000061,0x00000bb3,0x00001474,0x0007005f,0x0000037e,0x00000bb4,0x00000bb0,0x00000b9b,
	0x00000040,0x00000bb3,0x00050051,0x00000006,0x00000bb5,0x00000bb4,0x00000000,0x000500c2,
	0x00000006,0x00000c30,0x00000ae8,0x000000c2,0x000500c7,0x00000006,0x00000c31,0x00000c30,
	0x000000c4,0x000500aa,0x00000027,0x00000bbb,0x00000c31,0x00000094,0x000300f7,0x00000bca,
	0x00000000,0x000400fa,0x00000bbb,0x00000bbc,0x00000bc3,0x000200f8,0x00000bc3,0x0008000c,
	0x00000025,0x00000bc5,0x00000001,0x0000002b,0x00000baf,0x000000fd,0x0000018d,0x00050085,
	0x00000025,0x00000bc6,0x00000bc5,0x00000397,0x00050081,0x00000025,0x00000bc7,0x00000bc6,
	0x00000191,0x0004006d,0x00000006,0x00000bc8,0x00000bc7,0x0007000c,0x00000006,0x00000bc9,
	0x00000001,0x00000026,0x00000bc8,0x000000f4,0x000200f9,0x00000bca,0x000200f8,0x00000bbc,
	0x00050085,0x00000025,0x00000bbe,0x00000baf,0x0000038c,0x000500c7,0x00000006,0x00000bc0,
	0x00000ae1,0x00000094,0x000500ab,0x00000027,0x00000bc1,0x00000bc0,0x00000097,0x0004007c,
	0x00000006,0x00000c38,0x00000bbe,0x000500b0,0x00000027,0x00000c3a,0x00000c38,0x000000d2,
	0x000300f7,0x00000c48,0x00000000,0x000400fa,0x00000c3a,0x00000c3b,0x00000c45,0x000200f8,
	0x00000c45,0x00050080,0x00000006,0x00000c47,0x00000c38,0x000000e5,0x000200f9,0x00000c48,
	0x000200f8,0x00000c3b,0x000500c2,0x00000006,0x00000c3d,0x00000c38,0x000000c2,0x00050082,
	0x00000006,0x00000c3e,0x000000d7,0x00000c3d,0x0007000c,0x00000006,0x00000c3f,0x00000001,
	0x00000026,0x00000c3e,0x000000db,0x000500c7,0x00000006,0x00000c41,0x00000c38,0x000000df,
	0x000500c5,0x00000006,0x00000c42,0x000000dd,0x00000c41,0x000500c2,0x00000006,0x00000c44,
	0x00000c42,0x00000c3f,0x000200f9,0x00000c48,0x000200f8,0x00000c48,0x000700f5,0x00000006,
	0x00001477,0x00000c44,0x00000c3b,0x00000c47,0x00000c45,0x000300f7,0x00000c51,0x00000000,
	0x000400fa,0x00000bc1,0x00000c4a,0x00000c51,0x000200f8,0x00000c4a,0x000500c2,0x00000006,
	0x00000c4c,0x00001477,0x000000b1,0x000500c7,0x00000006,0x00000c4d,0x00000c4c,0x00000094,
	0x00050080,0x00000006,0x00000c4e,0x000000b1,0x00000c4d,0x00050080,0x00000006,0x00000c50,
	0x00001477,0x00000c4e,0x000200f9,0x00000c51,0x000200f8,0x00000c51,0x000700f5,0x00000006,
	0x00001478,0x00001477,0x00000c48,0x00000c50,0x00000c4a,0x000500c2,0x00000006,0x00000c53,
	0x00001478,0x000000b1,0x000500c7,0x00000006,0x00000c54,0x00000c53,0x000000f4,0x0004007c,
	0x00000006,0x00000c56,0x00000bbe,0x000500ae,0x00000027,0x00000c57,0x00000c56,0x000000f8,
	0x000600a9,0x00000006,0x00000c59,0x00000c57,0x000000f4,0x00000c54,0x000500ba,0x00000027,
	0x00000c5b,0x00000bbe,0x000000fd,0x000600a9,0x00000006,0x00000c5d,0x00000c5b,0x00000c59,
	0x00000097,0x000200f9,0x00000bca,0x000200f8,0x00000bca,0x000700f5,0x00000006,0x00001479,
	0x00000c5d,0x00000c51,0x00000bc9,0x00000bc3,0x000500c4,0x00000006,0x00000bcc,0x00001479,
	0x000001a8,0x000500c7,0x00000006,0x00000bce,0x00000bb5,0x000000aa,0x000500c5,0x00000006,
	0x00000bcf,0x00000bcc,0x00000bce,0x00050041,0x00000463,0x00000aba,0x00000461,0x000003bc,
	0x0004003d,0x00000006,0x00000abb,0x00000aba,0x000500c2,0x00000006,0x00000c61,0x00000abb,
	0x000000b6,0x000500c7,0x00000006,0x00000c62,0x00000c61,0x00000094,0x000500ab,0x00000027,
	0x00000abd,0x00000c62,0x00000097,0x000300f7,0x00000aca,0x00000002,0x000400fa,0x00000abd,
	0x00000abe,0x00000ac6,0x000200f8,0x00000ac6,0x000200f9,0x00000e66,0x000200f8,0x00000e66,
	0x000300f7,0x00000eb2,0x00000000,0x001500fb,0x00000aa7,0x00000e68,0x00000000,0x00000e69,
	0x00000001,0x00000e69,0x00000002,0x00000e7a,0x0000000a,0x00000e7a,0x00000003,0x00000e90,
	0x0000000c,0x00000e90,0x0000000e,0x00000e9e,0x00000004,0x00000ea2,0x00000006,0x00000ea9,
	0x000200f8,0x00000ea9,0x0006000c,0x0000024c,0x00000eab,0x00000001,0x0000003e,0x00000bcf,
	0x00050051,0x00000025,0x00000eac,0x00000eab,0x00000000,0x000500c2,0x00000006,0x00000eae,
	0x00000bcf,0x0000014a,0x0006000c,0x0000024c,0x00000eaf,0x00000001,0x0000003e,0x00000eae,
	0x00050051,0x00000025,0x00000eb0,0x00000eaf,0x00000000,0x00070050,0x00000041,0x00000eb1,
	0x00000eac,0x00000eb0,0x000000fd,0x000000fd,0x000200f9,0x00000eb2,0x000200f8,0x00000ea2,
	0x000500c4,0x00000006,0x00000f32,0x00000bcf,0x0000014a,0x0004007c,0x00000061,0x00000f33,
	0x00000f32,0x000500c3,0x00000061,0x00000f34,0x00000f33,0x00000181,0x0004006f,0x00000025,
	0x00000f35,0x00000f34,0x00050085,0x00000025,0x00000f36,0x00000f35,0x00000184,0x0007000c,
	0x00000025,0x00000f37,0x00000001,0x00000028,0x00000f36,0x00000186,0x00050085,0x00000025,
	0x00000f39,0x00000f37,0x000006b7,0x000500c2,0x00000006,0x00000ea6,0x00000bcf,0x0000014a,
	0x000500c4,0x00000006,0x00000f3d,0x00000ea6,0x0000014a,0x0004007c,0x00000061,0x00000f3e,
	0x00000f3d,0x000500c3,0x00000061,0x00000f3f,0x00000f3e,0x00000181,0x0004006f,0x00000025,
	0x00000f40,0x00000f3f,0x00050085,0x00000025,0x00000f41,0x00000f40,0x00000184,0x0007000c,
	0x00000025,0x00000f42,0x00000001,0x00000028,0x00000f41,0x00000186,0x00050085,0x00000025,
	0x00000f44,0x00000f42,0x000006b7,0x00070050,0x00000041,0x00000ea8,0x00000f39,0x00000f44,
	0x000000fd,0x000000fd,0x000200f9,0x00000eb2,0x000200f8,0x00000e9e,0x0004007c,0x00000025,
	0x00000ea0,0x00000bcf,0x00070050,0x00000041,0x00000ea1,0x00000ea0,0x000000fd,0x000000fd,
	0x000000fd,0x000200f9,0x00000eb2,0x000200f8,0x00000e90,0x000500c7,0x00000006,0x00000ebd,
	0x00000bcf,0x0000014f,0x000500c7,0x00000006,0x00000ebf,0x00000bcf,0x00000157,0x000500c2,
	0x00000006,0x00000ec1,0x00000ebd,0x0000015b,0x000500aa,0x00000027,0x00000ec3,0x00000ec1,
	0x00000097,0x000500ab,0x00000027,0x00000ec5,0x00000ebf,0x00000097,0x000500a7,0x00000027,
	0x00000ec6,0x00000ec3,0x00000ec5,0x000300f7,0x00000ed4,0x00000000,0x000400fa,0x00000ec6,
	0x00000ec7,0x00000ed4,0x000200f8,0x00000ec7,0x0006000c,0x00000006,0x00000ec9,0x00000001,
	0x0000004b,0x00000ebf,0x00050082,0x00000006,0x00000ecb,0x0000015b,0x00000ec9,0x0004007c,
	0x00000061,0x00000ecd,0x00000ecb,0x00050082,0x00000061,0x00000ece,0x0000011a,0x00000ecd,
	0x0004007c,0x00000006,0x00000ecf,0x00000ece,0x000500c4,0x00000006,0x00000ed2,0x00000ebf,
	0x00000ecb,0x000500c7,0x00000006,0x00000ed3,0x00000ed2,0x00000157,0x000200f9,0x00000ed4,
	0x000200f8,0x00000ed4,0x000700f5,0x00000006,0x00001487,0x00000ebf,0x00000e90,0x00000ed3,
	0x00000ec7,0x000700f5,0x00000006,0x00001486,0x00000ec1,0x00000e90,0x00000ecf,0x00000ec7,
	0x000500ab,0x00000027,0x00000ed6,0x00000ebd,0x00000097,0x00050080,0x00000006,0x00000ed8,
	0x00001486,0x00000174,0x000500c4,0x00000006,0x00000ed9,0x00000ed8,0x000000c2,0x000500c4,
	0x00000006,0x00000edb,0x00001487,0x0000014a,0x000500c5,0x00000006,0x00000edc,0x00000ed9,
	0x00000edb,0x0004007c,0x00000025,0x00000edd,0x00000edc,0x000600a9,0x00000025,0x00000ede,
	0x00000ed6,0x00000edd,0x000000fd,0x000500c2,0x00000006,0x00000e94,0x00000bcf,0x000001c6,
	0x000500c7,0x00000006,0x00000ee5,0x00000e94,0x0000014f,0x000500c7,0x00000006,0x00000ee7,
	0x00000e94,0x00000157,0x000500c2,0x00000006,0x00000ee9,0x00000ee5,0x0000015b,0x000500aa,
	0x00000027,0x00000eeb,0x00000ee9,0x00000097,0x000500ab,0x00000027,0x00000eed,0x00000ee7,
	0x00000097,0x000500a7,0x00000027,0x00000eee,0x00000eeb,0x00000eed,0x000300f7,0x00000efc,
	0x00000000,0x000400fa,0x00000eee,0x00000eef,0x00000efc,0x000200f8,0x00000eef,0x0006000c,
	0x00000006,0x00000ef1,0x00000001,0x0000004b,0x00000ee7,0x00050082,0x00000006,0x00000ef3,
	0x0000015b,0x00000ef1,0x0004007c,0x00000061,0x00000ef5,0x00000ef3,0x00050082,0x00000061,
	0x00000ef6,0x0000011a,0x00000ef5,0x0004007c,0x00000006,0x00000ef7,0x00000ef6,0x000500c4,
	0x00000006,0x00000efa,0x00000ee7,0x00000ef3,0x000500c7,0x00000006,0x00000efb,0x00000efa,
	0x00000157,0x000200f9,0x00000efc,0x000200f8,0x00000efc,0x000700f5,0x00000006,0x00001489,
	0x00000ee7,0x00000ed4,0x00000efb,0x00000eef,0x000700f5,0x00000006,0x00001488,0x00000ee9,
	0x00000ed4,0x00000ef7,0x00000eef,0x000500ab,0x00000027,0x00000efe,0x00000ee5,0x00000097,
	0x00050080,0x00000006,0x00000f00,0x00001488,0x00000174,0x000500c4,0x00000006,0x00000f01,
	0x00000f00,0x000000c2,0x000500c4,0x00000006,0x00000f03,0x00001489,0x0000014a,0x000500c5,
	0x00000006,0x00000f04,0x00000f01,0x00000f03,0x0004007c,0x00000025,0x00000f05,0x00000f04,
	0x000600a9,0x00000025,0x00000f06,0x00000efe,0x00000f05,0x000000fd,0x000500c2,0x00000006,
	0x00000e97,0x00000bcf,0x0000010b,0x000500c7,0x00000006,0x00000f0d,0x00000e97,0x0000014f,
	0x000500c7,0x00000006,0x00000f0f,0x00000e97,0x00000157,0x000500c2,0x00000006,0x00000f11,
	0x00000f0d,0x0000015b,0x000500aa,0x00000027,0x00000f13,0x00000f11,0x00000097,0x000500ab,
	0x00000027,0x00000f15,0x00000f0f,0x00000097,0x000500a7,0x00000027,0x00000f16,0x00000f13,
	0x00000f15,0x000300f7,0x00000f24,0x00000000,0x000400fa,0x00000f16,0x00000f17,0x00000f24,
	0x000200f8,0x00000f17,0x0006000c,0x00000006,0x00000f19,0x00000001,0x0000004b,0x00000f0f,
	0x00050082,0x00000006,0x00000f1b,0x0000015b,0x00000f19,0x0004007c,0x00000061,0x00000f1d,
	0x00000f1b,0x00050082,0x00000061,0x00000f1e,0x0000011a,0x00000f1d,0x0004007c,0x00000006,
	0x00000f1f,0x00000f1e,0x000500c4,0x00000006,0x00000f22,0x00000f0f,0x00000f1b,0x000500c7,
	0x00000006,0x00000f23,0x00000f22,0x00000157,0x000200f9,0x00000f24,0x000200f8,0x00000f24,
	0x000700f5,0x00000006,0x0000148b,0x00000f0f,0x00000efc,0x00000f23,0x00000f17,0x000700f5,
	0x00000006,0x0000148a,0x00000f11,0x00000efc,0x00000f1f,0x00000f17,0x000500ab,0x00000027,
	0x00000f26,0x00000f0d,0x00000097,0x00050080,0x00000006,0x00000f28,0x0000148a,0x00000174,
	0x000500c4,0x00000006,0x00000f29,0x00000f28,0x000000c2,0x000500c4,0x00000006,0x00000f2b,
	0x0000148b,0x0000014a,0x000500c5,0x00000006,0x00000f2c,0x00000f29,0x00000f2b,0x0004007c,
	0x00000025,0x00000f2d,0x00000f2c,0x000600a9,0x00000025,0x00000f2e,0x00000f26,0x00000f2d,
	0x000000fd,0x000500c2,0x00000006,0x00000e9a,0x00000bcf,0x000001d6,0x00040070,0x00000025,
	0x00000e9b,0x00000e9a,0x00050085,0x00000025,0x00000e9c,0x00000e9b,0x00000226,0x00070050,
	0x00000041,0x00000e9d,0x00000ede,0x00000f06,0x00000f2e,0x00000e9c,0x000200f9,0x00000eb2,
	0x000200f8,0x00000e7a,0x000500c7,0x00000006,0x00000e7c,0x00000bcf,0x0000014f,0x00040070,
	0x00000025,0x00000e7d,0x00000e7c,0x000500c2,0x00000006,0x00000e7f,0x00000bcf,0x000001c6,
	0x000500c7,0x00000006,0x00000e80,0x00000e7f,0x0000014f,0x00040070,0x00000025,0x00000e81,
	0x00000e80,0x000500c2,0x00000006,0x00000e83,0x00000bcf,0x0000010b,0x000500c7,0x00000006,
	0x00000e84,0x00000e83,0x0000014f,0x00040070,0x00000025,0x00000e85,0x00000e84,0x00060050,
	0x0000021f,0x00000e86,0x00000e7d,0x00000e81,0x00000e85,0x0005008e,0x0000021f,0x00000e87,
	0x00000e86,0x00000221,0x000500c2,0x00000006,0x00000e89,0x00000bcf,0x000001d6,0x00040070,
	0x00000025,0x00000e8a,0x00000e89,0x00050085,0x00000025,0x00000e8b,0x00000e8a,0x00000226,
	0x00050051,0x00000025,0x00000e8c,0x00000e87,0x00000000,0x00050051,0x00000025,0x00000e8d,
	0x00000e87,0x00000001,0x00050051,0x00000025,0x00000e8e,0x00000e87,0x00000002,0x00070050,
	0x00000041,0x00000e8f,0x00000e8c,0x00000e8d,0x00000e8e,0x00000e8b,0x000200f9,0x00000eb2,
	0x000200f8,0x00000e69,0x000500c7,0x00000006,0x00000e6b,0x00000bcf,0x000000aa,0x00040070,
	0x00000025,0x00000e6c,0x00000e6b,0x000500c2,0x00000006,0x00000e6e,0x00000bcf,0x000001a8,
	0x000500c7,0x00000006,0x00000e6f,0x00000e6e,0x000000aa,0x00040070,0x00000025,0x00000e70,
	0x00000e6f,0x000500c2,0x00000006,0x00000e72,0x00000bcf,0x0000014a,0x000500c7,0x00000006,
	0x00000e73,0x00000e72,0x000000aa,0x00040070,0x00000025,0x00000e74,0x00000e73,0x000500c2,
	0x00000006,0x00000e76,0x00000bcf,0x000000db,0x00040070,0x00000025,0x00000e77,0x00000e76,
	0x00070050,0x00000041,0x00000e78,0x00000e6c,0x00000e70,0x00000e74,0x00000e77,0x0005008e,
	0x00000041,0x00000e79,0x00000e78,0x00000211,0x000200f9,0x00000eb2,0x000200f8,0x00000e68,
	0x000200f9,0x00000eb2,0x000200f8,0x00000eb2,0x001100f5,0x00000041,0x0000148e,0x00000255,
	0x00000e68,0x00000e79,0x00000e69,0x00000e8f,0x00000e7a,0x00000e9d,0x00000f24,0x00000ea1,
	0x00000e9e,0x00000ea8,0x00000ea2,0x00000eb1,0x00000ea9,0x000200f9,0x00000eb5,0x000200f8,
	0x00000eb5,0x000200f9,0x00000aca,0x000200f8,0x00000abe,0x00050041,0x00000463,0x00000c6c,
	0x00000461,0x000003a9,0x0004003d,0x00000006,0x00000c6d,0x00000c6c,0x000500c2,0x00000006,
	0x00000c6e,0x00000c6d,0x0000015b,0x000500c7,0x00000006,0x00000c6f,0x00000c6e,0x00000094,
	0x000500ab,0x00000027,0x00000c70,0x00000c6f,0x00000097,0x000600a9,0x00000006,0x00000c71,
	0x00000c70,0x00000094,0x00000097,0x00050041,0x00000463,0x00000c72,0x00000461,0x000003a9,
	0x0004003d,0x00000006,0x00000c73,0x00000c72,0x000500c2,0x00000006,0x00000c74,0x00000c73,
	0x000004af,0x000500c7,0x00000006,0x00000c75,0x00000c74,0x00000094,0x000500ab,0x00000027,
	0x00000c76,0x00000c75,0x00000097,0x000600a9,0x00000006,0x00000c77,0x00000c76,0x000001ac,
	0x00000097,0x000500c5,0x00000006,0x00000c78,0x00000c71,0x00000c77,0x00050041,0x00000463,
	0x00000c79,0x00000461,0x000003bc,0x0004003d,0x00000006,0x00000c7a,0x00000c79,0x0003003e,
	0x00000c65,0x0000071b,0x00050041,0x00000463,0x00000c7e,0x00000461,0x000003d4,0x0004003d,
	0x00000006,0x00000c7f,0x00000c7e,0x000500c2,0x00000006,0x00000d6a,0x00000c7a,0x000000af,
	0x000500c7,0x00000006,0x00000d6b,0x00000d6a,0x000000b1,0x000500ae,0x00000027,0x00000cb5,
	0x00000d6b,0x000001ac,0x000600a9,0x00000006,0x00000cb6,0x00000cb5,0x00000094,0x00000097,
	0x000500ae,0x00000027,0x00000cb8,0x00000d6b,0x00000094,0x000600a9,0x00000006,0x00000cb9,
	0x00000cb8,0x00000094,0x00000097,0x00050041,0x00000009,0x00000cba,0x00000c65,0x00000097,
	0x0004003d,0x00000006,0x00000cbb,0x00000cba,0x000500c4,0x00000006,0x00000cbd,0x00000cbb,
	0x00000cb6,0x000500ae,0x00000027,0x00000cbf,0x00000d6b,0x000001ac,0x000500c7,0x00000006,
	0x00000cc1,0x0000071a,0x00000094,0x000600a9,0x00000006,0x00000cc2,0x00000cbf,0x00000cc1,
	0x00000097,0x00050080,0x00000006,0x00000cc3,0x00000cbd,0x00000cc2,0x00050041,0x00000009,
	0x00000cc4,0x00000c65,0x00000094,0x0004003d,0x00000006,0x00000cc5,0x00000cc4,0x000500c4,
	0x00000006,0x00000cc7,0x00000cc5,0x00000cb9,0x000500ae,0x00000027,0x00000cc9,0x00000d6b,
	0x000001ac,0x000500c2,0x00000006,0x00000ccb,0x0000071a,0x00000094,0x000500aa,0x00000027,
	0x00000ccd,0x00000d6b,0x00000094,0x000600a9,0x00000006,0x00000ccf,0x00000ccd,0x0000071a,
	0x00000097,0x000600a9,0x00000006,0x00000cd0,0x00000cc9,0x00000ccb,0x00000ccf,0x00050080,
	0x00000006,0x00000cd1,0x00000cc7,0x00000cd0,0x000500c2,0x00000006,0x00000d6f,0x00000c7a,
	0x000000b6,0x000500c7,0x00000006,0x00000d70,0x00000d6f,0x00000094,0x000500ab,0x00000027,
	0x00000cd4,0x00000d70,0x00000097,0x00050084,0x00000006,0x00000cd6,0x00000cc3,0x000001ac,
	0x00050080,0x00000006,0x00000cd8,0x00000cd6,0x00000094,0x000600a9,0x00000006,0x00000cda,
	0x00000cd4,0x00000cd8,0x00000cc3,0x00050086,0x00000006,0x00000cdc,0x00000cda,0x000002e3,
	0x00050089,0x00000006,0x00000cde,0x00000cda,0x000002e3,0x000500c2,0x00000006,0x00000ce0,
	0x00000cd1,0x000002ea,0x000500c7,0x00000006,0x00000ce2,0x00000cd1,0x000000c4,0x000500c7,
	0x00000006,0x00000d74,0x00000c7a,0x000000a3,0x000500c2,0x00000006,0x00000d78,0x00000c7a,
	0x000000a8,0x000500c7,0x00000006,0x00000d79,0x00000d78,0x000000aa,0x000500c2,0x00000006,
	0x00000d7d,0x00000c7a,0x000000b6,0x000500c7,0x00000006,0x00000d7e,0x00000d7d,0x00000094,
	0x000500c4,0x00000006,0x00000cea,0x00000d79,0x00000d7e,0x00050084,0x00000006,0x00000ceb,
	0x00000ce0,0x00000cea,0x00050080,0x00000006,0x00000cec,0x00000d74,0x00000ceb,0x00050080,
	0x00000006,0x00000cee,0x00000cec,0x00000cdc,0x000500c7,0x00000006,0x00000cef,0x00000cee,
	0x000000a3,0x000500c7,0x00000006,0x00000d82,0x00000c7f,0x000000a3,0x00050082,0x00000006,
	0x00000cf3,0x00000cef,0x00000d82,0x000500c7,0x00000006,0x00000cf4,0x00000cf3,0x000000a3,
	0x000500c2,0x00000006,0x00000d86,0x00000c7f,0x000000a8,0x000500c7,0x00000006,0x00000d87,
	0x00000d86,0x000000aa,0x000500c2,0x00000006,0x00000d8b,0x00000c7f,0x000000b6,0x000500c7,
	0x00000006,0x00000d8c,0x00000d8b,0x00000094,0x000500c4,0x00000006,0x00000cf9,0x00000d87,
	0x00000d8c,0x00050089,0x00000006,0x00000cfc,0x00000cf4,0x00000cf9,0x00050086,0x00000006,
	0x00000cff,0x00000cf4,0x00000cf9,0x000500c2,0x00000006,0x00000d90,0x00000c7f,0x000000bc,
	0x000500c7,0x00000006,0x00000d91,0x00000d90,0x00000094,0x000500c2,0x00000006,0x00000d95,
	0x00000c7a,0x000000bc,0x000500c7,0x00000006,0x00000d96,0x00000d95,0x00000094,0x000500ab,
	0x00000027,0x00000d04,0x00000d91,0x00000d96,0x000300f7,0x00000d09,0x00000000,0x000400fa,
	0x00000d04,0x00000d05,0x00000d09,0x000200f8,0x00000d05,0x00050080,0x00000006,0x00000d07,
	0x00000cde,0x00000321,0x00050089,0x00000006,0x00000d08,0x00000d07,0x000002e3,0x000200f9,
	0x00000d09,0x000200f8,0x00000d09,0x000700f5,0x00000006,0x0000148f,0x00000cde,0x00000abe,
	0x00000d08,0x00000d05,0x000500c2,0x00000006,0x00000d9a,0x00000c7f,0x000000af,0x000500c7,
	0x00000006,0x00000d9b,0x00000d9a,0x000000b1,0x00050084,0x00000006,0x00000d0d,0x00000cfc,
	0x000002e3,0x00050080,0x00000006,0x00000d0f,0x00000d0d,0x0000148f,0x000500c2,0x00000006,
	0x00000d9f,0x00000c7f,0x000000b6,0x000500c7,0x00000006,0x00000da0,0x00000d9f,0x00000094,
	0x000500ab,0x00000027,0x00000d12,0x00000da0,0x00000097,0x000300f7,0x00000d18,0x00000000,
	0x000400fa,0x00000d12,0x00000d13,0x00000d18,0x000200f8,0x00000d13,0x000500c2,0x00000006,
	0x00000d17,0x00000d0f,0x00000094,0x000200f9,0x00000d18,0x000200f8,0x00000d18,0x000700f5,
	0x00000006,0x00001490,0x00000d0f,0x00000d09,0x00000d17,0x00000d13,0x00050084,0x00000006,
	0x00000d1a,0x00000cff,0x0000014a,0x00050080,0x00000006,0x00000d1c,0x00000d1a,0x00000ce2,
	0x000500ae,0x00000027,0x00000d1e,0x00000d9b,0x000001ac,0x000600a9,0x00000006,0x00000d1f,
	0x00000d1e,0x00000094,0x00000097,0x000500ae,0x00000027,0x00000d21,0x00000d9b,0x00000094,
	0x000600a9,0x00000006,0x00000d22,0x00000d21,0x00000094,0x00000097,0x000500c2,0x00000006,
	0x00000d25,0x00001490,0x00000d1f,0x0004007c,0x00000061,0x00000d26,0x00000d25,0x000500c2,
	0x00000006,0x00000d29,0x00000d1c,0x00000d22,0x0004007c,0x00000061,0x00000d2a,0x00000d29,
	0x00050050,0x00000345,0x00000d2b,0x00000d26,0x00000d2a,0x0004007c,0x00000061,0x00000d2d,
	0x000006bc,0x00050050,0x00000345,0x00000d2e,0x00000d2d,0x00000d2d,0x00050084,0x00000345,
	0x00000d2f,0x00000d2b,0x00000d2e,0x0004007c,0x00000345,0x00000d31,0x0000141a,0x00050080,
	0x00000345,0x00000d32,0x00000d2f,0x00000d31,0x000500c7,0x00000006,0x00000d35,0x00001490,
	0x00000d1f,0x000500c7,0x00000006,0x00000d38,0x00000d1c,0x00000d22,0x000500c4,0x00000006,
	0x00000d3a,0x00000d38,0x00000d1f,0x000500c5,0x00000006,0x00000d3b,0x00000d35,0x00000d3a,
	0x000500c2,0x00000006,0x00000da4,0x00000c7f,0x000000c9,0x000500c7,0x00000006,0x00000da5,
	0x00000da4,0x000000b1,0x000500aa,0x00000027,0x00000dab,0x00000da5,0x000000b1,0x000300f7,
	0x00000dc2,0x00000000,0x000400fa,0x00000dab,0x00000dac,0x00000dad,0x000200f8,0x00000dad,
	0x000500aa,0x00000027,0x00000daf,0x00000d9b,0x00000094,0x000500aa,0x00000027,0x00000db1,
	0x00000da5,0x00000094,0x000500a7,0x00000027,0x00000db2,0x00000daf,0x00000db1,0x000300f7,
	0x00000dc1,0x00000000,0x000400fa,0x00000db2,0x00000db3,0x00000db6,0x000200f8,0x00000db6,
	0x000500aa,0x00000027,0x00000db8,0x00000d9b,0x00000094,0x000500aa,0x00000027,0x00000dba,
	0x00000da5,0x000001ac,0x000500a7,0x00000027,0x00000dbb,0x00000db8,0x00000dba,0x000300f7,
	0x00000dc0,0x00000000,0x000400fa,0x00000dbb,0x00000dbc,0x00000dc0,0x000200f8,0x00000dbc,
	0x000500ab,0x00000027,0x00000dbe,0x00000d3b,0x00000097,0x000600a9,0x00000006,0x00000dbf,
	0x00000dbe,0x000000b1,0x00000097,0x000200f9,0x00000dc0,0x000200f8,0x00000dc0,0x000700f5,
	0x00000006,0x000014a3,0x00000d3b,0x00000db6,0x00000dbf,0x00000dbc,0x000200f9,0x00000dc1,
	0x000200f8,0x00000db3,0x000500c6,0x00000006,0x00000db5,0x00000d3b,0x00000094,0x000200f9,
	0x00000dc1,0x000200f8,0x00000dc1,0x000700f5,0x00000006,0x000014a2,0x00000db5,0x00000db3,
	0x000014a3,0x00000dc0,0x000200f9,0x00000dc2,0x000200f8,0x00000dac,0x000200f9,0x00000dc2,
	0x000200f8,0x00000dc2,0x000700f5,0x00000006,0x000014a1,0x00000097,0x00000dac,0x000014a2,
	0x00000dc1,0x0004003d,0x0000036d,0x00000d41,0x0000036f,0x0004007c,0x00000061,0x00000d44,
	0x000014a1,0x0007005f,0x00000041,0x00000d45,0x00000d41,0x00000d32,0x00000040,0x00000d44,
	0x00050051,0x00000025,0x00000d46,0x00000d45,0x00000000,0x0004003d,0x00000377,0x00000d47,
	0x00000379,0x0004007c,0x00000061,0x00000d4a,0x000014a1,0x0007005f,0x0000037e,0x00000d4b,
	0x00000d47,0x00000d32,0x00000040,0x00000d4a,0x00050051,0x00000006,0x00000d4c,0x00000d4b,
	0x00000000,0x000500c2,0x00000006,0x00000dc7,0x00000c7f,0x000000c2,0x000500c7,0x00000006,
	0x00000dc8,0x00000dc7,0x000000c4,0x000500aa,0x00000027,0x00000d52,0x00000dc8,0x00000094,
	0x000300f7,0x00000d61,0x00000000,0x000400fa,0x00000d52,0x00000d53,0x00000d5a,0x000200f8,
	0x00000d5a,0x0008000c,0x00000025,0x00000d5c,0x00000001,0x0000002b,0x00000d46,0x000000fd,
	0x0000018d,0x00050085,0x00000025,0x00000d5d,0x00000d5c,0x00000397,0x00050081,0x00000025,
	0x00000d5e,0x00000d5d,0x00000191,0x0004006d,0x00000006,0x00000d5f,0x00000d5e,0x0007000c,
	0x00000006,0x00000d60,0x00000001,0x00000026,0x00000d5f,0x000000f4,0x000200f9,0x00000d61,
	0x000200f8,0x00000d53,0x00050085,0x00000025,0x00000d55,0x00000d46,0x0000038c,0x000500c7,
	0x00000006,0x00000d57,0x00000c78,0x00000094,0x000500ab,0x00000027,0x00000d58,0x00000d57,
	0x00000097,0x0004007c,0x00000006,0x00000dcf,0x00000d55,0x000500b0,0x00000027,0x00000dd1,
	0x00000dcf,0x000000d2,0x000300f7,0x00000ddf,0x00000000,0x000400fa,0x00000dd1,0x00000dd2,
	0x00000ddc,0x000200f8,0x00000ddc,0x00050080,0x00000006,0x00000dde,0x00000dcf,0x000000e5,
	0x000200f9,0x00000ddf,0x000200f8,0x00000dd2,0x000500c2,0x00000006,0x00000dd4,0x00000dcf,
	0x000000c2,0x00050082,0x00000006,0x00000dd5,0x000000d7,0x00000dd4,0x0007000c,0x00000006,
	0x00000dd6,0x00000001,0x00000026,0x00000dd5,0x000000db,0x000500c7,0x00000006,0x00000dd8,
	0x00000dcf,0x000000df,0x000500c5,0x00000006,0x00000dd9,0x000000dd,0x00000dd8,0x000500c2,
	0x00000006,0x00000ddb,0x00000dd9,0x00000dd6,0x000200f9,0x00000ddf,0x000200f8,0x00000ddf,
	0x000700f5,0x00000006,0x000014a4,0x00000ddb,0x00000dd2,0x00000dde,0x00000ddc,0x000300f7,
	0x00000de8,0x00000000,0x000400fa,0x00000d58,0x00000de1,0x00000de8,0x000200f8,0x00000de1,
	0x000500c2,0x00000006,0x00000de3,0x000014a4,0x000000b1,0x000500c7,0x00000006,0x00000de4,
	0x00000de3,0x00000094,0x00050080,0x00000006,0x00000de5,0x000000b1,0x00000de4,0x00050080,
	0x00000006,0x00000de7,0x000014a4,0x00000de5,0x000200f9,0x00000de8,0x000200f8,0x00000de8,
	0x000700f5,0x00000006,0x000014a5,0x000014a4,0x00000ddf,0x00000de7,0x00000de1,0x000500c2,
	0x00000006,0x00000dea,0x000014a5,0x000000b1,0x000500c7,0x00000006,0x00000deb,0x00000dea,
	0x000000f4,0x0004007c,0x00000006,0x00000ded,0x00000d55,0x000500ae,0x00000027,0x00000dee,
	0x00000ded,0x000000f8,0x000600a9,0x00000006,0x00000df0,0x00000dee,0x000000f4,0x00000deb,
	0x000500ba,0x00000027,0x00000df2,0x00000d55,0x000000fd,0x000600a9,0x00000006,0x00000df4,
	0x00000df2,0x00000df0,0x00000097,0x000200f9,0x00000d61,0x000200f8,0x00000d61,0x000700f5,
	0x00000006,0x000014a6,0x00000df4,0x00000de8,0x00000d60,0x00000d5a,0x000500c4,0x00000006,
	0x00000d63,0x000014a6,0x000001a8,0x000500c7,0x00000006,0x00000d65,0x00000d4c,0x000000aa,
	0x000500c5,0x00000006,0x00000d66,0x00000d63,0x00000d65,0x00050050,0x00000007,0x00000ac3,
	0x00000bcf,0x00000d66,0x0003003e,0x00000ab1,0x00000ac3,0x000200f9,0x00000dfd,0x000200f8,
	0x00000dfd,0x000300f7,0x00000e2c,0x00000000,0x000900fb,0x00000aa7,0x00000dff,0x00000005,
	0x00000e00,0x00000007,0x00000e10,0x0000000f,0x00000e24,0x000200f8,0x00000e24,0x00050041,
	0x00000009,0x00000e25,0x00000ab1,0x00000097,0x0004003d,0x00000006,0x00000e26,0x00000e25,
	0x0004007c,0x00000025,0x00000e27,0x00000e26,0x00050041,0x00000009,0x00000e28,0x00000ab1,
	0x00000094,0x0004003d,0x00000006,0x00000e29,0x00000e28,0x0004007c,0x00000025,0x00000e2a,
	0x00000e29,0x00070050,0x00000041,0x00000e2b,0x00000e27,0x00000e2a,0x000000fd,0x000000fd,
	0x000200f9,0x00000e2c,0x000200f8,0x00000e10,0x00050041,0x00000009,0x00000e11,0x00000ab1,
	0x00000097,0x0004003d,0x00000006,0x00000e12,0x00000e11,0x0006000c,0x0000024c,0x00000e13,
	0x00000001,0x0000003e,0x00000e12,0x00050051,0x00000025,0x00000e14,0x00000e13,0x00000000,
	0x00050041,0x00000009,0x00000e15,0x00000ab1,0x00000097,0x0004003d,0x00000006,0x00000e16,
	0x00000e15,0x000500c2,0x00000006,0x00000e17,0x00000e16,0x0000014a,0x0006000c,0x0000024c,
	0x00000e18,0x00000001,0x0000003e,0x00000e17,0x00050051,0x00000025,0x00000e19,0x00000e18,
	0x00000000,0x00050041,0x00000009,0x00000e1a,0x00000ab1,0x00000094,0x0004003d,0x00000006,
	0x00000e1b,0x00000e1a,0x0006000c,0x0000024c,0x00000e1c,0x00000001,0x0000003e,0x00000e1b,
	0x00050051,0x00000025,0x00000e1d,0x00000e1c,0x00000000,0x00050041,0x00000009,0x00000e1e,
	0x00000ab1,0x00000094,0x0004003d,0x00000006,0x00000e1f,0x00000e1e,0x000500c2,0x00000006,
	0x00000e20,0x00000e1f,0x0000014a,0x0006000c,0x0000024c,0x00000e21,0x00000001,0x0000003e,
	0x00000e20,0x00050051,0x00000025,0x00000e22,0x00000e21,0x00000000,0x00070050,0x00000041,
	0x00000e23,0x00000e14,0x00000e19,0x00000e1d,0x00000e22,0x000200f9,0x00000e2c,0x000200f8,
	0x00000e00,0x00050041,0x00000009,0x00000e01,0x00000ab1,0x00000097,0x0004003d,0x00000006,
	0x00000e02,0x00000e01,0x000500c4,0x00000006,0x00000e34,0x00000e02,0x0000014a,0x0004007c,
	0x00000061,0x00000e35,0x00000e34,0x000500c3,0x00000061,0x00000e36,0x00000e35,0x00000181,
	0x0004006f,0x00000025,0x00000e37,0x00000e36,0x00050085,0x00000025,0x00000e38,0x00000e37,
	0x00000184,0x0007000c,0x00000025,0x00000e39,0x00000001,0x00000028,0x00000e38,0x00000186,
	0x00050085,0x00000025,0x00000e3b,0x00000e39,0x000006b7,0x00050041,0x00000009,0x00000e04,
	0x00000ab1,0x00000097,0x0004003d,0x00000006,0x00000e05,0x00000e04,0x000500c2,0x00000006,
	0x00000e06,0x00000e05,0x0000014a,0x000500c4,0x00000006,0x00000e3f,0x00000e06,0x0000014a,
	0x0004007c,0x00000061,0x00000e40,0x00000e3f,0x000500c3,0x00000061,0x00000e41,0x00000e40,
	0x00000181,0x0004006f,0x00000025,0x00000e42,0x00000e41,0x00050085,0x00000025,0x00000e43,
	0x00000e42,0x00000184,0x0007000c,0x00000025,0x00000e44,0x00000001,0x00000028,0x00000e43,
	0x00000186,0x00050085,0x00000025,0x00000e46,0x00000e44,0x000006b7,0x00050041,0x00000009,
	0x00000e08,0x00000ab1,0x00000094,0x0004003d,0x00000006,0x00000e09,0x00000e08,0x000500c4,
	0x00000006,0x00000e4a,0x00000e09,0x0000014a,0x0004007c,0x00000061,0x00000e4b,0x00000e4a,
	0x000500c3,0x00000061,0x00000e4c,0x00000e4b,0x00000181,0x0004006f,0x00000025,0x00000e4d,
	0x00000e4c,0x00050085,0x00000025,0x00000e4e,0x00000e4d,0x00000184,0x0007000c,0x00000025,
	0x00000e4f,0x00000001,0x00000028,0x00000e4e,0x00000186,0x00050085,0x00000025,0x00000e51,
	0x00000e4f,0x000006b7,0x00050041,0x00000009,0x00000e0b,0x00000ab1,0x00000094,0x0004003d,
	0x00000006,0x00000e0c,0x00000e0b,0x000500c2,0x00000006,0x00000e0d,0x00000e0c,0x0000014a,
	0x000500c4,0x00000006,0x00000e55,0x00000e0d,0x0000014a,0x0004007c,0x00000061,0x00000e56,
	0x00000e55,0x000500c3,0x00000061,0x00000e57,0x00000e56,0x00000181,0x0004006f,0x00000025,
	0x00000e58,0x00000e57,0x00050085,0x00000025,0x00000e59,0x00000e58,0x00000184,0x0007000c,
	0x00000025,0x00000e5a,0x00000001,0x00000028,0x00000e59,0x00000186,0x00050085,0x00000025,
	0x00000e5c,0x00000e5a,0x000006b7,0x00070050,0x00000041,0x00000e0f,0x00000e3b,0x00000e46,
	0x00000e51,0x00000e5c,0x000200f9,0x00000e2c,0x000200f8,0x00000dff,0x000200f9,0x00000e2c,
	0x000200f8,0x00000e2c,0x000b00f5,0x00000041,0x000014b1,0x00000255,0x00000dff,0x00000e0f,
	0x00000e00,0x00000e23,0x00000e10,0x00000e2b,0x00000e24,0x000200f9,0x00000e2f,0x000200f8,
	0x00000e2f,0x000200f9,0x00000aca,0x000200f8,0x00000aca,0x000700f5,0x00000041,0x000014b2,
	0x000014b1,0x00000e2f,0x0000148e,0x00000eb5,0x0004003d,0x00000041,0x0000071e,0x00000672,
	0x00050081,0x00000041,0x0000071f,0x0000071e,0x000014b2,0x0003003e,0x00000672,0x0000071f,
	0x000200f9,0x00000720,0x000200f8,0x00000720,0x00050080,0x00000006,0x00000722,0x0000141b,
	0x0000011a,0x000200f9,0x00000712,0x000200f8,0x00000723,0x00040070,0x00000025,0x00000725,
	0x0000141d,0x00050088,0x00000025,0x00000726,0x0000018d,0x00000725,0x0004003d,0x00000041,
	0x00000727,0x00000672,0x0005008e,0x00000041,0x00000728,0x00000727,0x00000726,0x00050041,
	0x00000463,0x00000729,0x00000461,0x000003a9,0x0004003d,0x00000006,0x0000072a,0x00000729,
	0x000500c4,0x00000006,0x0000072b,0x0000072a,0x0000014a,0x0004007c,0x00000061,0x0000072c,
	0x0000072b,0x000500c3,0x00000061,0x0000072d,0x0000072c,0x000005ac,0x00050080,0x00000061,
	0x0000072f,0x000005ae,0x0000072d,0x0004007c,0x00000006,0x00000730,0x0000072f,0x000500c4,
	0x00000006,0x00000731,0x00000730,0x000000c2,0x0004007c,0x00000025,0x00000732,0x00000731,
	0x0005008e,0x00000041,0x00000734,0x00000728,0x00000732,0x0003003e,0x00000672,0x00000734,
	0x00050041,0x00000463,0x00000735,0x00000461,0x000003a9,0x0004003d,0x00000006,0x00000736,
	0x00000735,0x000500c2,0x00000006,0x00000737,0x00000736,0x000005b8,0x000500c7,0x00000006,
	0x00000738,0x00000737,0x00000094,0x000500ab,0x00000027,0x00000739,0x00000738,0x00000097,
	0x000300f7,0x0000073d,0x00000000,0x000400fa,0x00000739,0x0000073a,0x0000073d,0x000200f8,
	0x0000073a,0x0004003d,0x00000041,0x0000073b,0x00000672,0x0009004f,0x00000041,0x0000073c,
	0x0000073b,0x0000073b,0x00000002,0x00000001,0x00000000,0x00000003,0x0003003e,0x00000672,
	0x0000073c,0x000200f9,0x0000073d,0x000200f8,0x0000073d,0x000500aa,0x00000027,0x0000073f,
	0x000006cd,0x00000097,0x000300f7,0x00000792,0x00000000,0x000400fa,0x0000073f,0x00000740,
	0x00000748,0x000200f8,0x00000748,0x000500aa,0x00000027,0x0000074a,0x000006cd,0x00000094,
	0x000300f7,0x00000791,0x00000000,0x000400fa,0x0000074a,0x0000074b,0x00000753,0x000200f8,
	0x00000753,0x000500aa,0x00000027,0x00000755,0x000006cd,0x000001ac,0x000300f7,0x00000790,
	0x00000000,0x000400fa,0x00000755,0x00000756,0x0000075f,0x000200f8,0x0000075f,0x00050041,
	0x00000026,0x00000760,0x00000672,0x00000097,0x0004003d,0x00000025,0x00000761,0x00000760,
	0x00050050,0x0000024c,0x00000762,0x00000761,0x000000fd,0x0006000c,0x00000006,0x00000763,
	0x00000001,0x0000003a,0x00000762,0x00050041,0x00000026,0x00000764,0x00000672,0x00000094,
	0x0004003d,0x00000025,0x00000765,0x00000764,0x00050050,0x0000024c,0x00000766,0x00000765,
	0x000000fd,0x0006000c,0x00000006,0x00000767,0x00000001,0x0000003a,0x00000766,0x000500c4,
	0x00000006,0x00000768,0x00000767,0x0000014a,0x000500c5,0x00000006,0x00000769,0x00000763,
	0x00000768,0x00050041,0x00000026,0x0000076a,0x00000672,0x000001ac,0x0004003d,0x00000025,
	0x0000076b,0x0000076a,0x00050050,0x0000024c,0x0000076c,0x0000076b,0x000000fd,0x0006000c,
	0x00000006,0x0000076d,0x00000001,0x0000003a,0x0000076c,0x00050041,0x00000026,0x0000076e,
	0x00000672,0x000000b1,0x0004003d,0x00000025,0x0000076f,0x0000076e,0x00050050,0x0000024c,
	0x00000770,0x0000076f,0x000000fd,0x0006000c,0x00000006,0x00000771,0x00000001,0x0000003a,
	0x00000770,0x000500c4,0x00000006,0x00000772,0x00000771,0x0000014a,0x000500c5,0x00000006,
	0x00000773,0x0000076d,0x00000772,0x00050050,0x00000007,0x00000774,0x00000769,0x00000773,
	0x0003003e,0x0000068d,0x00000774,0x000500c2,0x00000061,0x00000776,0x00001421,0x000003bc,
	0x00050041,0x00000009,0x00000778,0x0000068d,0x00000097,0x0004003d,0x00000006,0x00000779,
	0x00000778,0x000500aa,0x00000027,0x00001379,0x000006d1,0x00000094,0x000300f7,0x0000139d,
	0x00000000,0x000400fa,0x00001379,0x0000137a,0x00001382,0x000200f8,0x00001382,0x000500aa,
	0x00000027,0x00001384,0x000006d1,0x000001ac,0x000300f7,0x0000139c,0x00000000,0x000400fa,
	0x00001384,0x00001385,0x00001392,0x000200f8,0x00001392,0x000500aa,0x00000027,0x00001394,
	0x000006d1,0x000000b1,0x000300f7,0x0000139b,0x00000000,0x000400fa,0x00001394,0x00001395,
	0x0000139b,0x000200f8,0x00001395,0x000500c4,0x00000006,0x00001397,0x00000779,0x0000014a,
	0x000500c2,0x00000006,0x00001399,0x00000779,0x0000014a,0x000500c5,0x00000006,0x0000139a,
	0x00001397,0x00001399,0x000200f9,0x0000139b,0x000200f8,0x0000139b,0x000700f5,0x00000006,
	0x00001424,0x00000779,0x00001392,0x0000139a,0x00001395,0x000200f9,0x0000139c,0x000200f8,
	0x00001385,0x000500c7,0x00000006,0x00001387,0x00000779,0x0000042c,0x000500c4,0x00000006,
	0x00001388,0x00001387,0x000001a8,0x000500c7,0x00000006,0x0000138a,0x00000779,0x00000430,
	0x000500c2,0x00000006,0x0000138b,0x0000138a,0x000001a8,0x000500c5,0x00000006,0x0000138c,
	0x00001388,0x0000138b,0x000500c4,0x00000006,0x0000138e,0x0000138c,0x0000014a,0x000500c2,
	0x00000006,0x00001390,0x0000138c,0x0000014a,0x000500c5,0x00000006,0x00001391,0x0000138e,
	0x00001390,0x000200f9,0x0000139c,0x000200f8,0x0000139c,0x000700f5,0x00000006,0x00001423,
	0x00001391,0x00001385,0x00001424,0x0000139b,0x000200f9,0x0000139d,0x000200f8,0x0000137a,
	0x000500c7,0x00000006,0x0000137c,0x00000779,0x0000042c,0x000500c4,0x00000006,0x0000137d,
	0x0000137c,0x000001a8,0x000500c7,0x00000006,0x0000137f,0x00000779,0x00000430,0x000500c2,
	0x00000006,0x00001380,0x0000137f,0x000001a8,0x000500c5,0x00000006,0x00001381,0x0000137d,
	0x00001380,0x000200f9,0x0000139d,0x000200f8,0x0000139d,0x000700f5,0x00000006,0x00001422,
	0x00001381,0x0000137a,0x00001423,0x0000139c,0x000200f9,0x000013c6,0x000200f8,0x000013c6,
	0x00060041,0x0000045c,0x00000782,0x00000458,0x00000459,0x00000776,0x0003003e,0x00000782,
	0x00001422,0x00050080,0x00000061,0x00000784,0x00000776,0x0000011a,0x000200f9,0x000013ef,
	0x000200f8,0x000013ef,0x00050041,0x00000009,0x00000789,0x0000068d,0x00000094,0x0004003d,
	0x00000006,0x0000078a,0x00000789,0x000500aa,0x00000027,0x000013f4,0x000006d1,0x00000094,
	0x000300f7,0x00001418,0x00000000,0x000400fa,0x000013f4,0x000013f5,0x000013fd,0x000200f8,
	0x000013fd,0x000500aa,0x00000027,0x000013ff,0x000006d1,0x000001ac,0x000300f7,0x00001417,
	0x00000000,0x000400fa,0x000013ff,0x00001400,0x0000140d,0x000200f8,0x0000140d,0x000500aa,
	0x00000027,0x0000140f,0x000006d1,0x000000b1,0x000300f7,0x00001416,0x00000000,0x000400fa,
	0x0000140f,0x00001410,0x00001416,0x000200f8,0x00001410,0x000500c4,0x00000006,0x00001412,
	0x0000078a,0x0000014a,0x000500c2,0x00000006,0x00001414,0x0000078a,0x0000014a,0x000500c5,
	0x00000006,0x00001415,0x00001412,0x00001414,0x000200f9,0x00001416,0x000200f8,0x00001416,
	0x000700f5,0x00000006,0x0000142d,0x0000078a,0x0000140d,0x00001415,0x00001410,0x000200f9,
	0x00001417,0x000200f8,0x00001400,0x000500c7,0x00000006,0x00001402,0x0000078a,0x0000042c,
	0x000500c4,0x00000006,0x00001403,0x00001402,0x000001a8,0x000500c7,0x00000006,0x00001405,
	0x0000078a,0x00000430,0x000500c2,0x00000006,0x00001406,0x00001405,0x000001a8,0x000500c5,
	0x00000006,0x00001407,0x00001403,0x00001406,0x000500c4,0x00000006,0x00001409,0x00001407,
	0x0000014a,0x000500c2,0x00000006,0x0000140b,0x00001407,0x0000014a,0x000500c5,0x00000006,
	0x0000140c,0x00001409,0x0000140b,0x000200f9,0x00001417,0x000200f8,0x00001417,0x000700f5,
	0x00000006,0x0000142c,0x0000140c,0x00001400,0x0000142d,0x00001416,0x000200f9,0x00001418,
	0x000200f8,0x000013f5,0x000500c7,0x00000006,0x000013f7,0x0000078a,0x0000042c,0x000500c4,
	0x00000006,0x000013f8,0x000013f7,0x000001a8,0x000500c7,0x00000006,0x000013fa,0x0000078a,
	0x00000430,0x000500c2,0x00000006,0x000013fb,0x000013fa,0x000001a8,0x000500c5,0x00000006,
	0x000013fc,0x000013f8,0x000013fb,0x000200f9,0x00001418,0x000200f8,0x00001418,0x000700f5,
	0x00000006,0x0000142b,0x000013fc,0x000013f5,0x0000142c,0x00001417,0x00060041,0x0000045c,
	0x0000078f,0x00000458,0x00000459,0x00000784,0x0003003e,0x0000078f,0x0000142b,0x000200f9,
	0x00000790,0x000200f8,0x00000756,0x00050041,0x00000026,0x00000757,0x00000672,0x00000097,
	0x0004003d,0x00000025,0x00000758,0x00000757,0x0004007c,0x00000006,0x00000759,0x00000758,
	0x000500aa,0x00000027,0x000012ba,0x000006d1,0x00000094,0x000300f7,0x000012de,0x00000000,
	0x000400fa,0x000012ba,0x000012bb,0x000012c3,0x000200f8,0x000012c3,0x000500aa,0x00000027,
	0x000012c5,0x000006d1,0x000001ac,0x000300f7,0x000012dd,0x00000000,0x000400fa,0x000012c5,
	0x000012c6,0x000012d3,0x000200f8,0x000012d3,0x000500aa,0x00000027,0x000012d5,0x000006d1,
	0x000000b1,0x000300f7,0x000012dc,0x00000000,0x000400fa,0x000012d5,0x000012d6,0x000012dc,
	0x000200f8,0x000012d6,0x000500c4,0x00000006,0x000012d8,0x00000759,0x0000014a,0x000500c2,
	0x00000006,0x000012da,0x00000759,0x0000014a,0x000500c5,0x00000006,0x000012db,0x000012d8,
	0x000012da,0x000200f9,0x000012dc,0x000200f8,0x000012dc,0x000700f5,0x00000006,0x00001430,
	0x00000759,0x000012d3,0x000012db,0x000012d6,0x000200f9,0x000012dd,0x000200f8,0x000012c6,
	0x000500c7,0x00000006,0x000012c8,0x00000759,0x0000042c,0x000500c4,0x00000006,0x000012c9,
	0x000012c8,0x000001a8,0x000500c7,0x00000006,0x000012cb,0x00000759,0x00000430,0x000500c2,
	0x00000006,0x000012cc,0x000012cb,0x000001a8,0x000500c5,0x00000006,0x000012cd,0x000012c9,
	0x000012cc,0x000500c4,0x00000006,0x000012cf,0x000012cd,0x0000014a,0x000500c2,0x00000006,
	0x000012d1,0x000012cd,0x0000014a,0x000500c5,0x00000006,0x000012d2,0x000012cf,0x000012d1,
	0x000200f9,0x000012dd,0x000200f8,0x000012dd,0x000700f5,0x00000006,0x0000142f,0x000012d2,
	0x000012c6,0x00001430,0x000012dc,0x000200f9,0x000012de,0x000200f8,0x000012bb,0x000500c7,
	0x00000006,0x000012bd,0x00000759,0x0000042c,0x000500c4,0x00000006,0x000012be,0x000012bd,
	0x000001a8,0x000500c7,0x00000006,0x000012c0,0x00000759,0x00000430,0x000500c2,0x00000006,
	0x000012c1,0x000012c0,0x000001a8,0x000500c5,0x00000006,0x000012c2,0x000012be,0x000012c1,
	0x000200f9,0x000012de,0x000200f8,0x000012de,0x000700f5,0x00000006,0x0000142e,0x000012c2,
	0x000012bb,0x0000142f,0x000012dd,0x000500c2,0x00000061,0x000012ec,0x00001421,0x000003bc,
	0x00060041,0x0000045c,0x000012ef,0x00000458,0x00000459,0x000012ec,0x0003003e,0x000012ef,
	0x0000142e,0x00050041,0x00000463,0x000012f0,0x00000461,0x00000462,0x0004003d,0x00000006,
	0x000012f1,0x000012f0,0x000500c7,0x00000006,0x000012f2,0x000012f1,0x0000015b,0x000500aa,
	0x00000027,0x00001328,0x000012f2,0x00000094,0x000300f7,0x0000134c,0x00000000,0x000400fa,
	0x00001328,0x00001329,0x00001331,0x000200f8,0x00001331,0x000500aa,0x00000027,0x00001333,
	0x000012f2,0x000001ac,0x000300f7,0x0000134b,0x00000000,0x000400fa,0x00001333,0x00001334,
	0x00001341,0x000200f8,0x00001341,0x000500aa,0x00000027,0x00001343,0x000012f2,0x000000b1,
	0x000300f7,0x0000134a,0x00000000,0x000400fa,0x00001343,0x00001344,0x0000134a,0x000200f8,
	0x00001344,0x000500c4,0x00000006,0x00001346,0x0000142e,0x0000014a,0x000500c2,0x00000006,
	0x00001348,0x0000142e,0x0000014a,0x000500c5,0x00000006,0x00001349,0x00001346,0x00001348,
	0x000200f9,0x0000134a,0x000200f8,0x0000134a,0x000700f5,0x00000006,0x00001436,0x0000142e,
	0x00001341,0x00001349,0x00001344,0x000200f9,0x0000134b,0x000200f8,0x00001334,0x000500c7,
	0x00000006,0x00001336,0x0000142e,0x0000042c,0x000500c4,0x00000006,0x00001337,0x00001336,
	0x000001a8,0x000500c7,0x00000006,0x00001339,0x0000142e,0x00000430,0x000500c2,0x00000006,
	0x0000133a,0x00001339,0x000001a8,0x000500c5,0x00000006,0x0000133b,0x00001337,0x0000133a,
	0x000500c4,0x00000006,0x0000133d,0x0000133b,0x0000014a,0x000500c2,0x00000006,0x0000133f,
	0x0000133b,0x0000014a,0x000500c5,0x00000006,0x00001340,0x0000133d,0x0000133f,0x000200f9,
	0x0000134b,0x000200f8,0x0000134b,0x000700f5,0x00000006,0x00001435,0x00001340,0x00001334,
	0x00001436,0x0000134a,0x000200f9,0x0000134c,0x000200f8,0x00001329,0x000500c7,0x00000006,
	0x0000132b,0x0000142e,0x0000042c,0x000500c4,0x00000006,0x0000132c,0x0000132b,0x000001a8,
	0x000500c7,0x00000006,0x0000132e,0x0000142e,0x00000430,0x000500c2,0x00000006,0x0000132f,
	0x0000132e,0x000001a8,0x000500c5,0x00000006,0x00001330,0x0000132c,0x0000132f,0x000200f9,
	0x0000134c,0x000200f8,0x0000134c,0x000700f5,0x00000006,0x00001434,0x00001330,0x00001329,
	0x00001435,0x0000134b,0x00050041,0x00000463,0x000012f5,0x00000461,0x00000462,0x0004003d,
	0x00000006,0x000012f6,0x000012f5,0x000500c2,0x00000006,0x000012f7,0x000012f6,0x000000b1,
	0x000500c7,0x00000006,0x000012f8,0x000012f7,0x000000b1,0x000500aa,0x00000027,0x000012fa,
	0x000012f8,0x00000094,0x000300f7,0x0000130e,0x00000000,0x000400fa,0x000012fa,0x000012fb,
	0x00001305,0x000200f8,0x00001305,0x000500aa,0x00000027,0x00001307,0x000012f8,0x000001ac,
	0x000300f7,0x0000130d,0x00000000,0x000400fa,0x00001307,0x00001308,0x0000130d,0x000200f8,
	0x00001308,0x000500c2,0x00000006,0x0000130a,0x00001434,0x000001a8,0x000500c7,0x00000006,
	0x00001354,0x0000130a,0x000000f4,0x000500c7,0x00000006,0x00001356,0x0000130a,0x00000107,
	0x000500c2,0x00000006,0x00001358,0x00001354,0x0000010b,0x000500aa,0x00000027,0x0000135a,
	0x00001358,0x00000097,0x000500ab,0x00000027,0x0000135c,0x00001356,0x00000097,0x000500a7,
	0x00000027,0x0000135d,0x0000135a,0x0000135c,0x000300f7,0x0000136b,0x00000000,0x000400fa,
	0x0000135d,0x0000135e,0x0000136b,0x000200f8,0x0000135e,0x0006000c,0x00000006,0x00001360,
	0x00000001,0x0000004b,0x00001356,0x00050082,0x00000006,0x00001362,0x0000010b,0x00001360,
	0x0004007c,0x00000061,0x00001364,0x00001362,0x00050082,0x00000061,0x00001365,0x0000011a,
	0x00001364,0x0004007c,0x00000006,0x00001366,0x00001365,0x000500c4,0x00000006,0x00001369,
	0x00001356,0x00001362,0x000500c7,0x00000006,0x0000136a,0x00001369,0x00000107,0x000200f9,
	0x0000136b,0x000200f8,0x0000136b,0x000700f5,0x00000006,0x00001438,0x00001356,0x00001308,
	0x0000136a,0x0000135e,0x000700f5,0x00000006,0x00001437,0x00001358,0x00001308,0x00001366,
	0x0000135e,0x000500ab,0x00000027,0x0000136d,0x00001354,0x00000097,0x00050080,0x00000006,
	0x0000136f,0x00001437,0x00000126,0x000500c4,0x00000006,0x00001370,0x0000136f,0x000000c2,
	0x000500c4,0x00000006,0x00001372,0x00001438,0x000000b1,0x000500c5,0x00000006,0x00001373,
	0x00001370,0x00001372,0x0004007c,0x00000025,0x00001374,0x00001373,0x000600a9,0x00000025,
	0x00001375,0x0000136d,0x00001374,0x000000fd,0x0004007c,0x00000006,0x0000130c,0x00001375,
	0x000200f9,0x0000130d,0x000200f8,0x0000130d,0x000700f5,0x00000006,0x0000143a,0x00001434,
	0x00001305,0x0000130c,0x0000136b,0x000200f9,0x0000130e,0x000200f8,0x000012fb,0x000500c2,
	0x00000006,0x000012fd,0x00001434,0x000001a8,0x000500c2,0x00000006,0x00001300,0x000012fd,
	0x000000c2,0x00050080,0x00000006,0x00001301,0x000012fd,0x00001300,0x00040070,0x00000025,
	0x00001302,0x00001301,0x00050085,0x00000025,0x00001303,0x00001302,0x0000047c,0x0004007c,
	0x00000006,0x00001304,0x00001303,0x000200f9,0x0000130e,0x000200f8,0x0000130e,0x000700f5,
	0x00000006,0x00001439,0x00001304,0x000012fb,0x0000143a,0x0000130d,0x0004003d,0x0000048a,
	0x0000130f,0x0000048c,0x00040068,0x00000007,0x00001310,0x0000130f,0x0003003e,0x000012e7,
	0x00001310,0x00050041,0x00000009,0x00001311,0x000012e7,0x00000097,0x0004003d,0x00000006,
	0x00001312,0x00001311,0x00050041,0x00000009,0x00001313,0x000012e8,0x00000097,0x0003003e,
	0x00001313,0x00001312,0x00050041,0x00000009,0x00001314,0x000012e7,0x00000094,0x0004003d,
	0x00000006,0x00001315,0x00001314,0x00050041,0x00000009,0x00001316,0x000012e8,0x00000094,
	0x0003003e,0x00001316,0x00001315,0x00050041,0x00000463,0x00001318,0x00000461,0x000003e0,
	0x0004003d,0x00000006,0x00001319,0x00001318,0x00050050,0x00000007,0x0000131a,0x00000097,
	0x00001319,0x00050080,0x00000007,0x0000131b,0x000006b0,0x0000131a,0x0004003d,0x00000007,
	0x0000131d,0x000012e8,0x000500b0,0x0000049e,0x0000131e,0x0000131b,0x0000131d,0x0004009b,
	0x00000027,0x0000131f,0x0000131e,0x000300f7,0x00001324,0x00000000,0x000400fa,0x0000131f,
	0x00001320,0x00001324,0x000200f8,0x00001320,0x0004003d,0x0000048a,0x00001321,0x0000048c,
	0x00040063,0x00001321,0x0000131b,0x00001439,0x000200f9,0x00001324,0x000200f8,0x00001324,
	0x000200f9,0x00000790,0x000200f8,0x00000790,0x000200f9,0x00000791,0x000200f8,0x0000074b,
	0x0004003d,0x00000041,0x0000074c,0x00000672,0x0003003e,0x00000681,0x0000074c,0x000200f9,
	0x00001117,0x000200f8,0x00001117,0x000200f9,0x0000112d,0x000200f8,0x0000112d,0x00050041,
	0x00000026,0x0000112e,0x00000681,0x00000097,0x0004003d,0x00000025,0x0000112f,0x0000112e,
	0x0008000c,0x00000025,0x0000117f,0x00000001,0x0000002b,0x0000112f,0x000000fd,0x0000018d,
	0x00050085,0x00000025,0x00001181,0x0000117f,0x000001bb,0x00050081,0x00000025,0x00001182,
	0x00001181,0x00000191,0x0004006d,0x00000006,0x00001183,0x00001182,0x00050041,0x00000026,
	0x00001131,0x00000681,0x00000094,0x0004003d,0x00000025,0x00001132,0x00001131,0x0008000c,
	0x00000025,0x00001187,0x00000001,0x0000002b,0x00001132,0x000000fd,0x0000018d,0x00050085,
	0x00000025,0x00001189,0x00001187,0x000001bb,0x00050081,0x00000025,0x0000118a,0x00001189,
	0x00000191,0x0004006d,0x00000006,0x0000118b,0x0000118a,0x000500c4,0x00000006,0x00001134,
	0x0000118b,0x000001c6,0x000500c5,0x00000006,0x00001135,0x00001183,0x00001134,0x00050041,
	0x00000026,0x00001136,0x00000681,0x000001ac,0x0004003d,0x00000025,0x00001137,0x00001136,
	0x0008000c,0x00000025,0x0000118f,0x00000001,0x0000002b,0x00001137,0x000000fd,0x0000018d,
	0x00050085,0x00000025,0x00001191,0x0000118f,0x000001bb,0x00050081,0x00000025,0x00001192,
	0x00001191,0x00000191,0x0004006d,0x00000006,0x00001193,0x00001192,0x000500c4,0x00000006,
	0x00001139,0x00001193,0x0000010b,0x000500c5,0x00000006,0x0000113a,0x00001135,0x00001139,
	0x00050041,0x00000026,0x0000113b,0x00000681,0x000000b1,0x0004003d,0x00000025,0x0000113c,
	0x0000113b,0x0008000c,0x00000025,0x00001197,0x00000001,0x0000002b,0x0000113c,0x000000fd,
	0x0000018d,0x00050085,0x00000025,0x00001199,0x00001197,0x000001d0,0x00050081,0x00000025,
	0x0000119a,0x00001199,0x00000191,0x0004006d,0x00000006,0x0000119b,0x0000119a,0x000500c4,
	0x00000006,0x0000113e,0x0000119b,0x000001d6,0x000500c5,0x00000006,0x0000113f,0x0000113a,
	0x0000113e,0x000200f9,0x00001157,0x000200f8,0x00001157,0x000200f9,0x0000115a,0x000200f8,
	0x0000115a,0x000500aa,0x00000027,0x000011fb,0x000006d1,0x00000094,0x000300f7,0x0000121f,
	0x00000000,0x000400fa,0x000011fb,0x000011fc,0x00001204,0x000200f8,0x00001204,0x000500aa,
	0x00000027,0x00001206,0x000006d1,0x000001ac,0x000300f7,0x0000121e,0x00000000,0x000400fa,
	0x00001206,0x00001207,0x00001214,0x000200f8,0x00001214,0x000500aa,0x00000027,0x00001216,
	0x000006d1,0x000000b1,0x000300f7,0x0000121d,0x00000000,0x000400fa,0x00001216,0x00001217,
	0x0000121d,0x000200f8,0x00001217,0x000500c4,0x00000006,0x00001219,0x0000113f,0x0000014a,
	0x000500c2,0x00000006,0x0000121b,0x0000113f,0x0000014a,0x000500c5,0x00000006,0x0000121c,
	0x00001219,0x0000121b,0x000200f9,0x0000121d,0x000200f8,0x0000121d,0x000700f5,0x00000006,
	0x00001440,0x0000113f,0x00001214,0x0000121c,0x00001217,0x000200f9,0x0000121e,0x000200f8,
	0x00001207,0x000500c7,0x00000006,0x00001209,0x0000113f,0x0000042c,0x000500c4,0x00000006,
	0x0000120a,0x00001209,0x000001a8,0x000500c7,0x00000006,0x0000120c,0x0000113f,0x00000430,
	0x000500c2,0x00000006,0x0000120d,0x0000120c,0x000001a8,0x000500c5,0x00000006,0x0000120e,
	0x0000120a,0x0000120d,0x000500c4,0x00000006,0x00001210,0x0000120e,0x0000014a,0x000500c2,
	0x00000006,0x00001212,0x0000120e,0x0000014a,0x000500c5,0x00000006,0x00001213,0x00001210,
	0x00001212,0x000200f9,0x0000121e,0x000200f8,0x0000121e,0x000700f5,0x00000006,0x0000143f,
	0x00001213,0x00001207,0x00001440,0x0000121d,0x000200f9,0x0000121f,0x000200f8,0x000011fc,
	0x000500c7,0x00000006,0x000011fe,0x0000113f,0x0000042c,0x000500c4,0x00000006,0x000011ff,
	0x000011fe,0x000001a8,0x000500c7,0x00000006,0x00001201,0x0000113f,0x00000430,0x000500c2,
	0x00000006,0x00001202,0x00001201,0x000001a8,0x000500c5,0x00000006,0x00001203,0x000011ff,
	0x00001202,0x000200f9,0x0000121f,0x000200f8,0x0000121f,0x000700f5,0x00000006,0x0000143e,
	0x00001203,0x000011fc,0x0000143f,0x0000121e,0x000500c2,0x00000061,0x0000122d,0x00001421,
	0x000003bc,0x00060041,0x0000045c,0x00001230,0x00000458,0x00000459,0x0000122d,0x0003003e,
	0x00001230,0x0000143e,0x00050041,0x00000463,0x00001231,0x00000461,0x00000462,0x0004003d,
	0x00000006,0x00001232,0x00001231,0x000500c7,0x00000006,0x00001233,0x00001232,0x0000015b,
	0x000500aa,0x00000027,0x00001269,0x00001233,0x00000094,0x000300f7,0x0000128d,0x00000000,
	0x000400fa,0x00001269,0x0000126a,0x00001272,0x000200f8,0x00001272,0x000500aa,0x00000027,
	0x00001274,0x00001233,0x000001ac,0x000300f7,0x0000128c,0x00000000,0x000400fa,0x00001274,
	0x00001275,0x00001282,0x000200f8,0x00001282,0x000500aa,0x00000027,0x00001284,0x00001233,
	0x000000b1,0x000300f7,0x0000128b,0x00000000,0x000400fa,0x00001284,0x00001285,0x0000128b,
	0x000200f8,0x00001285,0x000500c4,0x00000006,0x00001287,0x0000143e,0x0000014a,0x000500c2,
	0x00000006,0x00001289,0x0000143e,0x0000014a,0x000500c5,0x00000006,0x0000128a,0x00001287,
	0x00001289,0x000200f9,0x0000128b,0x000200f8,0x0000128b,0x000700f5,0x00000006,0x0000144b,
	0x0000143e,0x00001282,0x0000128a,0x00001285,0x000200f9,0x0000128c,0x000200f8,0x00001275,
	0x000500c7,0x00000006,0x00001277,0x0000143e,0x0000042c,0x000500c4,0x00000006,0x00001278,
	0x00001277,0x000001a8,0x000500c7,0x00000006,0x0000127a,0x0000143e,0x00000430,0x000500c2,
	0x00000006,0x0000127b,0x0000127a,0x000001a8,0x000500c5,0x00000006,0x0000127c,0x00001278,
	0x0000127b,0x000500c4,0x00000006,0x0000127e,0x0000127c,0x0000014a,0x000500c2,0x00000006,
	0x00001280,0x0000127c,0x0000014a,0x000500c5,0x00000006,0x00001281,0x0000127e,0x00001280,
	0x000200f9,0x0000128c,0x000200f8,0x0000128c,0x000700f5,0x00000006,0x0000144a,0x00001281,
	0x00001275,0x0000144b,0x0000128b,0x000200f9,0x0000128d,0x000200f8,0x0000126a,0x000500c7,
	0x00000006,0x0000126c,0x0000143e,0x0000042c,0x000500c4,0x00000006,0x0000126d,0x0000126c,
	0x000001a8,0x000500c7,0x00000006,0x0000126f,0x0000143e,0x00000430,0x000500c2,0x00000006,
	0x00001270,0x0000126f,0x000001a8,0x000500c5,0x00000006,0x00001271,0x0000126d,0x00001270,
	0x000200f9,0x0000128d,0x000200f8,0x0000128d,0x000700f5,0x00000006,0x00001449,0x00001271,
	0x0000126a,0x0000144a,0x0000128c,0x00050041,0x00000463,0x00001236,0x00000461,0x00000462,
	0x0004003d,0x00000006,0x00001237,0x00001236,0x000500c2,0x00000006,0x00001238,0x00001237,
	0x000000b1,0x000500c7,0x00000006,0x00001239,0x00001238,0x000000b1,0x000500aa,0x00000027,
	0x0000123b,0x00001239,0x00000094,0x000300f7,0x0000124f,0x00000000,0x000400fa,0x0000123b,
	0x0000123c,0x00001246,0x000200f8,0x00001246,0x000500aa,0x00000027,0x00001248,0x00001239,
	0x000001ac,0x000300f7,0x0000124e,0x00000000,0x000400fa,0x00001248,0x00001249,0x0000124e,
	0x000200f8,0x00001249,0x000500c2,0x00000006,0x0000124b,0x00001449,0x000001a8,0x000500c7,
	0x00000006,0x00001295,0x0000124b,0x000000f4,0x000500c7,0x00000006,0x00001297,0x0000124b,
	0x00000107,0x000500c2,0x00000006,0x00001299,0x00001295,0x0000010b,0x000500aa,0x00000027,
	0x0000129b,0x00001299,0x00000097,0x000500ab,0x00000027,0x0000129d,0x00001297,0x00000097,
	0x000500a7,0x00000027,0x0000129e,0x0000129b,0x0000129d,0x000300f7,0x000012ac,0x00000000,
	0x000400fa,0x0000129e,0x0000129f,0x000012ac,0x000200f8,0x0000129f,0x0006000c,0x00000006,
	0x000012a1,0x00000001,0x0000004b,0x00001297,0x00050082,0x00000006,0x000012a3,0x0000010b,
	0x000012a1,0x0004007c,0x00000061,0x000012a5,0x000012a3,0x00050082,0x00000061,0x000012a6,
	0x0000011a,0x000012a5,0x0004007c,0x00000006,0x000012a7,0x000012a6,0x000500c4,0x00000006,
	0x000012aa,0x00001297,0x000012a3,0x000500c7,0x00000006,0x000012ab,0x000012aa,0x00000107,
	0x000200f9,0x000012ac,0x000200f8,0x000012ac,0x000700f5,0x00000006,0x0000144d,0x00001297,
	0x00001249,0x000012ab,0x0000129f,0x000700f5,0x00000006,0x0000144c,0x00001299,0x00001249,
	0x000012a7,0x0000129f,0x000500ab,0x00000027,0x000012ae,0x00001295,0x00000097,0x00050080,
	0x00000006,0x000012b0,0x0000144c,0x00000126,0x000500c4,0x00000006,0x000012b1,0x000012b0,
	0x000000c2,0x000500c4,0x00000006,0x000012b3,0x0000144d,0x000000b1,0x000500c5,0x00000006,
	0x000012b4,0x000012b1,0x000012b3,0x0004007c,0x00000025,0x000012b5,0x000012b4,0x000600a9,
	0x00000025,0x000012b6,0x000012ae,0x000012b5,0x000000fd,0x0004007c,0x00000006,0x0000124d,
	0x000012b6,0x000200f9,0x0000124e,0x000200f8,0x0000124e,0x000700f5,0x00000006,0x0000144f,
	0x00001449,0x00001246,0x0000124d,0x000012ac,0x000200f9,0x0000124f,0x000200f8,0x0000123c,
	0x000500c2,0x00000006,0x0000123e,0x00001449,0x000001a8,0x000500c2,0x00000006,0x00001241,
	0x0000123e,0x000000c2,0x00050080,0x00000006,0x00001242,0x0000123e,0x00001241,0x00040070,
	0x00000025,0x00001243,0x00001242,0x00050085,0x00000025,0x00001244,0x00001243,0x0000047c,
	0x0004007c,0x00000006,0x00001245,0x00001244,0x000200f9,0x0000124f,0x000200f8,0x0000124f,
	0x000700f5,0x00000006,0x0000144e,0x00001245,0x0000123c,0x0000144f,0x0000124e,0x0004003d,
	0x0000048a,0x00001250,0x0000048c,0x00040068,0x00000007,0x00001251,0x00001250,0x0003003e,
	0x00001228,0x00001251,0x00050041,0x00000009,0x00001252,0x00001228,0x00000097,0x0004003d,
	0x00000006,0x00001253,0x00001252,0x00050041,0x00000009,0x00001254,0x00001229,0x00000097,
	0x0003003e,0x00001254,0x00001253,0x00050041,0x00000009,0x00001255,0x00001228,0x00000094,
	0x0004003d,0x00000006,0x00001256,0x00001255,0x00050041,0x00000009,0x00001257,0x00001229,
	0x00000094,0x0003003e,0x00001257,0x00001256,0x00050041,0x00000463,0x00001259,0x00000461,
	0x000003e0,0x0004003d,0x00000006,0x0000125a,0x00001259,0x00050050,0x00000007,0x0000125b,
	0x00000097,0x0000125a,0x00050080,0x00000007,0x0000125c,0x000006b0,0x0000125b,0x0004003d,
	0x00000007,0x0000125e,0x00001229,0x000500b0,0x0000049e,0x0000125f,0x0000125c,0x0000125e,
	0x0004009b,0x00000027,0x00001260,0x0000125f,0x000300f7,0x00001265,0x00000000,0x000400fa,
	0x00001260,0x00001261,0x00001265,0x000200f8,0x00001261,0x0004003d,0x0000048a,0x00001262,
	0x0000048c,0x00040063,0x00001262,0x0000125c,0x0000144e,0x000200f9,0x00001265,0x000200f8,
	0x00001265,0x000200f9,0x00000791,0x000200f8,0x00000791,0x000200f9,0x00000792,0x000200f8,
	0x00000740,0x0004003d,0x00000041,0x00000741,0x00000672,0x0003003e,0x0000067a,0x00000741,
	0x000200f9,0x00000f5e,0x000200f8,0x00000f5e,0x000200f9,0x00000f61,0x000200f8,0x00000f61,
	0x00050041,0x00000026,0x00000f62,0x0000067a,0x00000097,0x0004003d,0x00000025,0x00000f63,
	0x00000f62,0x0008000c,0x00000025,0x00000fa6,0x00000001,0x0000002b,0x00000f63,0x000000fd,
	0x0000018d,0x00050085,0x00000025,0x00000fa8,0x00000fa6,0x0000019d,0x00050081,0x00000025,
	0x00000fa9,0x00000fa8,0x00000191,0x0004006d,0x00000006,0x00000faa,0x00000fa9,0x00050041,
	0x00000026,0x00000f65,0x0000067a,0x00000094,0x0004003d,0x00000025,0x00000f66,0x00000f65,
	0x0008000c,0x00000025,0x00000fae,0x00000001,0x0000002b,0x00000f66,0x000000fd,0x0000018d,
	0x00050085,0x00000025,0x00000fb0,0x00000fae,0x0000019d,0x00050081,0x00000025,0x00000fb1,
	0x00000fb0,0x00000191,0x0004006d,0x00000006,0x00000fb2,0x00000fb1,0x000500c4,0x00000006,
	0x00000f68,0x00000fb2,0x000001a8,0x000500c5,0x00000006,0x00000f69,0x00000faa,0x00000f68,
	0x00050041,0x00000026,0x00000f6a,0x0000067a,0x000001ac,0x0004003d,0x00000025,0x00000f6b,
	0x00000f6a,0x0008000c,0x00000025,0x00000fb6,0x00000001,0x0000002b,0x00000f6b,0x000000fd,
	0x0000018d,0x00050085,0x00000025,0x00000fb8,0x00000fb6,0x0000019d,0x00050081,0x00000025,
	0x00000fb9,0x00000fb8,0x00000191,0x0004006d,0x00000006,0x00000fba,0x00000fb9,0x000500c4,
	0x00000006,0x00000f6d,0x00000fba,0x0000014a,0x000500c5,0x00000006,0x00000f6e,0x00000f69,
	0x00000f6d,0x00050041,0x00000026,0x00000f6f,0x0000067a,0x000000b1,0x0004003d,0x00000025,
	0x00000f70,0x00000f6f,0x0008000c,0x00000025,0x00000fbe,0x00000001,0x0000002b,0x00000f70,
	0x000000fd,0x0000018d,0x00050085,0x00000025,0x00000fc0,0x00000fbe,0x0000019d,0x00050081,
	0x00000025,0x00000fc1,0x00000fc0,0x00000191,0x0004006d,0x00000006,0x00000fc2,0x00000fc1,
	0x000500c4,0x00000006,0x00000f72,0x00000fc2,0x000000db,0x000500c5,0x00000006,0x00000f73,
	0x00000f6e,0x00000f72,0x000200f9,0x00000f9e,0x000200f8,0x00000f9e,0x000200f9,0x00000fa1,
	0x000200f8,0x00000fa1,0x000500aa,0x00000027,0x00001042,0x000006d1,0x00000094,0x000300f7,
	0x00001066,0x00000000,0x000400fa,0x00001042,0x00001043,0x0000104b,0x000200f8,0x0000104b,
	0x000500aa,0x00000027,0x0000104d,0x000006d1,0x000001ac,0x000300f7,0x00001065,0x00000000,
	0x000400fa,0x0000104d,0x0000104e,0x0000105b,0x000200f8,0x0000105b,0x000500aa,0x00000027,
	0x0000105d,0x000006d1,0x000000b1,0x000300f7,0x00001064,0x00000000,0x000400fa,0x0000105d,
	0x0000105e,0x00001064,0x000200f8,0x0000105e,0x000500c4,0x00000006,0x00001060,0x00000f73,
	0x0000014a,0x000500c2,0x00000006,0x00001062,0x00000f73,0x0000014a,0x000500c5,0x00000006,
	0x00001063,0x00001060,0x00001062,0x000200f9,0x00001064,0x000200f8,0x00001064,0x000700f5,
	0x00000006,0x00001455,0x00000f73,0x0000105b,0x00001063,0x0000105e,0x000200f9,0x00001065,
	0x000200f8,0x0000104e,0x000500c7,0x00000006,0x00001050,0x00000f73,0x0000042c,0x000500c4,
	0x00000006,0x00001051,0x00001050,0x000001a8,0x000500c7,0x00000006,0x00001053,0x00000f73,
	0x00000430,0x000500c2,0x00000006,0x00001054,0x00001053,0x000001a8,0x000500c5,0x00000006,
	0x00001055,0x00001051,0x00001054,0x000500c4,0x00000006,0x00001057,0x00001055,0x0000014a,
	0x000500c2,0x00000006,0x00001059,0x00001055,0x0000014a,0x000500c5,0x00000006,0x0000105a,
	0x00001057,0x00001059,0x000200f9,0x00001065,0x000200f8,0x00001065,0x000700f5,0x00000006,
	0x00001454,0x0000105a,0x0000104e,0x00001455,0x00001064,0x000200f9,0x00001066,0x000200f8,
	0x00001043,0x000500c7,0x00000006,0x00001045,0x00000f73,0x0000042c,0x000500c4,0x00000006,
	0x00001046,0x00001045,0x000001a8,0x000500c7,0x00000006,0x00001048,0x00000f73,0x00000430,
	0x000500c2,0x00000006,0x00001049,0x00001048,0x000001a8,0x000500c5,0x00000006,0x0000104a,
	0x00001046,0x00001049,0x000200f9,0x00001066,0x000200f8,0x00001066,0x000700f5,0x00000006,
	0x00001453,0x0000104a,0x00001043,0x00001454,0x00001065,0x000500c2,0x00000061,0x00001074,
	0x00001421,0x000003bc,0x00060041,0x0000045c,0x00001077,0x00000458,0x00000459,0x00001074,
	0x0003003e,0x00001077,0x00001453,0x00050041,0x00000463,0x00001078,0x00000461,0x00000462,
	0x0004003d,0x00000006,0x00001079,0x00001078,0x000500c7,0x00000006,0x0000107a,0x00001079,
	0x0000015b,0x000500aa,0x00000027,0x000010b0,0x0000107a,0x00000094,0x000300f7,0x000010d4,
	0x00000000,0x000400fa,0x000010b0,0x000010b1,0x000010b9,0x000200f8,0x000010b9,0x000500aa,
	0x00000027,0x000010bb,0x0000107a,0x000001ac,0x000300f7,0x000010d3,0x00000000,0x000400fa,
	0x000010bb,0x000010bc,0x000010c9,0x000200f8,0x000010c9,0x000500aa,0x00000027,0x000010cb,
	0x0000107a,0x000000b1,0x000300f7,0x000010d2,0x00000000,0x000400fa,0x000010cb,0x000010cc,
	0x000010d2,0x000200f8,0x000010cc,0x000500c4,0x00000006,0x000010ce,0x00001453,0x0000014a,
	0x000500c2,0x00000006,0x000010d0,0x00001453,0x0000014a,0x000500c5,0x00000006,0x000010d1,
	0x000010ce,0x000010d0,0x000200f9,0x000010d2,0x000200f8,0x000010d2,0x000700f5,0x00000006,
	0x00001460,0x00001453,0x000010c9,0x000010d1,0x000010cc,0x000200f9,0x000010d3,0x000200f8,
	0x000010bc,0x000500c7,0x00000006,0x000010be,0x00001453,0x0000042c,0x000500c4,0x00000006,
	0x000010bf,0x000010be,0x000001a8,0x000500c7,0x00000006,0x000010c1,0x00001453,0x00000430,
	0x000500c2,0x00000006,0x000010c2,0x000010c1,0x000001a8,0x000500c5,0x00000006,0x000010c3,
	0x000010bf,0x000010c2,0x000500c4,0x00000006,0x000010c5,0x000010c3,0x0000014a,0x000500c2,
	0x00000006,0x000010c7,0x000010c3,0x0000014a,0x000500c5,0x00000006,0x000010c8,0x000010c5,
	0x000010c7,0x000200f9,0x000010d3,0x000200f8,0x000010d3,0x000700f5,0x00000006,0x0000145f,
	0x000010c8,0x000010bc,0x00001460,0x000010d2,0x000200f9,0x000010d4,0x000200f8,0x000010b1,
	0x000500c7,0x00000006,0x000010b3,0x00001453,0x0000042c,0x000500c4,0x00000006,0x000010b4,
	0x000010b3,0x000001a8,0x000500c7,0x00000006,0x000010b6,0x00001453,0x00000430,0x000500c2,
	0x00000006,0x000010b7,0x000010b6,0x000001a8,0x000500c5,0x00000006,0x000010b8,0x000010b4,
	0x000010b7,0x000200f9,0x000010d4,0x000200f8,0x000010d4,0x000700f5,0x00000006,0x0000145e,
	0x000010b8,0x000010b1,0x0000145f,0x000010d3,0x00050041,0x00000463,0x0000107d,0x00000461,
	0x00000462,0x0004003d,0x00000006,0x0000107e,0x0000107d,0x000500c2,0x00000006,0x0000107f,
	0x0000107e,0x000000b1,0x000500c7,0x00000006,0x00001080,0x0000107f,0x000000b1,0x000500aa,
	0x00000027,0x00001082,0x00001080,0x00000094,0x000300f7,0x00001096,0x00000000,0x000400fa,
	0x00001082,0x00001083,0x0000108d,0x000200f8,0x0000108d,0x000500aa,0x00000027,0x0000108f,
	0x00001080,0x000001ac,0x000300f7,0x00001095,0x00000000,0x000400fa,0x0000108f,0x00001090,
	0x00001095,0x000200f8,0x00001090,0x000500c2,0x00000006,0x00001092,0x0000145e,0x000001a8,
	0x000500c7,0x00000006,0x000010dc,0x00001092,0x000000f4,0x000500c7,0x00000006,0x000010de,
	0x00001092,0x00000107,0x000500c2,0x00000006,0x000010e0,0x000010dc,0x0000010b,0x000500aa,
	0x00000027,0x000010e2,0x000010e0,0x00000097,0x000500ab,0x00000027,0x000010e4,0x000010de,
	0x00000097,0x000500a7,0x00000027,0x000010e5,0x000010e2,0x000010e4,0x000300f7,0x000010f3,
	0x00000000,0x000400fa,0x000010e5,0x000010e6,0x000010f3,0x000200f8,0x000010e6,0x0006000c,
	0x00000006,0x000010e8,0x00000001,0x0000004b,0x000010de,0x00050082,0x00000006,0x000010ea,
	0x0000010b,0x000010e8,0x0004007c,0x00000061,0x000010ec,0x000010ea,0x00050082,0x00000061,
	0x000010ed,0x0000011a,0x000010ec,0x0004007c,0x00000006,0x000010ee,0x000010ed,0x000500c4,
	0x00000006,0x000010f1,0x000010de,0x000010ea,0x000500c7,0x00000006,0x000010f2,0x000010f1,
	0x00000107,0x000200f9,0x000010f3,0x000200f8,0x000010f3,0x000700f5,0x00000006,0x00001462,
	0x000010de,0x00001090,0x000010f2,0x000010e6,0x000700f5,0x00000006,0x00001461,0x000010e0,
	0x00001090,0x000010ee,0x000010e6,0x000500ab,0x00000027,0x000010f5,0x000010dc,0x00000097,
	0x00050080,0x00000006,0x000010f7,0x00001461,0x00000126,0x000500c4,0x00000006,0x000010f8,
	0x000010f7,0x000000c2,0x000500c4,0x00000006,0x000010fa,0x00001462,0x000000b1,0x000500c5,
	0x00000006,0x000010fb,0x000010f8,0x000010fa,0x0004007c,0x00000025,0x000010fc,0x000010fb,
	0x000600a9,0x00000025,0x000010fd,0x000010f5,0x000010fc,0x000000fd,0x0004007c,0x00000006,
	0x00001094,0x000010fd,0x000200f9,0x00001095,0x000200f8,0x00001095,0x000700f5,0x00000006,
	0x00001464,0x0000145e,0x0000108d,0x00001094,0x000010f3,0x000200f9,0x00001096,0x000200f8,
	0x00001083,0x000500c2,0x00000006,0x00001085,0x0000145e,0x000001a8,0x000500c2,0x00000006,
	0x00001088,0x00001085,0x000000c2,0x00050080,0x00000006,0x00001089,0x00001085,0x00001088,
	0x00040070,0x00000025,0x0000108a,0x00001089,0x00050085,0x00000025,0x0000108b,0x0000108a,
	0x0000047c,0x0004007c,0x00000006,0x0000108c,0x0000108b,0x000200f9,0x00001096,0x000200f8,
	0x00001096,0x000700f5,0x00000006,0x00001463,0x0000108c,0x00001083,0x00001464,0x00001095,
	0x0004003d,0x0000048a,0x00001097,0x0000048c,0x00040068,0x00000007,0x00001098,0x00001097,
	0x0003003e,0x0000106f,0x00001098,0x00050041,0x00000009,0x00001099,0x0000106f,0x00000097,
	0x0004003d,0x00000006,0x0000109a,0x00001099,0x00050041,0x00000009,0x0000109b,0x00001070,
	0x00000097,0x0003003e,0x0000109b,0x0000109a,0x00050041,0x00000009,0x0000109c,0x0000106f,
	0x00000094,0x0004003d,0x00000006,0x0000109d,0x0000109c,0x00050041,0x00000009,0x0000109e,
	0x00001070,0x00000094,0x0003003e,0x0000109e,0x0000109d,0x00050041,0x00000463,0x000010a0,
	0x00000461,0x000003e0,0x0004003d,0x00000006,0x000010a1,0x000010a0,0x00050050,0x00000007,
	0x000010a2,0x00000097,0x000010a1,0x00050080,0x00000007,0x000010a3,0x000006b0,0x000010a2,
	0x0004003d,0x00000007,0x000010a5,0x00001070,0x000500b0,0x0000049e,0x000010a6,0x000010a3,
	0x000010a5,0x0004009b,0x00000027,0x000010a7,0x000010a6,0x000300f7,0x000010ac,0x00000000,
	0x000400fa,0x000010a7,0x000010a8,0x000010ac,0x000200f8,0x000010a8,0x0004003d,0x0000048a,
	0x000010a9,0x0000048c,0x00040063,0x000010a9,0x000010a3,0x00001463,0x000200f9,0x000010ac,
	0x000200f8,0x000010ac,0x000200f9,0x00000792,0x000200f8,0x00000792,0x000200f9,0x00000793,
	0x000200f8,0x00000793,0x000100fd,0x00010038
};
