	// 1116.5.0
	 #pragma once
const uint32_t fh1_native_resolve_image_uint_cs[] = {
	0x07230203,0x00010000,0x0008000b,0x00001417,0x00000000,0x00020011,0x00000001,0x00020011,
	0x00000032,0x0006000b,0x00000001,0x4c534c47,0x6474732e,0x3035342e,0x00000000,0x0003000e,
	0x00000000,0x00000001,0x0006000f,0x00000005,0x00000004,0x6e69616d,0x00000000,0x00000604,
	0x00060010,0x00000004,0x00000011,0x00000008,0x00000008,0x00000001,0x00030003,0x00000005,
	0x000001f4,0x00040005,0x00000004,0x6e69616d,0x00000000,0x00070005,0x0000033b,0x5f316866,
	0x72756f73,0x635f6563,0x726f6c6f,0x00000000,0x00050005,0x00000429,0x5f316866,0x6f6d656d,
	0x00007972,0x00050006,0x00000429,0x00000000,0x74616440,0x00000061,0x00050005,0x0000042b,
	0x5f316866,0x6f6d656d,0x00007972,0x000a0005,0x00000431,0x4e316846,0x76697461,0x73655265,
	0x65766c6f,0x6f6d654d,0x6f437972,0x6174736e,0x0073746e,0x00070006,0x00000431,0x00000000,
	0x5f316866,0x74636572,0x69726f5f,0x006e6967,0x00070006,0x00000431,0x00000001,0x5f316866,
	0x74636572,0x7a69735f,0x00000065,0x00080006,0x00000431,0x00000002,0x5f316866,0x6f736572,
	0x5f65766c,0x6f79616c,0x00007475,0x00080006,0x00000431,0x00000003,0x5f316866,0x656e776f,
	0x616c5f72,0x74756f79,0x00000000,0x00080006,0x00000431,0x00000004,0x5f316866,0x706d6173,
	0x735f656c,0x63656c65,0x00000074,0x00070006,0x00000431,0x00000005,0x5f316866,0x74736564,
	0x666e695f,0x0000006f,0x00070006,0x00000431,0x00000006,0x5f316866,0x74736564,0x7361625f,
	0x00000065,0x00070006,0x00000431,0x00000007,0x5f316866,0x74736564,0x7469705f,0x00006863,
	0x00070006,0x00000431,0x00000008,0x5f316866,0x67616d69,0x6f725f65,0x00000077,0x00080006,
	0x00000431,0x00000009,0x5f316866,0x67616d69,0x6e655f65,0x6e616964,0x00000000,0x00030005,
	0x00000433,0x00000000,0x00050005,0x0000045e,0x5f316866,0x67616d69,0x00000065,0x00040005,
	0x00000604,0x65726874,0x00006461,0x00040047,0x0000033b,0x00000021,0x00000010,0x00040047,
	0x0000033b,0x00000022,0x00000000,0x00040047,0x00000428,0x00000006,0x00000004,0x00030047,
	0x00000429,0x00000003,0x00050048,0x00000429,0x00000000,0x00000023,0x00000000,0x00040047,
	0x0000042b,0x00000021,0x00000020,0x00040047,0x0000042b,0x00000022,0x00000000,0x00030047,
	0x00000431,0x00000002,0x00050048,0x00000431,0x00000000,0x00000023,0x00000000,0x00050048,
	0x00000431,0x00000001,0x00000023,0x00000004,0x00050048,0x00000431,0x00000002,0x00000023,
	0x00000008,0x00050048,0x00000431,0x00000003,0x00000023,0x0000000c,0x00050048,0x00000431,
	0x00000004,0x00000023,0x00000010,0x00050048,0x00000431,0x00000005,0x00000023,0x00000014,
	0x00050048,0x00000431,0x00000006,0x00000023,0x00000018,0x00050048,0x00000431,0x00000007,
	0x00000023,0x0000001c,0x00050048,0x00000431,0x00000008,0x00000023,0x00000020,0x00050048,
	0x00000431,0x00000009,0x00000023,0x00000024,0x00040047,0x0000045e,0x00000021,0x00000021,
	0x00040047,0x0000045e,0x00000022,0x00000000,0x00040047,0x00000604,0x0000000b,0x0000001c,
	0x00020013,0x00000002,0x00030021,0x00000003,0x00000002,0x00040015,0x00000006,0x00000020,
	0x00000000,0x00040017,0x00000007,0x00000006,0x00000002,0x00040020,0x00000008,0x00000007,
	0x00000007,0x00040020,0x00000009,0x00000007,0x00000006,0x00030016,0x00000025,0x00000020,
	0x00040020,0x0000002a,0x00000007,0x00000025,0x00040017,0x0000003a,0x00000025,0x00000004,
	0x00040020,0x0000003b,0x00000007,0x0000003a,0x00040015,0x0000005a,0x00000020,0x00000001,
	0x00040017,0x00000082,0x00000006,0x00000003,0x0004002b,0x00000025,0x0000008a,0x42000000,
	0x0004002b,0x00000006,0x0000008d,0x00000001,0x0004002b,0x00000006,0x00000090,0x00000000,
	0x0005002c,0x00000007,0x00000091,0x00000090,0x00000090,0x0004002b,0x00000006,0x0000009c,
	0x000007ff,0x0004002b,0x00000006,0x000000a1,0x0000000b,0x0004002b,0x00000006,0x000000a3,
	0x000000ff,0x0004002b,0x00000006,0x000000a8,0x00000013,0x0004002b,0x00000006,0x000000aa,
	0x00000003,0x0004002b,0x00000006,0x000000af,0x00000015,0x0004002b,0x00000006,0x000000b5,
	0x00000016,0x0004002b,0x00000006,0x000000bb,0x00000017,0x0004002b,0x00000006,0x000000bd,
	0x0000000f,0x0004002b,0x00000006,0x000000c7,0x00ffffff,0x0004002b,0x00000006,0x000000cc,
	0x000fffff,0x0004002b,0x00000006,0x000000d0,0x00000014,0x00020014,0x000000d3,0x0004002b,
	0x00000006,0x000000db,0x0000001f,0x0004002b,0x0000005a,0x000000e0,0x00000001,0x0004002b,
	0x00000006,0x000000ec,0x00000070,0x0004002b,0x00000025,0x000000f3,0x00000000,0x0004002b,
	0x00000006,0x00000109,0x00000018,0x0004002b,0x00000006,0x00000114,0x00000010,0x0004002b,
	0x00000006,0x00000119,0x000003ff,0x0004002b,0x00000006,0x00000121,0x0000007f,0x0004002b,
	0x00000006,0x00000125,0x00000007,0x0004002b,0x00000006,0x0000013e,0x0000007c,0x0004002b,
	0x0000005a,0x0000014b,0x00000010,0x0004002b,0x00000025,0x0000014e,0x38000100,0x0004002b,
	0x00000025,0x00000150,0xbf800000,0x0004002b,0x00000025,0x00000157,0x3f800000,0x0004002b,
	0x00000025,0x0000015b,0x3f000000,0x0004002b,0x00000025,0x00000167,0x437f0000,0x0004002b,
	0x00000006,0x00000172,0x00000008,0x0004002b,0x00000006,0x00000176,0x00000002,0x0004002b,
	0x00000025,0x00000185,0x447fc000,0x0004002b,0x00000006,0x00000190,0x0000000a,0x0004002b,
	0x00000025,0x0000019a,0x40400000,0x0004002b,0x00000006,0x000001a0,0x0000001e,0x0004002b,
	0x00000025,0x000001db,0x3b808081,0x00040017,0x000001e9,0x00000025,0x00000003,0x0004002b,
	0x00000025,0x000001eb,0x3a802008,0x0004002b,0x00000025,0x000001f0,0x3eaaaaab,0x00040017,
	0x00000216,0x00000025,0x00000002,0x0007002c,0x0000003a,0x0000021f,0x000000f3,0x000000f3,
	0x000000f3,0x000000f3,0x0004002b,0x00000006,0x000002ad,0x00000050,0x0004002b,0x00000006,
	0x000002b4,0x00000004,0x0004002b,0x00000006,0x000002eb,0x00000028,0x00040017,0x0000030f,
	0x0000005a,0x00000002,0x00040017,0x00000336,0x00000006,0x00000004,0x00040020,0x00000337,
	0x00000007,0x00000336,0x00090019,0x00000339,0x00000006,0x00000001,0x00000000,0x00000000,
	0x00000000,0x00000001,0x00000000,0x00040020,0x0000033a,0x00000000,0x00000339,0x0004003b,
	0x0000033a,0x0000033b,0x00000000,0x0004002b,0x0000005a,0x0000033e,0x00000000,0x00040017,
	0x0000033f,0x0000005a,0x00000003,0x0004002b,0x00000006,0x00000351,0x0000000e,0x0004002b,
	0x00000006,0x0000035c,0x0000ffff,0x00040017,0x0000036a,0x000000d3,0x00000002,0x0004002b,
	0x00000006,0x00000378,0xffffffe0,0x0004002b,0x0000005a,0x0000037c,0x00000005,0x0004002b,
	0x0000005a,0x0000038a,0x00000007,0x0004002b,0x0000005a,0x0000038d,0x0000000e,0x0004002b,
	0x0000005a,0x0000038f,0x00000002,0x0004002b,0x0000005a,0x00000397,0xfffffff0,0x0004002b,
	0x0000005a,0x0000039c,0x0000000f,0x0004002b,0x0000005a,0x000003a1,0x00000004,0x0004002b,
	0x0000005a,0x000003a5,0xfffffe00,0x0004002b,0x0000005a,0x000003a7,0x00000003,0x0004002b,
	0x0000005a,0x000003ae,0x000001c0,0x0004002b,0x0000005a,0x000003b3,0x00000008,0x0004002b,
	0x0000005a,0x000003ba,0x00000006,0x0004002b,0x0000005a,0x000003be,0x0000003f,0x0004002b,
	0x00000006,0x000003e4,0xfffffff0,0x0004002b,0x00000006,0x000003ff,0x00ff00ff,0x0004002b,
	0x00000006,0x00000403,0xff00ff00,0x0003001d,0x00000428,0x00000006,0x0003001e,0x00000429,
	0x00000428,0x00040020,0x0000042a,0x00000002,0x00000429,0x0004003b,0x0000042a,0x0000042b,
	0x00000002,0x00040020,0x0000042e,0x00000002,0x00000006,0x000c001e,0x00000431,0x00000006,
	0x00000006,0x00000006,0x00000006,0x00000006,0x00000006,0x00000006,0x00000006,0x00000006,
	0x00000006,0x00040020,0x00000432,0x00000009,0x00000431,0x0004003b,0x00000432,0x00000433,
	0x00000009,0x0004002b,0x0000005a,0x00000434,0x00000009,0x00040020,0x00000435,0x00000009,
	0x00000006,0x0004002b,0x00000025,0x0000044e,0x33800000,0x00090019,0x0000045c,0x00000006,
	0x00000001,0x00000000,0x00000000,0x00000000,0x00000002,0x00000021,0x00040020,0x0000045d,
	0x00000000,0x0000045c,0x0004003b,0x0000045d,0x0000045e,0x00000000,0x0004002b,0x0000005a,
	0x0000057c,0x00000018,0x0004002b,0x0000005a,0x0000057e,0x0000007f,0x0004002b,0x00000006,
	0x00000588,0x00000006,0x00040020,0x00000603,0x00000001,0x00000082,0x0004003b,0x00000603,
	0x00000604,0x00000001,0x00050036,0x00000002,0x00000004,0x00000000,0x00000003,0x000200f8,
	0x00000005,0x0004003b,0x00000008,0x00001248,0x00000007,0x0004003b,0x00000008,0x00001249,
	0x00000007,0x0004003b,0x00000008,0x00001189,0x00000007,0x0004003b,0x00000008,0x0000118a,
	0x00000007,0x0004003b,0x00000008,0x00000fd0,0x00000007,0x0004003b,0x00000008,0x00000fd1,
	0x00000007,0x0004003b,0x00000337,0x00000c30,0x00000007,0x0004003b,0x00000008,0x00000c34,
	0x00000007,0x0004003b,0x00000008,0x00000beb,0x00000007,0x0004003b,0x00000337,0x00000abe,
	0x00000007,0x0004003b,0x00000008,0x00000ac2,0x00000007,0x0004003b,0x00000008,0x00000a79,
	0x00000007,0x0004003b,0x00000008,0x00000a5c,0x00000007,0x0004003b,0x00000008,0x000009bf,
	0x00000007,0x0004003b,0x00000008,0x000009c0,0x00000007,0x0004003b,0x00000337,0x00000869,
	0x00000007,0x0004003b,0x00000008,0x0000086d,0x00000007,0x0004003b,0x00000008,0x00000824,
	0x00000007,0x0004003b,0x00000008,0x00000625,0x00000007,0x0004003b,0x00000008,0x0000062f,
	0x00000007,0x0004003b,0x00000008,0x00000630,0x00000007,0x0004003b,0x0000003b,0x00000642,
	0x00000007,0x0004003b,0x0000003b,0x0000064a,0x00000007,0x0004003b,0x0000003b,0x00000651,
	0x00000007,0x0004003b,0x00000008,0x0000065d,0x00000007,0x0004003d,0x00000082,0x00000605,
	0x00000604,0x000300f7,0x00000763,0x00000000,0x000300fb,0x00000090,0x00000668,0x000200f8,
	0x00000668,0x00050041,0x00000435,0x00000669,0x00000433,0x000000e0,0x0004003d,0x00000006,
	0x0000066a,0x00000669,0x000500c7,0x00000006,0x0000066b,0x0000066a,0x0000035c,0x00050041,
	0x00000435,0x0000066c,0x00000433,0x000000e0,0x0004003d,0x00000006,0x0000066d,0x0000066c,
	0x000500c2,0x00000006,0x0000066e,0x0000066d,0x00000114,0x00050050,0x00000007,0x0000066f,
	0x0000066b,0x0000066e,0x0007004f,0x00000007,0x00000671,0x00000605,0x00000605,0x00000000,
	0x00000001,0x000500ae,0x0000036a,0x00000673,0x00000671,0x0000066f,0x0004009a,0x000000d3,
	0x00000674,0x00000673,0x000300f7,0x00000676,0x00000000,0x000400fa,0x00000674,0x00000675,
	0x00000676,0x000200f8,0x00000675,0x000200f9,0x00000763,0x000200f8,0x00000676,0x00050041,
	0x00000435,0x00000677,0x00000433,0x0000033e,0x0004003d,0x00000006,0x00000678,0x00000677,
	0x000500c7,0x00000006,0x00000679,0x00000678,0x0000035c,0x00050041,0x00000435,0x0000067a,
	0x00000433,0x0000033e,0x0004003d,0x00000006,0x0000067b,0x0000067a,0x000500c2,0x00000006,
	0x0000067c,0x0000067b,0x00000114,0x00050050,0x00000007,0x0000067d,0x00000679,0x0000067c,
	0x0007004f,0x00000007,0x0000067f,0x00000605,0x00000605,0x00000000,0x00000001,0x00050080,
	0x00000007,0x00000680,0x0000067d,0x0000067f,0x0003003e,0x00000625,0x00000680,0x00050041,
	0x00000435,0x00000682,0x00000433,0x0000037c,0x0004003d,0x00000006,0x00000683,0x00000682,
	0x000500c2,0x00000006,0x00000684,0x00000683,0x000000a8,0x000500c7,0x00000006,0x00000685,
	0x00000684,0x0000008d,0x000500ab,0x000000d3,0x00000686,0x00000685,0x00000090,0x000600a9,
	0x00000025,0x00000687,0x00000686,0x0000008a,0x00000157,0x00050041,0x00000435,0x00000688,
	0x00000433,0x0000037c,0x0004003d,0x00000006,0x00000689,0x00000688,0x000500c2,0x00000006,
	0x0000068a,0x00000689,0x000000d0,0x000500c7,0x00000006,0x0000068b,0x0000068a,0x000000aa,
	0x00050080,0x00000006,0x0000068c,0x0000068b,0x0000008d,0x00050041,0x00000435,0x0000068d,
	0x00000433,0x0000037c,0x0004003d,0x00000006,0x0000068e,0x0000068d,0x000500c2,0x00000006,
	0x0000068f,0x0000068e,0x000000b5,0x000500c7,0x00000006,0x00000690,0x0000068f,0x0000008d,
	0x000500ab,0x000000d3,0x00000691,0x00000690,0x00000090,0x000300f7,0x0000069a,0x00000000,
	0x000400fa,0x00000691,0x00000693,0x00000695,0x000200f8,0x00000695,0x0004003d,0x00000007,
	0x00000696,0x00000625,0x00050050,0x00000007,0x00000768,0x0000068c,0x0000068c,0x00050089,
	0x00000007,0x00000769,0x00000696,0x00000768,0x00050050,0x00000007,0x0000076c,0x0000068c,
	0x0000068c,0x00050086,0x00000007,0x0000076d,0x00000696,0x0000076c,0x0003003e,0x00000625,
	0x0000076d,0x000200f9,0x0000069a,0x000200f8,0x00000693,0x000200f9,0x0000069a,0x000200f8,
	0x0000069a,0x000700f5,0x00000007,0x0000137b,0x00000091,0x00000693,0x00000769,0x00000695,
	0x00050041,0x00000435,0x0000069b,0x00000433,0x0000037c,0x0004003d,0x00000006,0x0000069c,
	0x0000069b,0x000500c7,0x00000006,0x0000069d,0x0000069c,0x00000125,0x00050041,0x00000435,
	0x0000069e,0x00000433,0x0000037c,0x0004003d,0x00000006,0x0000069f,0x0000069e,0x000500c2,
	0x00000006,0x000006a0,0x0000069f,0x000000aa,0x000500c7,0x00000006,0x000006a1,0x000006a0,
	0x00000125,0x00050041,0x00000435,0x000006a2,0x00000433,0x0000037c,0x0004003d,0x00000006,
	0x000006a3,0x000006a2,0x000500c2,0x00000006,0x000006a4,0x000006a3,0x00000114,0x000500c7,
	0x00000006,0x000006a5,0x000006a4,0x000000aa,0x000500ac,0x000000d3,0x000006a7,0x0000068c,
	0x0000008d,0x000400a8,0x000000d3,0x000006a9,0x00000691,0x000500a7,0x000000d3,0x000006aa,
	0x000006a7,0x000006a9,0x000300f7,0x000006c9,0x00000002,0x000400fa,0x000006aa,0x000006ab,
	0x000006ba,0x000200f8,0x000006ba,0x00050041,0x00000435,0x000006bb,0x00000433,0x000003ba,
	0x0004003d,0x00000006,0x000006bc,0x000006bb,0x00050041,0x00000009,0x000006bd,0x00000625,
	0x00000090,0x0004003d,0x00000006,0x000006be,0x000006bd,0x0004007c,0x0000005a,0x000006bf,
	0x000006be,0x00050041,0x00000009,0x000006c0,0x00000625,0x0000008d,0x0004003d,0x00000006,
	0x000006c1,0x000006c0,0x0004007c,0x0000005a,0x000006c2,0x000006c1,0x00050041,0x00000435,
	0x000006c3,0x00000433,0x0000038a,0x0004003d,0x00000006,0x000006c4,0x000006c3,0x00050080,
	0x00000006,0x000007e9,0x000006c4,0x000000db,0x000500c7,0x00000006,0x000007ea,0x000007e9,
	0x00000378,0x000500c3,0x0000005a,0x000007ec,0x000006bf,0x0000037c,0x000500c3,0x0000005a,
	0x000007ee,0x000006c2,0x0000037c,0x000500c2,0x00000006,0x000007f0,0x000007ea,0x0000037c,
	0x0004007c,0x0000005a,0x000007f1,0x000007f0,0x00050084,0x0000005a,0x000007f2,0x000007ee,
	0x000007f1,0x00050080,0x0000005a,0x000007f3,0x000007ec,0x000007f2,0x00050080,0x00000006,
	0x000007f5,0x000006a5,0x00000125,0x000500c4,0x0000005a,0x000007f6,0x000007f3,0x000007f5,
	0x000500c7,0x0000005a,0x000007f8,0x000006bf,0x0000038a,0x000500c7,0x0000005a,0x000007fa,
	0x000006c2,0x0000038d,0x000500c4,0x0000005a,0x000007fb,0x000007fa,0x0000038f,0x00050080,
	0x0000005a,0x000007fc,0x000007f8,0x000007fb,0x000500c4,0x0000005a,0x000007fe,0x000007fc,
	0x000006a5,0x000500c7,0x0000005a,0x00000801,0x000007fe,0x00000397,0x000500c4,0x0000005a,
	0x00000802,0x00000801,0x000000e0,0x00050080,0x0000005a,0x00000803,0x000007f6,0x00000802,
	0x000500c7,0x0000005a,0x00000805,0x000007fe,0x0000039c,0x00050080,0x0000005a,0x00000806,
	0x00000803,0x00000805,0x000500c7,0x0000005a,0x00000808,0x000006c2,0x000000e0,0x000500c4,
	0x0000005a,0x00000809,0x00000808,0x000003a1,0x00050080,0x0000005a,0x0000080a,0x00000806,
	0x00000809,0x000500c7,0x0000005a,0x0000080c,0x0000080a,0x000003a5,0x000500c4,0x0000005a,
	0x0000080d,0x0000080c,0x000003a7,0x000500c7,0x0000005a,0x0000080f,0x000006c2,0x0000014b,
	0x000500c4,0x0000005a,0x00000810,0x0000080f,0x0000038a,0x00050080,0x0000005a,0x00000811,
	0x0000080d,0x00000810,0x000500c7,0x0000005a,0x00000813,0x0000080a,0x000003ae,0x000500c4,
	0x0000005a,0x00000814,0x00000813,0x0000038f,0x00050080,0x0000005a,0x00000815,0x00000811,
	0x00000814,0x000500c7,0x0000005a,0x00000817,0x000006c2,0x000003b3,0x000500c3,0x0000005a,
	0x00000818,0x00000817,0x0000038f,0x000500c3,0x0000005a,0x0000081a,0x000006bf,0x000003a7,
	0x00050080,0x0000005a,0x0000081b,0x00000818,0x0000081a,0x000500c7,0x0000005a,0x0000081c,
	0x0000081b,0x000003a7,0x000500c4,0x0000005a,0x0000081d,0x0000081c,0x000003ba,0x00050080,
	0x0000005a,0x0000081e,0x00000815,0x0000081d,0x000500c7,0x0000005a,0x00000820,0x0000080a,
	0x000003be,0x00050080,0x0000005a,0x00000821,0x0000081e,0x00000820,0x0004007c,0x00000006,
	0x000006c7,0x00000821,0x00050080,0x00000006,0x000006c8,0x000006bc,0x000006c7,0x000200f9,
	0x000006c9,0x000200f8,0x000006ab,0x00050041,0x00000435,0x000006ac,0x00000433,0x000003ba,
	0x0004003d,0x00000006,0x000006ad,0x000006ac,0x00050084,0x00000006,0x000006af,0x000006ad,
	0x0000068c,0x00050084,0x00000006,0x000006b1,0x000006af,0x0000068c,0x0004003d,0x00000007,
	0x000006b2,0x00000625,0x0003003e,0x0000062f,0x000006b2,0x0003003e,0x00000630,0x0000137b,
	0x00050041,0x00000435,0x000006b4,0x00000433,0x0000038a,0x0004003d,0x00000006,0x000006b5,
	0x000006b4,0x00050041,0x00000009,0x00000778,0x0000062f,0x00000090,0x0004003d,0x00000006,
	0x00000779,0x00000778,0x0004007c,0x0000005a,0x0000077a,0x00000779,0x00050041,0x00000009,
	0x0000077b,0x0000062f,0x0000008d,0x0004003d,0x00000006,0x0000077c,0x0000077b,0x0004007c,
	0x0000005a,0x0000077d,0x0000077c,0x00050080,0x00000006,0x000007aa,0x000006b5,0x000000db,
	0x000500c7,0x00000006,0x000007ab,0x000007aa,0x00000378,0x000500c3,0x0000005a,0x000007ad,
	0x0000077a,0x0000037c,0x000500c3,0x0000005a,0x000007af,0x0000077d,0x0000037c,0x000500c2,
	0x00000006,0x000007b1,0x000007ab,0x0000037c,0x0004007c,0x0000005a,0x000007b2,0x000007b1,
	0x00050084,0x0000005a,0x000007b3,0x000007af,0x000007b2,0x00050080,0x0000005a,0x000007b4,
	0x000007ad,0x000007b3,0x00050080,0x00000006,0x000007b6,0x000006a5,0x00000125,0x000500c4,
	0x0000005a,0x000007b7,0x000007b4,0x000007b6,0x000500c7,0x0000005a,0x000007b9,0x0000077a,
	0x0000038a,0x000500c7,0x0000005a,0x000007bb,0x0000077d,0x0000038d,0x000500c4,0x0000005a,
	0x000007bc,0x000007bb,0x0000038f,0x00050080,0x0000005a,0x000007bd,0x000007b9,0x000007bc,
	0x000500c4,0x0000005a,0x000007bf,0x000007bd,0x000006a5,0x000500c7,0x0000005a,0x000007c2,
	0x000007bf,0x00000397,0x000500c4,0x0000005a,0x000007c3,0x000007c2,0x000000e0,0x00050080,
	0x0000005a,0x000007c4,0x000007b7,0x000007c3,0x000500c7,0x0000005a,0x000007c6,0x000007bf,
	0x0000039c,0x00050080,0x0000005a,0x000007c7,0x000007c4,0x000007c6,0x000500c7,0x0000005a,
	0x000007c9,0x0000077d,0x000000e0,0x000500c4,0x0000005a,0x000007ca,0x000007c9,0x000003a1,
	0x00050080,0x0000005a,0x000007cb,0x000007c7,0x000007ca,0x000500c7,0x0000005a,0x000007cd,
	0x000007cb,0x000003a5,0x000500c4,0x0000005a,0x000007ce,0x000007cd,0x000003a7,0x000500c7,
	0x0000005a,0x000007d0,0x0000077d,0x0000014b,0x000500c4,0x0000005a,0x000007d1,0x000007d0,
	0x0000038a,0x00050080,0x0000005a,0x000007d2,0x000007ce,0x000007d1,0x000500c7,0x0000005a,
	0x000007d4,0x000007cb,0x000003ae,0x000500c4,0x0000005a,0x000007d5,0x000007d4,0x0000038f,
	0x00050080,0x0000005a,0x000007d6,0x000007d2,0x000007d5,0x000500c7,0x0000005a,0x000007d8,
	0x0000077d,0x000003b3,0x000500c3,0x0000005a,0x000007d9,0x000007d8,0x0000038f,0x000500c3,
	0x0000005a,0x000007db,0x0000077a,0x000003a7,0x00050080,0x0000005a,0x000007dc,0x000007d9,
	0x000007db,0x000500c7,0x0000005a,0x000007dd,0x000007dc,0x000003a7,0x000500c4,0x0000005a,
	0x000007de,0x000007dd,0x000003ba,0x00050080,0x0000005a,0x000007df,0x000007d6,0x000007de,
	0x000500c7,0x0000005a,0x000007e1,0x000007cb,0x000003be,0x00050080,0x0000005a,0x000007e2,
	0x000007df,0x000007e1,0x0004007c,0x00000006,0x00000781,0x000007e2,0x000500c2,0x00000006,
	0x00000783,0x00000114,0x000006a5,0x000500c7,0x00000006,0x00000785,0x00000781,0x000000bd,
	0x000500c2,0x00000006,0x00000787,0x00000785,0x000006a5,0x00050084,0x00000006,0x00000789,
	0x00000787,0x0000068c,0x00050041,0x00000009,0x0000078a,0x00000630,0x00000090,0x0004003d,
	0x00000006,0x0000078b,0x0000078a,0x00050080,0x00000006,0x0000078c,0x00000789,0x0000078b,
	0x00050086,0x00000006,0x0000078f,0x0000078c,0x00000783,0x000500c7,0x00000006,0x00000791,
	0x00000781,0x000003e4,0x00050084,0x00000006,0x00000793,0x00000791,0x0000068c,0x00050084,
	0x00000006,0x00000795,0x00000793,0x0000068c,0x00050084,0x00000006,0x00000798,0x0000078f,
	0x0000068c,0x00050041,0x00000009,0x00000799,0x00000630,0x0000008d,0x0004003d,0x00000006,
	0x0000079a,0x00000799,0x00050080,0x00000006,0x0000079b,0x00000798,0x0000079a,0x000500c4,
	0x00000006,0x0000079c,0x0000079b,0x000002b4,0x00050080,0x00000006,0x0000079d,0x00000795,
	0x0000079c,0x00050089,0x00000006,0x000007a0,0x0000078c,0x00000783,0x000500c4,0x00000006,
	0x000007a2,0x000007a0,0x000006a5,0x00050080,0x00000006,0x000007a3,0x0000079d,0x000007a2,
	0x00050080,0x00000006,0x000006b9,0x000006b1,0x000007a3,0x000200f9,0x000006c9,0x000200f8,
	0x000006c9,0x000700f5,0x00000006,0x00001382,0x000006b9,0x000006ab,0x000006c8,0x000006ba,
	0x00050041,0x00000435,0x000006ca,0x00000433,0x000003a1,0x0004003d,0x00000006,0x000006cb,
	0x000006ca,0x000300f7,0x000006d2,0x00000000,0x000900fb,0x000006cb,0x000006cc,0x00000004,
	0x000006cf,0x00000005,0x000006d0,0x00000006,0x000006d1,0x000200f8,0x000006d1,0x000200f9,
	0x000006d2,0x000200f8,0x000006d0,0x000200f9,0x000006d2,0x000200f8,0x000006cf,0x000200f9,
	0x000006d2,0x000200f8,0x000006cc,0x00050041,0x00000435,0x000006cd,0x00000433,0x000003a1,
	0x0004003d,0x00000006,0x000006ce,0x000006cd,0x000200f9,0x000006d2,0x000200f8,0x000006d2,
	0x000b00f5,0x00000006,0x000013c7,0x000006ce,0x000006cc,0x00000090,0x000006cf,0x00000176,
	0x000006d0,0x00000090,0x000006d1,0x000b00f5,0x00000006,0x0000137e,0x0000008d,0x000006cc,
	0x00000176,0x000006cf,0x00000176,0x000006d0,0x000002b4,0x000006d1,0x000500aa,0x000000d3,
	0x000006d4,0x0000069d,0x000002b4,0x000300f7,0x000006de,0x00000000,0x000400fa,0x000006d4,
	0x000006d5,0x000006de,0x000200f8,0x000006d5,0x0004003d,0x00000007,0x000006d6,0x00000625,
	0x00050041,0x00000435,0x00000838,0x00000433,0x0000038f,0x0004003d,0x00000006,0x00000839,
	0x00000838,0x0003003e,0x00000824,0x000006d6,0x00050041,0x00000435,0x0000083d,0x00000433,
	0x000003a7,0x0004003d,0x00000006,0x0000083e,0x0000083d,0x000500c2,0x00000006,0x00000930,
	0x00000839,0x000000a8,0x000500c7,0x00000006,0x00000931,0x00000930,0x000000aa,0x000500ae,
	0x000000d3,0x00000873,0x00000931,0x00000176,0x000600a9,0x00000006,0x00000874,0x00000873,
	0x0000008d,0x00000090,0x000500ae,0x000000d3,0x00000876,0x00000931,0x0000008d,0x000600a9,
	0x00000006,0x00000877,0x00000876,0x0000008d,0x00000090,0x00050041,0x00000009,0x00000878,
	0x00000824,0x00000090,0x0004003d,0x00000006,0x00000879,0x00000878,0x000500c4,0x00000006,
	0x0000087b,0x00000879,0x00000874,0x000500ae,0x000000d3,0x0000087d,0x00000931,0x00000176,
	0x000500c7,0x00000006,0x0000087f,0x000013c7,0x0000008d,0x000600a9,0x00000006,0x00000880,
	0x0000087d,0x0000087f,0x00000090,0x00050080,0x00000006,0x00000881,0x0000087b,0x00000880,
	0x00050041,0x00000009,0x00000882,0x00000824,0x0000008d,0x0004003d,0x00000006,0x00000883,
	0x00000882,0x000500c4,0x00000006,0x00000885,0x00000883,0x00000877,0x000500ae,0x000000d3,
	0x00000887,0x00000931,0x00000176,0x000500c2,0x00000006,0x00000889,0x000013c7,0x0000008d,
	0x000500aa,0x000000d3,0x0000088b,0x00000931,0x0000008d,0x000600a9,0x00000006,0x0000088d,
	0x0000088b,0x000013c7,0x00000090,0x000600a9,0x00000006,0x0000088e,0x00000887,0x00000889,
	0x0000088d,0x00050080,0x00000006,0x0000088f,0x00000885,0x0000088e,0x000500c2,0x00000006,
	0x00000935,0x00000839,0x000000af,0x000500c7,0x00000006,0x00000936,0x00000935,0x0000008d,
	0x000500ab,0x000000d3,0x00000892,0x00000936,0x00000090,0x00050084,0x00000006,0x00000894,
	0x00000881,0x00000176,0x000600a9,0x00000006,0x00000898,0x00000892,0x00000894,0x00000881,
	0x00050086,0x00000006,0x0000089a,0x00000898,0x000002ad,0x00050089,0x00000006,0x0000089c,
	0x00000898,0x000002ad,0x000500c2,0x00000006,0x0000089e,0x0000088f,0x000002b4,0x000500c7,
	0x00000006,0x000008a0,0x0000088f,0x000000bd,0x000500c7,0x00000006,0x0000093a,0x00000839,
	0x0000009c,0x000500c2,0x00000006,0x0000093e,0x00000839,0x000000a1,0x000500c7,0x00000006,
	0x0000093f,0x0000093e,0x000000a3,0x000500c2,0x00000006,0x00000943,0x00000839,0x000000af,
	0x000500c7,0x00000006,0x00000944,0x00000943,0x0000008d,0x000500c4,0x00000006,0x000008a8,
	0x0000093f,0x00000944,0x00050084,0x00000006,0x000008a9,0x0000089e,0x000008a8,0x00050080,
	0x00000006,0x000008aa,0x0000093a,0x000008a9,0x00050080,0x00000006,0x000008ac,0x000008aa,
	0x0000089a,0x000500c7,0x00000006,0x000008ad,0x000008ac,0x0000009c,0x000500c7,0x00000006,
	0x00000948,0x0000083e,0x0000009c,0x00050082,0x00000006,0x000008b1,0x000008ad,0x00000948,
	0x000500c7,0x00000006,0x000008b2,0x000008b1,0x0000009c,0x000500c2,0x00000006,0x0000094c,
	0x0000083e,0x000000a1,0x000500c7,0x00000006,0x0000094d,0x0000094c,0x000000a3,0x000500c2,
	0x00000006,0x00000951,0x0000083e,0x000000af,0x000500c7,0x00000006,0x00000952,0x00000951,
	0x0000008d,0x000500c4,0x00000006,0x000008b7,0x0000094d,0x00000952,0x00050089,0x00000006,
	0x000008ba,0x000008b2,0x000008b7,0x00050086,0x00000006,0x000008bd,0x000008b2,0x000008b7,
	0x000500c2,0x00000006,0x00000956,0x0000083e,0x000000b5,0x000500c7,0x00000006,0x00000957,
	0x00000956,0x0000008d,0x000500c2,0x00000006,0x0000095b,0x00000839,0x000000b5,0x000500c7,
	0x00000006,0x0000095c,0x0000095b,0x0000008d,0x000500ab,0x000000d3,0x000008c2,0x00000957,
	0x0000095c,0x000300f7,0x000008c7,0x00000000,0x000400fa,0x000008c2,0x000008c3,0x000008c7,
	0x000200f8,0x000008c3,0x00050080,0x00000006,0x000008c5,0x0000089c,0x000002eb,0x00050089,
	0x00000006,0x000008c6,0x000008c5,0x000002ad,0x000200f9,0x000008c7,0x000200f8,0x000008c7,
	0x000700f5,0x00000006,0x00001401,0x0000089c,0x000006d5,0x000008c6,0x000008c3,0x000500c2,
	0x00000006,0x00000960,0x0000083e,0x000000a8,0x000500c7,0x00000006,0x00000961,0x00000960,
	0x000000aa,0x00050084,0x00000006,0x000008cb,0x000008ba,0x000002ad,0x00050080,0x00000006,
	0x000008cd,0x000008cb,0x00001401,0x000500c2,0x00000006,0x00000965,0x0000083e,0x000000af,
	0x000500c7,0x00000006,0x00000966,0x00000965,0x0000008d,0x000500ab,0x000000d3,0x000008d0,
	0x00000966,0x00000090,0x000300f7,0x000008d6,0x00000000,0x000400fa,0x000008d0,0x000008d1,
	0x000008d6,0x000200f8,0x000008d1,0x000500c7,0x00000006,0x000008d3,0x000008cd,0x0000008d,
	0x000500c2,0x00000006,0x000008d5,0x000008cd,0x0000008d,0x000200f9,0x000008d6,0x000200f8,
	0x000008d6,0x000700f5,0x00000006,0x00001407,0x00000090,0x000008c7,0x000008d3,0x000008d1,
	0x000700f5,0x00000006,0x00001402,0x000008cd,0x000008c7,0x000008d5,0x000008d1,0x00050084,
	0x00000006,0x000008d8,0x000008bd,0x00000114,0x00050080,0x00000006,0x000008da,0x000008d8,
	0x000008a0,0x000500ae,0x000000d3,0x000008dc,0x00000961,0x00000176,0x000600a9,0x00000006,
	0x000008dd,0x000008dc,0x0000008d,0x00000090,0x000500ae,0x000000d3,0x000008df,0x00000961,
	0x0000008d,0x000600a9,0x00000006,0x000008e0,0x000008df,0x0000008d,0x00000090,0x000500c2,
	0x00000006,0x000008e3,0x00001402,0x000008dd,0x0004007c,0x0000005a,0x000008e4,0x000008e3,
	0x000500c2,0x00000006,0x000008e7,0x000008da,0x000008e0,0x0004007c,0x0000005a,0x000008e8,
	0x000008e7,0x00050050,0x0000030f,0x000008e9,0x000008e4,0x000008e8,0x0004007c,0x0000005a,
	0x000008eb,0x0000068c,0x00050050,0x0000030f,0x000008ec,0x000008eb,0x000008eb,0x00050084,
	0x0000030f,0x000008ed,0x000008e9,0x000008ec,0x0004007c,0x0000030f,0x000008ef,0x0000137b,
	0x00050080,0x0000030f,0x000008f0,0x000008ed,0x000008ef,0x000200f9,0x00000988,0x000200f8,
	0x00000988,0x0004003d,0x00000339,0x000008ff,0x0000033b,0x00050051,0x0000005a,0x00000901,
	0x000008f0,0x00000000,0x00050051,0x0000005a,0x00000902,0x000008f0,0x00000001,0x00060050,
	0x0000033f,0x00000903,0x00000901,0x00000902,0x0000033e,0x0007004f,0x0000030f,0x00000904,
	0x00000903,0x00000903,0x00000000,0x00000001,0x0007005f,0x00000336,0x0000090a,0x000008ff,
	0x00000904,0x00000002,0x0000033e,0x0003003e,0x00000869,0x0000090a,0x000500c2,0x00000006,
	0x0000098d,0x0000083e,0x000000bb,0x000500c7,0x00000006,0x0000098e,0x0000098d,0x000000bd,
	0x000500aa,0x000000d3,0x0000090e,0x0000098e,0x00000351,0x000500aa,0x000000d3,0x00000910,
	0x0000098e,0x000000bd,0x000500a6,0x000000d3,0x00000911,0x0000090e,0x00000910,0x0007004f,
	0x00000007,0x00000914,0x0000090a,0x0000090a,0x00000000,0x00000001,0x00050041,0x00000009,
	0x00000915,0x00000869,0x00000090,0x0004003d,0x00000006,0x00000916,0x00000915,0x000500c7,
	0x00000006,0x00000917,0x00000916,0x0000035c,0x00050041,0x00000009,0x00000918,0x00000869,
	0x0000008d,0x0004003d,0x00000006,0x00000919,0x00000918,0x000500c4,0x00000006,0x0000091a,
	0x00000919,0x00000114,0x000500c5,0x00000006,0x0000091b,0x00000917,0x0000091a,0x00050041,
	0x00000009,0x0000091c,0x00000869,0x00000176,0x0004003d,0x00000006,0x0000091d,0x0000091c,
	0x000500c7,0x00000006,0x0000091e,0x0000091d,0x0000035c,0x00050041,0x00000009,0x0000091f,
	0x00000869,0x000000aa,0x0004003d,0x00000006,0x00000920,0x0000091f,0x000500c4,0x00000006,
	0x00000921,0x00000920,0x00000114,0x000500c5,0x00000006,0x00000922,0x0000091e,0x00000921,
	0x00050050,0x00000007,0x00000923,0x0000091b,0x00000922,0x00050050,0x0000036a,0x00000924,
	0x00000911,0x00000911,0x000600a9,0x00000007,0x00000925,0x00000924,0x00000914,0x00000923,
	0x0003003e,0x0000086d,0x00000925,0x000500ab,0x000000d3,0x00000927,0x00001407,0x00000090,
	0x00050041,0x00000009,0x00000928,0x0000086d,0x0000008d,0x0004003d,0x00000006,0x00000929,
	0x00000928,0x00050041,0x00000009,0x0000092a,0x0000086d,0x00000090,0x0004003d,0x00000006,
	0x0000092b,0x0000092a,0x000600a9,0x00000006,0x0000092c,0x00000927,0x00000929,0x0000092b,
	0x000500aa,0x000000d3,0x00000992,0x000006a1,0x0000008d,0x000300f7,0x000009b6,0x00000000,
	0x000400fa,0x00000992,0x00000993,0x0000099b,0x000200f8,0x0000099b,0x000500aa,0x000000d3,
	0x0000099d,0x000006a1,0x00000176,0x000300f7,0x000009b5,0x00000000,0x000400fa,0x0000099d,
	0x0000099e,0x000009ab,0x000200f8,0x000009ab,0x000500aa,0x000000d3,0x000009ad,0x000006a1,
	0x000000aa,0x000300f7,0x000009b4,0x00000000,0x000400fa,0x000009ad,0x000009ae,0x000009b4,
	0x000200f8,0x000009ae,0x000500c4,0x00000006,0x000009b0,0x0000092c,0x00000114,0x000500c2,
	0x00000006,0x000009b2,0x0000092c,0x00000114,0x000500c5,0x00000006,0x000009b3,0x000009b0,
	0x000009b2,0x000200f9,0x000009b4,0x000200f8,0x000009b4,0x000700f5,0x00000006,0x0000140a,
	0x0000092c,0x000009ab,0x000009b3,0x000009ae,0x000200f9,0x000009b5,0x000200f8,0x0000099e,
	0x000500c7,0x00000006,0x000009a0,0x0000092c,0x000003ff,0x000500c4,0x00000006,0x000009a1,
	0x000009a0,0x00000172,0x000500c7,0x00000006,0x000009a3,0x0000092c,0x00000403,0x000500c2,
	0x00000006,0x000009a4,0x000009a3,0x00000172,0x000500c5,0x00000006,0x000009a5,0x000009a1,
	0x000009a4,0x000500c4,0x00000006,0x000009a7,0x000009a5,0x00000114,0x000500c2,0x00000006,
	0x000009a9,0x000009a5,0x00000114,0x000500c5,0x00000006,0x000009aa,0x000009a7,0x000009a9,
	0x000200f9,0x000009b5,0x000200f8,0x000009b5,0x000700f5,0x00000006,0x00001409,0x000009aa,
	0x0000099e,0x0000140a,0x000009b4,0x000200f9,0x000009b6,0x000200f8,0x00000993,0x000500c7,
	0x00000006,0x00000995,0x0000092c,0x000003ff,0x000500c4,0x00000006,0x00000996,0x00000995,
	0x00000172,0x000500c7,0x00000006,0x00000998,0x0000092c,0x00000403,0x000500c2,0x00000006,
	0x00000999,0x00000998,0x00000172,0x000500c5,0x00000006,0x0000099a,0x00000996,0x00000999,
	0x000200f9,0x000009b6,0x000200f8,0x000009b6,0x000700f5,0x00000006,0x00001408,0x0000099a,
	0x00000993,0x00001409,0x000009b5,0x000500c2,0x0000005a,0x000009c4,0x00001382,0x0000038f,
	0x00060041,0x0000042e,0x000009c7,0x0000042b,0x0000033e,0x000009c4,0x0003003e,0x000009c7,
	0x00001408,0x00050041,0x00000435,0x000009c8,0x00000433,0x00000434,0x0004003d,0x00000006,
	0x000009c9,0x000009c8,0x000500c7,0x00000006,0x000009ca,0x000009c9,0x00000125,0x000500aa,
	0x000000d3,0x00000a00,0x000009ca,0x0000008d,0x000300f7,0x00000a24,0x00000000,0x000400fa,
	0x00000a00,0x00000a01,0x00000a09,0x000200f8,0x00000a09,0x000500aa,0x000000d3,0x00000a0b,
	0x000009ca,0x00000176,0x000300f7,0x00000a23,0x00000000,0x000400fa,0x00000a0b,0x00000a0c,
	0x00000a19,0x000200f8,0x00000a19,0x000500aa,0x000000d3,0x00000a1b,0x000009ca,0x000000aa,
	0x000300f7,0x00000a22,0x00000000,0x000400fa,0x00000a1b,0x00000a1c,0x00000a22,0x000200f8,
	0x00000a1c,0x000500c4,0x00000006,0x00000a1e,0x00001408,0x00000114,0x000500c2,0x00000006,
	0x00000a20,0x00001408,0x00000114,0x000500c5,0x00000006,0x00000a21,0x00000a1e,0x00000a20,
	0x000200f9,0x00000a22,0x000200f8,0x00000a22,0x000700f5,0x00000006,0x00001412,0x00001408,
	0x00000a19,0x00000a21,0x00000a1c,0x000200f9,0x00000a23,0x000200f8,0x00000a0c,0x000500c7,
	0x00000006,0x00000a0e,0x00001408,0x000003ff,0x000500c4,0x00000006,0x00000a0f,0x00000a0e,
	0x00000172,0x000500c7,0x00000006,0x00000a11,0x00001408,0x00000403,0x000500c2,0x00000006,
	0x00000a12,0x00000a11,0x00000172,0x000500c5,0x00000006,0x00000a13,0x00000a0f,0x00000a12,
	0x000500c4,0x00000006,0x00000a15,0x00000a13,0x00000114,0x000500c2,0x00000006,0x00000a17,
	0x00000a13,0x00000114,0x000500c5,0x00000006,0x00000a18,0x00000a15,0x00000a17,0x000200f9,
	0x00000a23,0x000200f8,0x00000a23,0x000700f5,0x00000006,0x00001411,0x00000a18,0x00000a0c,
	0x00001412,0x00000a22,0x000200f9,0x00000a24,0x000200f8,0x00000a01,0x000500c7,0x00000006,
	0x00000a03,0x00001408,0x000003ff,0x000500c4,0x00000006,0x00000a04,0x00000a03,0x00000172,
	0x000500c7,0x00000006,0x00000a06,0x00001408,0x00000403,0x000500c2,0x00000006,0x00000a07,
	0x00000a06,0x00000172,0x000500c5,0x00000006,0x00000a08,0x00000a04,0x00000a07,0x000200f9,
	0x00000a24,0x000200f8,0x00000a24,0x000700f5,0x00000006,0x00001410,0x00000a08,0x00000a01,
	0x00001411,0x00000a23,0x00050041,0x00000435,0x000009cd,0x00000433,0x00000434,0x0004003d,
	0x00000006,0x000009ce,0x000009cd,0x000500c2,0x00000006,0x000009cf,0x000009ce,0x000000aa,
	0x000500c7,0x00000006,0x000009d0,0x000009cf,0x000000aa,0x000500aa,0x000000d3,0x000009d2,
	0x000009d0,0x0000008d,0x000300f7,0x000009e6,0x00000000,0x000400fa,0x000009d2,0x000009d3,
	0x000009dd,0x000200f8,0x000009dd,0x000500aa,0x000000d3,0x000009df,0x000009d0,0x00000176,
	0x000300f7,0x000009e5,0x00000000,0x000400fa,0x000009df,0x000009e0,0x000009e5,0x000200f8,
	0x000009e0,0x000500c2,0x00000006,0x000009e2,0x00001410,0x00000172,0x000500c7,0x00000006,
	0x00000a2c,0x000009e2,0x000000c7,0x000500c7,0x00000006,0x00000a2e,0x000009e2,0x000000cc,
	0x000500c2,0x00000006,0x00000a30,0x00000a2c,0x000000d0,0x000500aa,0x000000d3,0x00000a32,
	0x00000a30,0x00000090,0x000500ab,0x000000d3,0x00000a34,0x00000a2e,0x00000090,0x000500a7,
	0x000000d3,0x00000a35,0x00000a32,0x00000a34,0x000300f7,0x00000a43,0x00000000,0x000400fa,
	0x00000a35,0x00000a36,0x00000a43,0x000200f8,0x00000a36,0x0006000c,0x00000006,0x00000a38,
	0x00000001,0x0000004b,0x00000a2e,0x00050082,0x00000006,0x00000a3a,0x000000d0,0x00000a38,
	0x0004007c,0x0000005a,0x00000a3c,0x00000a3a,0x00050082,0x0000005a,0x00000a3d,0x000000e0,
	0x00000a3c,0x0004007c,0x00000006,0x00000a3e,0x00000a3d,0x000500c4,0x00000006,0x00000a41,
	0x00000a2e,0x00000a3a,0x000500c7,0x00000006,0x00000a42,0x00000a41,0x000000cc,0x000200f9,
	0x00000a43,0x000200f8,0x00000a43,0x000700f5,0x00000006,0x00001414,0x00000a2e,0x000009e0,
	0x00000a42,0x00000a36,0x000700f5,0x00000006,0x00001413,0x00000a30,0x000009e0,0x00000a3e,
	0x00000a36,0x000500ab,0x000000d3,0x00000a45,0x00000a2c,0x00000090,0x00050080,0x00000006,
	0x00000a47,0x00001413,0x000000ec,0x000500c4,0x00000006,0x00000a48,0x00000a47,0x000000bb,
	0x000500c4,0x00000006,0x00000a4a,0x00001414,0x000000aa,0x000500c5,0x00000006,0x00000a4b,
	0x00000a48,0x00000a4a,0x0004007c,0x00000025,0x00000a4c,0x00000a4b,0x000600a9,0x00000025,
	0x00000a4d,0x00000a45,0x00000a4c,0x000000f3,0x0004007c,0x00000006,0x000009e4,0x00000a4d,
	0x000200f9,0x000009e5,0x000200f8,0x000009e5,0x000700f5,0x00000006,0x00001416,0x00001410,
	0x000009dd,0x000009e4,0x00000a43,0x000200f9,0x000009e6,0x000200f8,0x000009d3,0x000500c2,
	0x00000006,0x000009d5,0x00001410,0x00000172,0x000500c2,0x00000006,0x000009d8,0x000009d5,
	0x000000bb,0x00050080,0x00000006,0x000009d9,0x000009d5,0x000009d8,0x00040070,0x00000025,
	0x000009da,0x000009d9,0x00050085,0x00000025,0x000009db,0x000009da,0x0000044e,0x0004007c,
	0x00000006,0x000009dc,0x000009db,0x000200f9,0x000009e6,0x000200f8,0x000009e6,0x000700f5,
	0x00000006,0x00001415,0x000009dc,0x000009d3,0x00001416,0x000009e5,0x0004003d,0x0000045c,
	0x000009e7,0x0000045e,0x00040068,0x00000007,0x000009e8,0x000009e7,0x0003003e,0x000009bf,
	0x000009e8,0x00050041,0x00000009,0x000009e9,0x000009bf,0x00000090,0x0004003d,0x00000006,
	0x000009ea,0x000009e9,0x00050041,0x00000009,0x000009eb,0x000009c0,0x00000090,0x0003003e,
	0x000009eb,0x000009ea,0x00050041,0x00000009,0x000009ec,0x000009bf,0x0000008d,0x0004003d,
	0x00000006,0x000009ed,0x000009ec,0x00050041,0x00000009,0x000009ee,0x000009c0,0x0000008d,
	0x0003003e,0x000009ee,0x000009ed,0x00050041,0x00000435,0x000009f0,0x00000433,0x000003b3,
	0x0004003d,0x00000006,0x000009f1,0x000009f0,0x00050050,0x00000007,0x000009f2,0x00000090,
	0x000009f1,0x00050080,0x00000007,0x000009f3,0x00000680,0x000009f2,0x0004003d,0x00000007,
	0x000009f5,0x000009c0,0x000500b0,0x0000036a,0x000009f6,0x000009f3,0x000009f5,0x0004009b,
	0x000000d3,0x000009f7,0x000009f6,0x000300f7,0x000009fc,0x00000000,0x000400fa,0x000009f7,
	0x000009f8,0x000009fc,0x000200f8,0x000009f8,0x0004003d,0x0000045c,0x000009f9,0x0000045e,
	0x00040063,0x000009f9,0x000009f3,0x00001415,0x000200f9,0x000009fc,0x000200f8,0x000009fc,
	0x000200f9,0x00000763,0x000200f8,0x000006de,0x0003003e,0x00000642,0x0000021f,0x00050041,
	0x00000435,0x000006df,0x00000433,0x0000038f,0x0004003d,0x00000006,0x000006e0,0x000006df,
	0x000500c2,0x00000006,0x00000a51,0x000006e0,0x000000bb,0x000500c7,0x00000006,0x00000a52,
	0x00000a51,0x000000bd,0x000200f9,0x000006e2,0x000200f8,0x000006e2,0x000700f5,0x00000006,
	0x0000137c,0x00000090,0x000006de,0x000006f2,0x000006f0,0x000400f6,0x000006f3,0x000006f0,
	0x00000000,0x000200f9,0x000006e3,0x000200f8,0x000006e3,0x000500b0,0x000000d3,0x000006e6,
	0x0000137c,0x0000137e,0x000400fa,0x000006e6,0x000006e7,0x000006f3,0x000200f8,0x000006e7,
	0x00050080,0x00000006,0x000006ea,0x000013c7,0x0000137c,0x0004003d,0x00000007,0x000006eb,
	0x00000625,0x00050041,0x00000435,0x00000a8d,0x00000433,0x0000038f,0x0004003d,0x00000006,
	0x00000a8e,0x00000a8d,0x0003003e,0x00000a79,0x000006eb,0x00050041,0x00000435,0x00000a92,
	0x00000433,0x000003a7,0x0004003d,0x00000006,0x00000a93,0x00000a92,0x000500c2,0x00000006,
	0x00000b85,0x00000a8e,0x000000a8,0x000500c7,0x00000006,0x00000b86,0x00000b85,0x000000aa,
	0x000500ae,0x000000d3,0x00000ac8,0x00000b86,0x00000176,0x000600a9,0x00000006,0x00000ac9,
	0x00000ac8,0x0000008d,0x00000090,0x000500ae,0x000000d3,0x00000acb,0x00000b86,0x0000008d,
	0x000600a9,0x00000006,0x00000acc,0x00000acb,0x0000008d,0x00000090,0x00050041,0x00000009,
	0x00000acd,0x00000a79,0x00000090,0x0004003d,0x00000006,0x00000ace,0x00000acd,0x000500c4,
	0x00000006,0x00000ad0,0x00000ace,0x00000ac9,0x000500ae,0x000000d3,0x00000ad2,0x00000b86,
	0x00000176,0x000500c7,0x00000006,0x00000ad4,0x000006ea,0x0000008d,0x000600a9,0x00000006,
	0x00000ad5,0x00000ad2,0x00000ad4,0x00000090,0x00050080,0x00000006,0x00000ad6,0x00000ad0,
	0x00000ad5,0x00050041,0x00000009,0x00000ad7,0x00000a79,0x0000008d,0x0004003d,0x00000006,
	0x00000ad8,0x00000ad7,0x000500c4,0x00000006,0x00000ada,0x00000ad8,0x00000acc,0x000500ae,
	0x000000d3,0x00000adc,0x00000b86,0x00000176,0x000500c2,0x00000006,0x00000ade,0x000006ea,
	0x0000008d,0x000500aa,0x000000d3,0x00000ae0,0x00000b86,0x0000008d,0x000600a9,0x00000006,
	0x00000ae2,0x00000ae0,0x000006ea,0x00000090,0x000600a9,0x00000006,0x00000ae3,0x00000adc,
	0x00000ade,0x00000ae2,0x00050080,0x00000006,0x00000ae4,0x00000ada,0x00000ae3,0x000500c2,
	0x00000006,0x00000b8a,0x00000a8e,0x000000af,0x000500c7,0x00000006,0x00000b8b,0x00000b8a,
	0x0000008d,0x000500ab,0x000000d3,0x00000ae7,0x00000b8b,0x00000090,0x00050084,0x00000006,
	0x00000ae9,0x00000ad6,0x00000176,0x000600a9,0x00000006,0x00000aed,0x00000ae7,0x00000ae9,
	0x00000ad6,0x00050086,0x00000006,0x00000aef,0x00000aed,0x000002ad,0x00050089,0x00000006,
	0x00000af1,0x00000aed,0x000002ad,0x000500c2,0x00000006,0x00000af3,0x00000ae4,0x000002b4,
	0x000500c7,0x00000006,0x00000af5,0x00000ae4,0x000000bd,0x000500c7,0x00000006,0x00000b8f,
	0x00000a8e,0x0000009c,0x000500c2,0x00000006,0x00000b93,0x00000a8e,0x000000a1,0x000500c7,
	0x00000006,0x00000b94,0x00000b93,0x000000a3,0x000500c2,0x00000006,0x00000b98,0x00000a8e,
	0x000000af,0x000500c7,0x00000006,0x00000b99,0x00000b98,0x0000008d,0x000500c4,0x00000006,
	0x00000afd,0x00000b94,0x00000b99,0x00050084,0x00000006,0x00000afe,0x00000af3,0x00000afd,
	0x00050080,0x00000006,0x00000aff,0x00000b8f,0x00000afe,0x00050080,0x00000006,0x00000b01,
	0x00000aff,0x00000aef,0x000500c7,0x00000006,0x00000b02,0x00000b01,0x0000009c,0x000500c7,
	0x00000006,0x00000b9d,0x00000a93,0x0000009c,0x00050082,0x00000006,0x00000b06,0x00000b02,
	0x00000b9d,0x000500c7,0x00000006,0x00000b07,0x00000b06,0x0000009c,0x000500c2,0x00000006,
	0x00000ba1,0x00000a93,0x000000a1,0x000500c7,0x00000006,0x00000ba2,0x00000ba1,0x000000a3,
	0x000500c2,0x00000006,0x00000ba6,0x00000a93,0x000000af,0x000500c7,0x00000006,0x00000ba7,
	0x00000ba6,0x0000008d,0x000500c4,0x00000006,0x00000b0c,0x00000ba2,0x00000ba7,0x00050089,
	0x00000006,0x00000b0f,0x00000b07,0x00000b0c,0x00050086,0x00000006,0x00000b12,0x00000b07,
	0x00000b0c,0x000500c2,0x00000006,0x00000bab,0x00000a93,0x000000b5,0x000500c7,0x00000006,
	0x00000bac,0x00000bab,0x0000008d,0x000500c2,0x00000006,0x00000bb0,0x00000a8e,0x000000b5,
	0x000500c7,0x00000006,0x00000bb1,0x00000bb0,0x0000008d,0x000500ab,0x000000d3,0x00000b17,
	0x00000bac,0x00000bb1,0x000300f7,0x00000b1c,0x00000000,0x000400fa,0x00000b17,0x00000b18,
	0x00000b1c,0x000200f8,0x00000b18,0x00050080,0x00000006,0x00000b1a,0x00000af1,0x000002eb,
	0x00050089,0x00000006,0x00000b1b,0x00000b1a,0x000002ad,0x000200f9,0x00000b1c,0x000200f8,
	0x00000b1c,0x000700f5,0x00000006,0x000013c8,0x00000af1,0x000006e7,0x00000b1b,0x00000b18,
	0x000500c2,0x00000006,0x00000bb5,0x00000a93,0x000000a8,0x000500c7,0x00000006,0x00000bb6,
	0x00000bb5,0x000000aa,0x00050084,0x00000006,0x00000b20,0x00000b0f,0x000002ad,0x00050080,
	0x00000006,0x00000b22,0x00000b20,0x000013c8,0x000500c2,0x00000006,0x00000bba,0x00000a93,
	0x000000af,0x000500c7,0x00000006,0x00000bbb,0x00000bba,0x0000008d,0x000500ab,0x000000d3,
	0x00000b25,0x00000bbb,0x00000090,0x000300f7,0x00000b2b,0x00000000,0x000400fa,0x00000b25,
	0x00000b26,0x00000b2b,0x000200f8,0x00000b26,0x000500c7,0x00000006,0x00000b28,0x00000b22,
	0x0000008d,0x000500c2,0x00000006,0x00000b2a,0x00000b22,0x0000008d,0x000200f9,0x00000b2b,
	0x000200f8,0x00000b2b,0x000700f5,0x00000006,0x000013d5,0x00000090,0x00000b1c,0x00000b28,
	0x00000b26,0x000700f5,0x00000006,0x000013c9,0x00000b22,0x00000b1c,0x00000b2a,0x00000b26,
	0x00050084,0x00000006,0x00000b2d,0x00000b12,0x00000114,0x00050080,0x00000006,0x00000b2f,
	0x00000b2d,0x00000af5,0x000500ae,0x000000d3,0x00000b31,0x00000bb6,0x00000176,0x000600a9,
	0x00000006,0x00000b32,0x00000b31,0x0000008d,0x00000090,0x000500ae,0x000000d3,0x00000b34,
	0x00000bb6,0x0000008d,0x000600a9,0x00000006,0x00000b35,0x00000b34,0x0000008d,0x00000090,
	0x000500c2,0x00000006,0x00000b38,0x000013c9,0x00000b32,0x0004007c,0x0000005a,0x00000b39,
	0x00000b38,0x000500c2,0x00000006,0x00000b3c,0x00000b2f,0x00000b35,0x0004007c,0x0000005a,
	0x00000b3d,0x00000b3c,0x00050050,0x0000030f,0x00000b3e,0x00000b39,0x00000b3d,0x0004007c,
	0x0000005a,0x00000b40,0x0000068c,0x00050050,0x0000030f,0x00000b41,0x00000b40,0x00000b40,
	0x00050084,0x0000030f,0x00000b42,0x00000b3e,0x00000b41,0x0004007c,0x0000030f,0x00000b44,
	0x0000137b,0x00050080,0x0000030f,0x00000b45,0x00000b42,0x00000b44,0x000200f9,0x00000bdd,
	0x000200f8,0x00000bdd,0x0004003d,0x00000339,0x00000b54,0x0000033b,0x00050051,0x0000005a,
	0x00000b56,0x00000b45,0x00000000,0x00050051,0x0000005a,0x00000b57,0x00000b45,0x00000001,
	0x00060050,0x0000033f,0x00000b58,0x00000b56,0x00000b57,0x0000033e,0x0007004f,0x0000030f,
	0x00000b59,0x00000b58,0x00000b58,0x00000000,0x00000001,0x0007005f,0x00000336,0x00000b5f,
	0x00000b54,0x00000b59,0x00000002,0x0000033e,0x0003003e,0x00000abe,0x00000b5f,0x000500c2,
	0x00000006,0x00000be2,0x00000a93,0x000000bb,0x000500c7,0x00000006,0x00000be3,0x00000be2,
	0x000000bd,0x000500aa,0x000000d3,0x00000b63,0x00000be3,0x00000351,0x000500aa,0x000000d3,
	0x00000b65,0x00000be3,0x000000bd,0x000500a6,0x000000d3,0x00000b66,0x00000b63,0x00000b65,
	0x0007004f,0x00000007,0x00000b69,0x00000b5f,0x00000b5f,0x00000000,0x00000001,0x00050041,
	0x00000009,0x00000b6a,0x00000abe,0x00000090,0x0004003d,0x00000006,0x00000b6b,0x00000b6a,
	0x000500c7,0x00000006,0x00000b6c,0x00000b6b,0x0000035c,0x00050041,0x00000009,0x00000b6d,
	0x00000abe,0x0000008d,0x0004003d,0x00000006,0x00000b6e,0x00000b6d,0x000500c4,0x00000006,
	0x00000b6f,0x00000b6e,0x00000114,0x000500c5,0x00000006,0x00000b70,0x00000b6c,0x00000b6f,
	0x00050041,0x00000009,0x00000b71,0x00000abe,0x00000176,0x0004003d,0x00000006,0x00000b72,
	0x00000b71,0x000500c7,0x00000006,0x00000b73,0x00000b72,0x0000035c,0x00050041,0x00000009,
	0x00000b74,0x00000abe,0x000000aa,0x0004003d,0x00000006,0x00000b75,0x00000b74,0x000500c4,
	0x00000006,0x00000b76,0x00000b75,0x00000114,0x000500c5,0x00000006,0x00000b77,0x00000b73,
	0x00000b76,0x00050050,0x00000007,0x00000b78,0x00000b70,0x00000b77,0x00050050,0x0000036a,
	0x00000b79,0x00000b66,0x00000b66,0x000600a9,0x00000007,0x00000b7a,0x00000b79,0x00000b69,
	0x00000b78,0x0003003e,0x00000ac2,0x00000b7a,0x000500ab,0x000000d3,0x00000b7c,0x000013d5,
	0x00000090,0x00050041,0x00000009,0x00000b7d,0x00000ac2,0x0000008d,0x0004003d,0x00000006,
	0x00000b7e,0x00000b7d,0x00050041,0x00000009,0x00000b7f,0x00000ac2,0x00000090,0x0004003d,
	0x00000006,0x00000b80,0x00000b7f,0x000600a9,0x00000006,0x00000b81,0x00000b7c,0x00000b7e,
	0x00000b80,0x00050041,0x00000435,0x00000a65,0x00000433,0x0000038f,0x0004003d,0x00000006,
	0x00000a66,0x00000a65,0x000500c2,0x00000006,0x00000be7,0x00000a66,0x000000af,0x000500c7,
	0x00000006,0x00000be8,0x00000be7,0x0000008d,0x000500ab,0x000000d3,0x00000a68,0x00000be8,
	0x00000090,0x000300f7,0x00000a75,0x00000002,0x000400fa,0x00000a68,0x00000a69,0x00000a71,
	0x000200f8,0x00000a71,0x000200f9,0x00000dc7,0x000200f8,0x00000dc7,0x000300f7,0x00000e13,
	0x00000000,0x001500fb,0x00000a52,0x00000dc9,0x00000000,0x00000dca,0x00000001,0x00000dca,
	0x00000002,0x00000ddb,0x0000000a,0x00000ddb,0x00000003,0x00000df1,0x0000000c,0x00000df1,
	0x0000000e,0x00000dff,0x00000004,0x00000e03,0x00000006,0x00000e0a,0x000200f8,0x00000e0a,
	0x0006000c,0x00000216,0x00000e0c,0x00000001,0x0000003e,0x00000b81,0x00050051,0x00000025,
	0x00000e0d,0x00000e0c,0x00000000,0x000500c2,0x00000006,0x00000e0f,0x00000b81,0x00000114,
	0x0006000c,0x00000216,0x00000e10,0x00000001,0x0000003e,0x00000e0f,0x00050051,0x00000025,
	0x00000e11,0x00000e10,0x00000000,0x00070050,0x0000003a,0x00000e12,0x00000e0d,0x00000e11,
	0x000000f3,0x000000f3,0x000200f9,0x00000e13,0x000200f8,0x00000e03,0x000500c4,0x00000006,
	0x00000e93,0x00000b81,0x00000114,0x0004007c,0x0000005a,0x00000e94,0x00000e93,0x000500c3,
	0x0000005a,0x00000e95,0x00000e94,0x0000014b,0x0004006f,0x00000025,0x00000e96,0x00000e95,
	0x00050085,0x00000025,0x00000e97,0x00000e96,0x0000014e,0x0007000c,0x00000025,0x00000e98,
	0x00000001,0x00000028,0x00000e97,0x00000150,0x00050085,0x00000025,0x00000e9a,0x00000e98,
	0x00000687,0x000500c2,0x00000006,0x00000e07,0x00000b81,0x00000114,0x000500c4,0x00000006,
	0x00000e9e,0x00000e07,0x00000114,0x0004007c,0x0000005a,0x00000e9f,0x00000e9e,0x000500c3,
	0x0000005a,0x00000ea0,0x00000e9f,0x0000014b,0x0004006f,0x00000025,0x00000ea1,0x00000ea0,
	0x00050085,0x00000025,0x00000ea2,0x00000ea1,0x0000014e,0x0007000c,0x00000025,0x00000ea3,
	0x00000001,0x00000028,0x00000ea2,0x00000150,0x00050085,0x00000025,0x00000ea5,0x00000ea3,
	0x00000687,0x00070050,0x0000003a,0x00000e09,0x00000e9a,0x00000ea5,0x000000f3,0x000000f3,
	0x000200f9,0x00000e13,0x000200f8,0x00000dff,0x0004007c,0x00000025,0x00000e01,0x00000b81,
	0x00070050,0x0000003a,0x00000e02,0x00000e01,0x000000f3,0x000000f3,0x000000f3,0x000200f9,
	0x00000e13,0x000200f8,0x00000df1,0x000500c7,0x00000006,0x00000e1e,0x00000b81,0x00000119,
	0x000500c7,0x00000006,0x00000e20,0x00000b81,0x00000121,0x000500c2,0x00000006,0x00000e22,
	0x00000e1e,0x00000125,0x000500aa,0x000000d3,0x00000e24,0x00000e22,0x00000090,0x000500ab,
	0x000000d3,0x00000e26,0x00000e20,0x00000090,0x000500a7,0x000000d3,0x00000e27,0x00000e24,
	0x00000e26,0x000300f7,0x00000e35,0x00000000,0x000400fa,0x00000e27,0x00000e28,0x00000e35,
	0x000200f8,0x00000e28,0x0006000c,0x00000006,0x00000e2a,0x00000001,0x0000004b,0x00000e20,
	0x00050082,0x00000006,0x00000e2c,0x00000125,0x00000e2a,0x0004007c,0x0000005a,0x00000e2e,
	0x00000e2c,0x00050082,0x0000005a,0x00000e2f,0x000000e0,0x00000e2e,0x0004007c,0x00000006,
	0x00000e30,0x00000e2f,0x000500c4,0x00000006,0x00000e33,0x00000e20,0x00000e2c,0x000500c7,
	0x00000006,0x00000e34,0x00000e33,0x00000121,0x000200f9,0x00000e35,0x000200f8,0x00000e35,
	0x000700f5,0x00000006,0x000013dd,0x00000e20,0x00000df1,0x00000e34,0x00000e28,0x000700f5,
	0x00000006,0x000013dc,0x00000e22,0x00000df1,0x00000e30,0x00000e28,0x000500ab,0x000000d3,
	0x00000e37,0x00000e1e,0x00000090,0x00050080,0x00000006,0x00000e39,0x000013dc,0x0000013e,
	0x000500c4,0x00000006,0x00000e3a,0x00000e39,0x000000bb,0x000500c4,0x00000006,0x00000e3c,
	0x000013dd,0x00000114,0x000500c5,0x00000006,0x00000e3d,0x00000e3a,0x00000e3c,0x0004007c,
	0x00000025,0x00000e3e,0x00000e3d,0x000600a9,0x00000025,0x00000e3f,0x00000e37,0x00000e3e,
	0x000000f3,0x000500c2,0x00000006,0x00000df5,0x00000b81,0x00000190,0x000500c7,0x00000006,
	0x00000e46,0x00000df5,0x00000119,0x000500c7,0x00000006,0x00000e48,0x00000df5,0x00000121,
	0x000500c2,0x00000006,0x00000e4a,0x00000e46,0x00000125,0x000500aa,0x000000d3,0x00000e4c,
	0x00000e4a,0x00000090,0x000500ab,0x000000d3,0x00000e4e,0x00000e48,0x00000090,0x000500a7,
	0x000000d3,0x00000e4f,0x00000e4c,0x00000e4e,0x000300f7,0x00000e5d,0x00000000,0x000400fa,
	0x00000e4f,0x00000e50,0x00000e5d,0x000200f8,0x00000e50,0x0006000c,0x00000006,0x00000e52,
	0x00000001,0x0000004b,0x00000e48,0x00050082,0x00000006,0x00000e54,0x00000125,0x00000e52,
	0x0004007c,0x0000005a,0x00000e56,0x00000e54,0x00050082,0x0000005a,0x00000e57,0x000000e0,
	0x00000e56,0x0004007c,0x00000006,0x00000e58,0x00000e57,0x000500c4,0x00000006,0x00000e5b,
	0x00000e48,0x00000e54,0x000500c7,0x00000006,0x00000e5c,0x00000e5b,0x00000121,0x000200f9,
	0x00000e5d,0x000200f8,0x00000e5d,0x000700f5,0x00000006,0x000013df,0x00000e48,0x00000e35,
	0x00000e5c,0x00000e50,0x000700f5,0x00000006,0x000013de,0x00000e4a,0x00000e35,0x00000e58,
	0x00000e50,0x000500ab,0x000000d3,0x00000e5f,0x00000e46,0x00000090,0x00050080,0x00000006,
	0x00000e61,0x000013de,0x0000013e,0x000500c4,0x00000006,0x00000e62,0x00000e61,0x000000bb,
	0x000500c4,0x00000006,0x00000e64,0x000013df,0x00000114,0x000500c5,0x00000006,0x00000e65,
	0x00000e62,0x00000e64,0x0004007c,0x00000025,0x00000e66,0x00000e65,0x000600a9,0x00000025,
	0x00000e67,0x00000e5f,0x00000e66,0x000000f3,0x000500c2,0x00000006,0x00000df8,0x00000b81,
	0x000000d0,0x000500c7,0x00000006,0x00000e6e,0x00000df8,0x00000119,0x000500c7,0x00000006,
	0x00000e70,0x00000df8,0x00000121,0x000500c2,0x00000006,0x00000e72,0x00000e6e,0x00000125,
	0x000500aa,0x000000d3,0x00000e74,0x00000e72,0x00000090,0x000500ab,0x000000d3,0x00000e76,
	0x00000e70,0x00000090,0x000500a7,0x000000d3,0x00000e77,0x00000e74,0x00000e76,0x000300f7,
	0x00000e85,0x00000000,0x000400fa,0x00000e77,0x00000e78,0x00000e85,0x000200f8,0x00000e78,
	0x0006000c,0x00000006,0x00000e7a,0x00000001,0x0000004b,0x00000e70,0x00050082,0x00000006,
	0x00000e7c,0x00000125,0x00000e7a,0x0004007c,0x0000005a,0x00000e7e,0x00000e7c,0x00050082,
	0x0000005a,0x00000e7f,0x000000e0,0x00000e7e,0x0004007c,0x00000006,0x00000e80,0x00000e7f,
	0x000500c4,0x00000006,0x00000e83,0x00000e70,0x00000e7c,0x000500c7,0x00000006,0x00000e84,
	0x00000e83,0x00000121,0x000200f9,0x00000e85,0x000200f8,0x00000e85,0x000700f5,0x00000006,
	0x000013e1,0x00000e70,0x00000e5d,0x00000e84,0x00000e78,0x000700f5,0x00000006,0x000013e0,
	0x00000e72,0x00000e5d,0x00000e80,0x00000e78,0x000500ab,0x000000d3,0x00000e87,0x00000e6e,
	0x00000090,0x00050080,0x00000006,0x00000e89,0x000013e0,0x0000013e,0x000500c4,0x00000006,
	0x00000e8a,0x00000e89,0x000000bb,0x000500c4,0x00000006,0x00000e8c,0x000013e1,0x00000114,
	0x000500c5,0x00000006,0x00000e8d,0x00000e8a,0x00000e8c,0x0004007c,0x00000025,0x00000e8e,
	0x00000e8d,0x000600a9,0x00000025,0x00000e8f,0x00000e87,0x00000e8e,0x000000f3,0x000500c2,
	0x00000006,0x00000dfb,0x00000b81,0x000001a0,0x00040070,0x00000025,0x00000dfc,0x00000dfb,
	0x00050085,0x00000025,0x00000dfd,0x00000dfc,0x000001f0,0x00070050,0x0000003a,0x00000dfe,
	0x00000e3f,0x00000e67,0x00000e8f,0x00000dfd,0x000200f9,0x00000e13,0x000200f8,0x00000ddb,
	0x000500c7,0x00000006,0x00000ddd,0x00000b81,0x00000119,0x00040070,0x00000025,0x00000dde,
	0x00000ddd,0x000500c2,0x00000006,0x00000de0,0x00000b81,0x00000190,0x000500c7,0x00000006,
	0x00000de1,0x00000de0,0x00000119,0x00040070,0x00000025,0x00000de2,0x00000de1,0x000500c2,
	0x00000006,0x00000de4,0x00000b81,0x000000d0,0x000500c7,0x00000006,0x00000de5,0x00000de4,
	0x00000119,0x00040070,0x00000025,0x00000de6,0x00000de5,0x00060050,0x000001e9,0x00000de7,
	0x00000dde,0x00000de2,0x00000de6,0x0005008e,0x000001e9,0x00000de8,0x00000de7,0x000001eb,
	0x000500c2,0x00000006,0x00000dea,0x00000b81,0x000001a0,0x00040070,0x00000025,0x00000deb,
	0x00000dea,0x00050085,0x00000025,0x00000dec,0x00000deb,0x000001f0,0x00050051,0x00000025,
	0x00000ded,0x00000de8,0x00000000,0x00050051,0x00000025,0x00000dee,0x00000de8,0x00000001,
	0x00050051,0x00000025,0x00000def,0x00000de8,0x00000002,0x00070050,0x0000003a,0x00000df0,
	0x00000ded,0x00000dee,0x00000def,0x00000dec,0x000200f9,0x00000e13,0x000200f8,0x00000dca,
	0x000500c7,0x00000006,0x00000dcc,0x00000b81,0x000000a3,0x00040070,0x00000025,0x00000dcd,
	0x00000dcc,0x000500c2,0x00000006,0x00000dcf,0x00000b81,0x00000172,0x000500c7,0x00000006,
	0x00000dd0,0x00000dcf,0x000000a3,0x00040070,0x00000025,0x00000dd1,0x00000dd0,0x000500c2,
	0x00000006,0x00000dd3,0x00000b81,0x00000114,0x000500c7,0x00000006,0x00000dd4,0x00000dd3,
	0x000000a3,0x00040070,0x00000025,0x00000dd5,0x00000dd4,0x000500c2,0x00000006,0x00000dd7,
	0x00000b81,0x00000109,0x00040070,0x00000025,0x00000dd8,0x00000dd7,0x00070050,0x0000003a,
	0x00000dd9,0x00000dcd,0x00000dd1,0x00000dd5,0x00000dd8,0x0005008e,0x0000003a,0x00000dda,
	0x00000dd9,0x000001db,0x000200f9,0x00000e13,0x000200f8,0x00000dc9,0x000200f9,0x00000e13,
	0x000200f8,0x00000e13,0x001100f5,0x0000003a,0x000013e4,0x0000021f,0x00000dc9,0x00000dda,
	0x00000dca,0x00000df0,0x00000ddb,0x00000dfe,0x00000e85,0x00000e02,0x00000dff,0x00000e09,
	0x00000e03,0x00000e12,0x00000e0a,0x000200f9,0x00000e16,0x000200f8,0x00000e16,0x000200f9,
	0x00000a75,0x000200f8,0x00000a69,0x00050041,0x00000435,0x00000bff,0x00000433,0x0000038f,
	0x0004003d,0x00000006,0x00000c00,0x00000bff,0x0003003e,0x00000beb,0x000006eb,0x00050041,
	0x00000435,0x00000c04,0x00000433,0x000003a7,0x0004003d,0x00000006,0x00000c05,0x00000c04,
	0x000500c2,0x00000006,0x00000cf7,0x00000c00,0x000000a8,0x000500c7,0x00000006,0x00000cf8,
	0x00000cf7,0x000000aa,0x000500ae,0x000000d3,0x00000c3a,0x00000cf8,0x00000176,0x000600a9,
	0x00000006,0x00000c3b,0x00000c3a,0x0000008d,0x00000090,0x000500ae,0x000000d3,0x00000c3d,
	0x00000cf8,0x0000008d,0x000600a9,0x00000006,0x00000c3e,0x00000c3d,0x0000008d,0x00000090,
	0x00050041,0x00000009,0x00000c3f,0x00000beb,0x00000090,0x0004003d,0x00000006,0x00000c40,
	0x00000c3f,0x000500c4,0x00000006,0x00000c42,0x00000c40,0x00000c3b,0x000500ae,0x000000d3,
	0x00000c44,0x00000cf8,0x00000176,0x000500c7,0x00000006,0x00000c46,0x000006ea,0x0000008d,
	0x000600a9,0x00000006,0x00000c47,0x00000c44,0x00000c46,0x00000090,0x00050080,0x00000006,
	0x00000c48,0x00000c42,0x00000c47,0x00050041,0x00000009,0x00000c49,0x00000beb,0x0000008d,
	0x0004003d,0x00000006,0x00000c4a,0x00000c49,0x000500c4,0x00000006,0x00000c4c,0x00000c4a,
	0x00000c3e,0x000500ae,0x000000d3,0x00000c4e,0x00000cf8,0x00000176,0x000500c2,0x00000006,
	0x00000c50,0x000006ea,0x0000008d,0x000500aa,0x000000d3,0x00000c52,0x00000cf8,0x0000008d,
	0x000600a9,0x00000006,0x00000c54,0x00000c52,0x000006ea,0x00000090,0x000600a9,0x00000006,
	0x00000c55,0x00000c4e,0x00000c50,0x00000c54,0x00050080,0x00000006,0x00000c56,0x00000c4c,
	0x00000c55,0x000500c2,0x00000006,0x00000cfc,0x00000c00,0x000000af,0x000500c7,0x00000006,
	0x00000cfd,0x00000cfc,0x0000008d,0x000500ab,0x000000d3,0x00000c59,0x00000cfd,0x00000090,
	0x00050084,0x00000006,0x00000c5b,0x00000c48,0x00000176,0x00050080,0x00000006,0x00000c5d,
	0x00000c5b,0x0000008d,0x000600a9,0x00000006,0x00000c5f,0x00000c59,0x00000c5d,0x00000c48,
	0x00050086,0x00000006,0x00000c61,0x00000c5f,0x000002ad,0x00050089,0x00000006,0x00000c63,
	0x00000c5f,0x000002ad,0x000500c2,0x00000006,0x00000c65,0x00000c56,0x000002b4,0x000500c7,
	0x00000006,0x00000c67,0x00000c56,0x000000bd,0x000500c7,0x00000006,0x00000d01,0x00000c00,
	0x0000009c,0x000500c2,0x00000006,0x00000d05,0x00000c00,0x000000a1,0x000500c7,0x00000006,
	0x00000d06,0x00000d05,0x000000a3,0x000500c2,0x00000006,0x00000d0a,0x00000c00,0x000000af,
	0x000500c7,0x00000006,0x00000d0b,0x00000d0a,0x0000008d,0x000500c4,0x00000006,0x00000c6f,
	0x00000d06,0x00000d0b,0x00050084,0x00000006,0x00000c70,0x00000c65,0x00000c6f,0x00050080,
	0x00000006,0x00000c71,0x00000d01,0x00000c70,0x00050080,0x00000006,0x00000c73,0x00000c71,
	0x00000c61,0x000500c7,0x00000006,0x00000c74,0x00000c73,0x0000009c,0x000500c7,0x00000006,
	0x00000d0f,0x00000c05,0x0000009c,0x00050082,0x00000006,0x00000c78,0x00000c74,0x00000d0f,
	0x000500c7,0x00000006,0x00000c79,0x00000c78,0x0000009c,0x000500c2,0x00000006,0x00000d13,
	0x00000c05,0x000000a1,0x000500c7,0x00000006,0x00000d14,0x00000d13,0x000000a3,0x000500c2,
	0x00000006,0x00000d18,0x00000c05,0x000000af,0x000500c7,0x00000006,0x00000d19,0x00000d18,
	0x0000008d,0x000500c4,0x00000006,0x00000c7e,0x00000d14,0x00000d19,0x00050089,0x00000006,
	0x00000c81,0x00000c79,0x00000c7e,0x00050086,0x00000006,0x00000c84,0x00000c79,0x00000c7e,
	0x000500c2,0x00000006,0x00000d1d,0x00000c05,0x000000b5,0x000500c7,0x00000006,0x00000d1e,
	0x00000d1d,0x0000008d,0x000500c2,0x00000006,0x00000d22,0x00000c00,0x000000b5,0x000500c7,
	0x00000006,0x00000d23,0x00000d22,0x0000008d,0x000500ab,0x000000d3,0x00000c89,0x00000d1e,
	0x00000d23,0x000300f7,0x00000c8e,0x00000000,0x000400fa,0x00000c89,0x00000c8a,0x00000c8e,
	0x000200f8,0x00000c8a,0x00050080,0x00000006,0x00000c8c,0x00000c63,0x000002eb,0x00050089,
	0x00000006,0x00000c8d,0x00000c8c,0x000002ad,0x000200f9,0x00000c8e,0x000200f8,0x00000c8e,
	0x000700f5,0x00000006,0x000013e5,0x00000c63,0x00000a69,0x00000c8d,0x00000c8a,0x000500c2,
	0x00000006,0x00000d27,0x00000c05,0x000000a8,0x000500c7,0x00000006,0x00000d28,0x00000d27,
	0x000000aa,0x00050084,0x00000006,0x00000c92,0x00000c81,0x000002ad,0x00050080,0x00000006,
	0x00000c94,0x00000c92,0x000013e5,0x000500c2,0x00000006,0x00000d2c,0x00000c05,0x000000af,
	0x000500c7,0x00000006,0x00000d2d,0x00000d2c,0x0000008d,0x000500ab,0x000000d3,0x00000c97,
	0x00000d2d,0x00000090,0x000300f7,0x00000c9d,0x00000000,0x000400fa,0x00000c97,0x00000c98,
	0x00000c9d,0x000200f8,0x00000c98,0x000500c7,0x00000006,0x00000c9a,0x00000c94,0x0000008d,
	0x000500c2,0x00000006,0x00000c9c,0x00000c94,0x0000008d,0x000200f9,0x00000c9d,0x000200f8,
	0x00000c9d,0x000700f5,0x00000006,0x000013eb,0x00000090,0x00000c8e,0x00000c9a,0x00000c98,
	0x000700f5,0x00000006,0x000013e6,0x00000c94,0x00000c8e,0x00000c9c,0x00000c98,0x00050084,
	0x00000006,0x00000c9f,0x00000c84,0x00000114,0x00050080,0x00000006,0x00000ca1,0x00000c9f,
	0x00000c67,0x000500ae,0x000000d3,0x00000ca3,0x00000d28,0x00000176,0x000600a9,0x00000006,
	0x00000ca4,0x00000ca3,0x0000008d,0x00000090,0x000500ae,0x000000d3,0x00000ca6,0x00000d28,
	0x0000008d,0x000600a9,0x00000006,0x00000ca7,0x00000ca6,0x0000008d,0x00000090,0x000500c2,
	0x00000006,0x00000caa,0x000013e6,0x00000ca4,0x0004007c,0x0000005a,0x00000cab,0x00000caa,
	0x000500c2,0x00000006,0x00000cae,0x00000ca1,0x00000ca7,0x0004007c,0x0000005a,0x00000caf,
	0x00000cae,0x00050050,0x0000030f,0x00000cb0,0x00000cab,0x00000caf,0x0004007c,0x0000005a,
	0x00000cb2,0x0000068c,0x00050050,0x0000030f,0x00000cb3,0x00000cb2,0x00000cb2,0x00050084,
	0x0000030f,0x00000cb4,0x00000cb0,0x00000cb3,0x0004007c,0x0000030f,0x00000cb6,0x0000137b,
	0x00050080,0x0000030f,0x00000cb7,0x00000cb4,0x00000cb6,0x000200f9,0x00000d4f,0x000200f8,
	0x00000d4f,0x0004003d,0x00000339,0x00000cc6,0x0000033b,0x00050051,0x0000005a,0x00000cc8,
	0x00000cb7,0x00000000,0x00050051,0x0000005a,0x00000cc9,0x00000cb7,0x00000001,0x00060050,
	0x0000033f,0x00000cca,0x00000cc8,0x00000cc9,0x0000033e,0x0007004f,0x0000030f,0x00000ccb,
	0x00000cca,0x00000cca,0x00000000,0x00000001,0x0007005f,0x00000336,0x00000cd1,0x00000cc6,
	0x00000ccb,0x00000002,0x0000033e,0x0003003e,0x00000c30,0x00000cd1,0x000500c2,0x00000006,
	0x00000d54,0x00000c05,0x000000bb,0x000500c7,0x00000006,0x00000d55,0x00000d54,0x000000bd,
	0x000500aa,0x000000d3,0x00000cd5,0x00000d55,0x00000351,0x000500aa,0x000000d3,0x00000cd7,
	0x00000d55,0x000000bd,0x000500a6,0x000000d3,0x00000cd8,0x00000cd5,0x00000cd7,0x0007004f,
	0x00000007,0x00000cdb,0x00000cd1,0x00000cd1,0x00000000,0x00000001,0x00050041,0x00000009,
	0x00000cdc,0x00000c30,0x00000090,0x0004003d,0x00000006,0x00000cdd,0x00000cdc,0x000500c7,
	0x00000006,0x00000cde,0x00000cdd,0x0000035c,0x00050041,0x00000009,0x00000cdf,0x00000c30,
	0x0000008d,0x0004003d,0x00000006,0x00000ce0,0x00000cdf,0x000500c4,0x00000006,0x00000ce1,
	0x00000ce0,0x00000114,0x000500c5,0x00000006,0x00000ce2,0x00000cde,0x00000ce1,0x00050041,
	0x00000009,0x00000ce3,0x00000c30,0x00000176,0x0004003d,0x00000006,0x00000ce4,0x00000ce3,
	0x000500c7,0x00000006,0x00000ce5,0x00000ce4,0x0000035c,0x00050041,0x00000009,0x00000ce6,
	0x00000c30,0x000000aa,0x0004003d,0x00000006,0x00000ce7,0x00000ce6,0x000500c4,0x00000006,
	0x00000ce8,0x00000ce7,0x00000114,0x000500c5,0x00000006,0x00000ce9,0x00000ce5,0x00000ce8,
	0x00050050,0x00000007,0x00000cea,0x00000ce2,0x00000ce9,0x00050050,0x0000036a,0x00000ceb,
	0x00000cd8,0x00000cd8,0x000600a9,0x00000007,0x00000cec,0x00000ceb,0x00000cdb,0x00000cea,
	0x0003003e,0x00000c34,0x00000cec,0x000500ab,0x000000d3,0x00000cee,0x000013eb,0x00000090,
	0x00050041,0x00000009,0x00000cef,0x00000c34,0x0000008d,0x0004003d,0x00000006,0x00000cf0,
	0x00000cef,0x00050041,0x00000009,0x00000cf1,0x00000c34,0x00000090,0x0004003d,0x00000006,
	0x00000cf2,0x00000cf1,0x000600a9,0x00000006,0x00000cf3,0x00000cee,0x00000cf0,0x00000cf2,
	0x00050050,0x00000007,0x00000a6e,0x00000b81,0x00000cf3,0x0003003e,0x00000a5c,0x00000a6e,
	0x000200f9,0x00000d5e,0x000200f8,0x00000d5e,0x000300f7,0x00000d8d,0x00000000,0x000900fb,
	0x00000a52,0x00000d60,0x00000005,0x00000d61,0x00000007,0x00000d71,0x0000000f,0x00000d85,
	0x000200f8,0x00000d85,0x00050041,0x00000009,0x00000d86,0x00000a5c,0x00000090,0x0004003d,
	0x00000006,0x00000d87,0x00000d86,0x0004007c,0x00000025,0x00000d88,0x00000d87,0x00050041,
	0x00000009,0x00000d89,0x00000a5c,0x0000008d,0x0004003d,0x00000006,0x00000d8a,0x00000d89,
	0x0004007c,0x00000025,0x00000d8b,0x00000d8a,0x00070050,0x0000003a,0x00000d8c,0x00000d88,
	0x00000d8b,0x000000f3,0x000000f3,0x000200f9,0x00000d8d,0x000200f8,0x00000d71,0x00050041,
	0x00000009,0x00000d72,0x00000a5c,0x00000090,0x0004003d,0x00000006,0x00000d73,0x00000d72,
	0x0006000c,0x00000216,0x00000d74,0x00000001,0x0000003e,0x00000d73,0x00050051,0x00000025,
	0x00000d75,0x00000d74,0x00000000,0x00050041,0x00000009,0x00000d76,0x00000a5c,0x00000090,
	0x0004003d,0x00000006,0x00000d77,0x00000d76,0x000500c2,0x00000006,0x00000d78,0x00000d77,
	0x00000114,0x0006000c,0x00000216,0x00000d79,0x00000001,0x0000003e,0x00000d78,0x00050051,
	0x00000025,0x00000d7a,0x00000d79,0x00000000,0x00050041,0x00000009,0x00000d7b,0x00000a5c,
	0x0000008d,0x0004003d,0x00000006,0x00000d7c,0x00000d7b,0x0006000c,0x00000216,0x00000d7d,
	0x00000001,0x0000003e,0x00000d7c,0x00050051,0x00000025,0x00000d7e,0x00000d7d,0x00000000,
	0x00050041,0x00000009,0x00000d7f,0x00000a5c,0x0000008d,0x0004003d,0x00000006,0x00000d80,
	0x00000d7f,0x000500c2,0x00000006,0x00000d81,0x00000d80,0x00000114,0x0006000c,0x00000216,
	0x00000d82,0x00000001,0x0000003e,0x00000d81,0x00050051,0x00000025,0x00000d83,0x00000d82,
	0x00000000,0x00070050,0x0000003a,0x00000d84,0x00000d75,0x00000d7a,0x00000d7e,0x00000d83,
	0x000200f9,0x00000d8d,0x000200f8,0x00000d61,0x00050041,0x00000009,0x00000d62,0x00000a5c,
	0x00000090,0x0004003d,0x00000006,0x00000d63,0x00000d62,0x000500c4,0x00000006,0x00000d95,
	0x00000d63,0x00000114,0x0004007c,0x0000005a,0x00000d96,0x00000d95,0x000500c3,0x0000005a,
	0x00000d97,0x00000d96,0x0000014b,0x0004006f,0x00000025,0x00000d98,0x00000d97,0x00050085,
	0x00000025,0x00000d99,0x00000d98,0x0000014e,0x0007000c,0x00000025,0x00000d9a,0x00000001,
	0x00000028,0x00000d99,0x00000150,0x00050085,0x00000025,0x00000d9c,0x00000d9a,0x00000687,
	0x00050041,0x00000009,0x00000d65,0x00000a5c,0x00000090,0x0004003d,0x00000006,0x00000d66,
	0x00000d65,0x000500c2,0x00000006,0x00000d67,0x00000d66,0x00000114,0x000500c4,0x00000006,
	0x00000da0,0x00000d67,0x00000114,0x0004007c,0x0000005a,0x00000da1,0x00000da0,0x000500c3,
	0x0000005a,0x00000da2,0x00000da1,0x0000014b,0x0004006f,0x00000025,0x00000da3,0x00000da2,
	0x00050085,0x00000025,0x00000da4,0x00000da3,0x0000014e,0x0007000c,0x00000025,0x00000da5,
	0x00000001,0x00000028,0x00000da4,0x00000150,0x00050085,0x00000025,0x00000da7,0x00000da5,
	0x00000687,0x00050041,0x00000009,0x00000d69,0x00000a5c,0x0000008d,0x0004003d,0x00000006,
	0x00000d6a,0x00000d69,0x000500c4,0x00000006,0x00000dab,0x00000d6a,0x00000114,0x0004007c,
	0x0000005a,0x00000dac,0x00000dab,0x000500c3,0x0000005a,0x00000dad,0x00000dac,0x0000014b,
	0x0004006f,0x00000025,0x00000dae,0x00000dad,0x00050085,0x00000025,0x00000daf,0x00000dae,
	0x0000014e,0x0007000c,0x00000025,0x00000db0,0x00000001,0x00000028,0x00000daf,0x00000150,
	0x00050085,0x00000025,0x00000db2,0x00000db0,0x00000687,0x00050041,0x00000009,0x00000d6c,
	0x00000a5c,0x0000008d,0x0004003d,0x00000006,0x00000d6d,0x00000d6c,0x000500c2,0x00000006,
	0x00000d6e,0x00000d6d,0x00000114,0x000500c4,0x00000006,0x00000db6,0x00000d6e,0x00000114,
	0x0004007c,0x0000005a,0x00000db7,0x00000db6,0x000500c3,0x0000005a,0x00000db8,0x00000db7,
	0x0000014b,0x0004006f,0x00000025,0x00000db9,0x00000db8,0x00050085,0x00000025,0x00000dba,
	0x00000db9,0x0000014e,0x0007000c,0x00000025,0x00000dbb,0x00000001,0x00000028,0x00000dba,
	0x00000150,0x00050085,0x00000025,0x00000dbd,0x00000dbb,0x00000687,0x00070050,0x0000003a,
	0x00000d70,0x00000d9c,0x00000da7,0x00000db2,0x00000dbd,0x000200f9,0x00000d8d,0x000200f8,
	0x00000d60,0x000200f9,0x00000d8d,0x000200f8,0x00000d8d,0x000b00f5,0x0000003a,0x000013f0,
	0x0000021f,0x00000d60,0x00000d70,0x00000d61,0x00000d84,0x00000d71,0x00000d8c,0x00000d85,
	0x000200f9,0x00000d90,0x000200f8,0x00000d90,0x000200f9,0x00000a75,0x000200f8,0x00000a75,
	0x000700f5,0x0000003a,0x000013f1,0x000013f0,0x00000d90,0x000013e4,0x00000e16,0x0004003d,
	0x0000003a,0x000006ee,0x00000642,0x00050081,0x0000003a,0x000006ef,0x000006ee,0x000013f1,
	0x0003003e,0x00000642,0x000006ef,0x000200f9,0x000006f0,0x000200f8,0x000006f0,0x00050080,
	0x00000006,0x000006f2,0x0000137c,0x000000e0,0x000200f9,0x000006e2,0x000200f8,0x000006f3,
	0x00040070,0x00000025,0x000006f5,0x0000137e,0x00050088,0x00000025,0x000006f6,0x00000157,
	0x000006f5,0x0004003d,0x0000003a,0x000006f7,0x00000642,0x0005008e,0x0000003a,0x000006f8,
	0x000006f7,0x000006f6,0x00050041,0x00000435,0x000006f9,0x00000433,0x0000037c,0x0004003d,
	0x00000006,0x000006fa,0x000006f9,0x000500c4,0x00000006,0x000006fb,0x000006fa,0x00000114,
	0x0004007c,0x0000005a,0x000006fc,0x000006fb,0x000500c3,0x0000005a,0x000006fd,0x000006fc,
	0x0000057c,0x00050080,0x0000005a,0x000006ff,0x0000057e,0x000006fd,0x0004007c,0x00000006,
	0x00000700,0x000006ff,0x000500c4,0x00000006,0x00000701,0x00000700,0x000000bb,0x0004007c,
	0x00000025,0x00000702,0x00000701,0x0005008e,0x0000003a,0x00000704,0x000006f8,0x00000702,
	0x0003003e,0x00000642,0x00000704,0x00050041,0x00000435,0x00000705,0x00000433,0x0000037c,
	0x0004003d,0x00000006,0x00000706,0x00000705,0x000500c2,0x00000006,0x00000707,0x00000706,
	0x00000588,0x000500c7,0x00000006,0x00000708,0x00000707,0x0000008d,0x000500ab,0x000000d3,
	0x00000709,0x00000708,0x00000090,0x000300f7,0x0000070d,0x00000000,0x000400fa,0x00000709,
	0x0000070a,0x0000070d,0x000200f8,0x0000070a,0x0004003d,0x0000003a,0x0000070b,0x00000642,
	0x0009004f,0x0000003a,0x0000070c,0x0000070b,0x0000070b,0x00000002,0x00000001,0x00000000,
	0x00000003,0x0003003e,0x00000642,0x0000070c,0x000200f9,0x0000070d,0x000200f8,0x0000070d,
	0x000500aa,0x000000d3,0x0000070f,0x0000069d,0x00000090,0x000300f7,0x00000762,0x00000000,
	0x000400fa,0x0000070f,0x00000710,0x00000718,0x000200f8,0x00000718,0x000500aa,0x000000d3,
	0x0000071a,0x0000069d,0x0000008d,0x000300f7,0x00000761,0x00000000,0x000400fa,0x0000071a,
	0x0000071b,0x00000723,0x000200f8,0x00000723,0x000500aa,0x000000d3,0x00000725,0x0000069d,
	0x00000176,0x000300f7,0x00000760,0x00000000,0x000400fa,0x00000725,0x00000726,0x0000072f,
	0x000200f8,0x0000072f,0x00050041,0x0000002a,0x00000730,0x00000642,0x00000090,0x0004003d,
	0x00000025,0x00000731,0x00000730,0x00050050,0x00000216,0x00000732,0x00000731,0x000000f3,
	0x0006000c,0x00000006,0x00000733,0x00000001,0x0000003a,0x00000732,0x00050041,0x0000002a,
	0x00000734,0x00000642,0x0000008d,0x0004003d,0x00000025,0x00000735,0x00000734,0x00050050,
	0x00000216,0x00000736,0x00000735,0x000000f3,0x0006000c,0x00000006,0x00000737,0x00000001,
	0x0000003a,0x00000736,0x000500c4,0x00000006,0x00000738,0x00000737,0x00000114,0x000500c5,
	0x00000006,0x00000739,0x00000733,0x00000738,0x00050041,0x0000002a,0x0000073a,0x00000642,
	0x00000176,0x0004003d,0x00000025,0x0000073b,0x0000073a,0x00050050,0x00000216,0x0000073c,
	0x0000073b,0x000000f3,0x0006000c,0x00000006,0x0000073d,0x00000001,0x0000003a,0x0000073c,
	0x00050041,0x0000002a,0x0000073e,0x00000642,0x000000aa,0x0004003d,0x00000025,0x0000073f,
	0x0000073e,0x00050050,0x00000216,0x00000740,0x0000073f,0x000000f3,0x0006000c,0x00000006,
	0x00000741,0x00000001,0x0000003a,0x00000740,0x000500c4,0x00000006,0x00000742,0x00000741,
	0x00000114,0x000500c5,0x00000006,0x00000743,0x0000073d,0x00000742,0x00050050,0x00000007,
	0x00000744,0x00000739,0x00000743,0x0003003e,0x0000065d,0x00000744,0x000500c2,0x0000005a,
	0x00000746,0x00001382,0x0000038f,0x00050041,0x00000009,0x00000748,0x0000065d,0x00000090,
	0x0004003d,0x00000006,0x00000749,0x00000748,0x000500aa,0x000000d3,0x000012da,0x000006a1,
	0x0000008d,0x000300f7,0x000012fe,0x00000000,0x000400fa,0x000012da,0x000012db,0x000012e3,
	0x000200f8,0x000012e3,0x000500aa,0x000000d3,0x000012e5,0x000006a1,0x00000176,0x000300f7,
	0x000012fd,0x00000000,0x000400fa,0x000012e5,0x000012e6,0x000012f3,0x000200f8,0x000012f3,
	0x000500aa,0x000000d3,0x000012f5,0x000006a1,0x000000aa,0x000300f7,0x000012fc,0x00000000,
	0x000400fa,0x000012f5,0x000012f6,0x000012fc,0x000200f8,0x000012f6,0x000500c4,0x00000006,
	0x000012f8,0x00000749,0x00000114,0x000500c2,0x00000006,0x000012fa,0x00000749,0x00000114,
	0x000500c5,0x00000006,0x000012fb,0x000012f8,0x000012fa,0x000200f9,0x000012fc,0x000200f8,
	0x000012fc,0x000700f5,0x00000006,0x00001385,0x00000749,0x000012f3,0x000012fb,0x000012f6,
	0x000200f9,0x000012fd,0x000200f8,0x000012e6,0x000500c7,0x00000006,0x000012e8,0x00000749,
	0x000003ff,0x000500c4,0x00000006,0x000012e9,0x000012e8,0x00000172,0x000500c7,0x00000006,
	0x000012eb,0x00000749,0x00000403,0x000500c2,0x00000006,0x000012ec,0x000012eb,0x00000172,
	0x000500c5,0x00000006,0x000012ed,0x000012e9,0x000012ec,0x000500c4,0x00000006,0x000012ef,
	0x000012ed,0x00000114,0x000500c2,0x00000006,0x000012f1,0x000012ed,0x00000114,0x000500c5,
	0x00000006,0x000012f2,0x000012ef,0x000012f1,0x000200f9,0x000012fd,0x000200f8,0x000012fd,
	0x000700f5,0x00000006,0x00001384,0x000012f2,0x000012e6,0x00001385,0x000012fc,0x000200f9,
	0x000012fe,0x000200f8,0x000012db,0x000500c7,0x00000006,0x000012dd,0x00000749,0x000003ff,
	0x000500c4,0x00000006,0x000012de,0x000012dd,0x00000172,0x000500c7,0x00000006,0x000012e0,
	0x00000749,0x00000403,0x000500c2,0x00000006,0x000012e1,0x000012e0,0x00000172,0x000500c5,
	0x00000006,0x000012e2,0x000012de,0x000012e1,0x000200f9,0x000012fe,0x000200f8,0x000012fe,
	0x000700f5,0x00000006,0x00001383,0x000012e2,0x000012db,0x00001384,0x000012fd,0x000200f9,
	0x00001327,0x000200f8,0x00001327,0x00060041,0x0000042e,0x00000752,0x0000042b,0x0000033e,
	0x00000746,0x0003003e,0x00000752,0x00001383,0x00050080,0x0000005a,0x00000754,0x00000746,
	0x000000e0,0x000200f9,0x00001350,0x000200f8,0x00001350,0x00050041,0x00000009,0x00000759,
	0x0000065d,0x0000008d,0x0004003d,0x00000006,0x0000075a,0x00000759,0x000500aa,0x000000d3,
	0x00001355,0x000006a1,0x0000008d,0x000300f7,0x00001379,0x00000000,0x000400fa,0x00001355,
	0x00001356,0x0000135e,0x000200f8,0x0000135e,0x000500aa,0x000000d3,0x00001360,0x000006a1,
	0x00000176,0x000300f7,0x00001378,0x00000000,0x000400fa,0x00001360,0x00001361,0x0000136e,
	0x000200f8,0x0000136e,0x000500aa,0x000000d3,0x00001370,0x000006a1,0x000000aa,0x000300f7,
	0x00001377,0x00000000,0x000400fa,0x00001370,0x00001371,0x00001377,0x000200f8,0x00001371,
	0x000500c4,0x00000006,0x00001373,0x0000075a,0x00000114,0x000500c2,0x00000006,0x00001375,
	0x0000075a,0x00000114,0x000500c5,0x00000006,0x00001376,0x00001373,0x00001375,0x000200f9,
	0x00001377,0x000200f8,0x00001377,0x000700f5,0x00000006,0x0000138e,0x0000075a,0x0000136e,
	0x00001376,0x00001371,0x000200f9,0x00001378,0x000200f8,0x00001361,0x000500c7,0x00000006,
	0x00001363,0x0000075a,0x000003ff,0x000500c4,0x00000006,0x00001364,0x00001363,0x00000172,
	0x000500c7,0x00000006,0x00001366,0x0000075a,0x00000403,0x000500c2,0x00000006,0x00001367,
	0x00001366,0x00000172,0x000500c5,0x00000006,0x00001368,0x00001364,0x00001367,0x000500c4,
	0x00000006,0x0000136a,0x00001368,0x00000114,0x000500c2,0x00000006,0x0000136c,0x00001368,
	0x00000114,0x000500c5,0x00000006,0x0000136d,0x0000136a,0x0000136c,0x000200f9,0x00001378,
	0x000200f8,0x00001378,0x000700f5,0x00000006,0x0000138d,0x0000136d,0x00001361,0x0000138e,
	0x00001377,0x000200f9,0x00001379,0x000200f8,0x00001356,0x000500c7,0x00000006,0x00001358,
	0x0000075a,0x000003ff,0x000500c4,0x00000006,0x00001359,0x00001358,0x00000172,0x000500c7,
	0x00000006,0x0000135b,0x0000075a,0x00000403,0x000500c2,0x00000006,0x0000135c,0x0000135b,
	0x00000172,0x000500c5,0x00000006,0x0000135d,0x00001359,0x0000135c,0x000200f9,0x00001379,
	0x000200f8,0x00001379,0x000700f5,0x00000006,0x0000138c,0x0000135d,0x00001356,0x0000138d,
	0x00001378,0x00060041,0x0000042e,0x0000075f,0x0000042b,0x0000033e,0x00000754,0x0003003e,
	0x0000075f,0x0000138c,0x000200f9,0x00000760,0x000200f8,0x00000726,0x00050041,0x0000002a,
	0x00000727,0x00000642,0x00000090,0x0004003d,0x00000025,0x00000728,0x00000727,0x0004007c,
	0x00000006,0x00000729,0x00000728,0x000500aa,0x000000d3,0x0000121b,0x000006a1,0x0000008d,
	0x000300f7,0x0000123f,0x00000000,0x000400fa,0x0000121b,0x0000121c,0x00001224,0x000200f8,
	0x00001224,0x000500aa,0x000000d3,0x00001226,0x000006a1,0x00000176,0x000300f7,0x0000123e,
	0x00000000,0x000400fa,0x00001226,0x00001227,0x00001234,0x000200f8,0x00001234,0x000500aa,
	0x000000d3,0x00001236,0x000006a1,0x000000aa,0x000300f7,0x0000123d,0x00000000,0x000400fa,
	0x00001236,0x00001237,0x0000123d,0x000200f8,0x00001237,0x000500c4,0x00000006,0x00001239,
	0x00000729,0x00000114,0x000500c2,0x00000006,0x0000123b,0x00000729,0x00000114,0x000500c5,
	0x00000006,0x0000123c,0x00001239,0x0000123b,0x000200f9,0x0000123d,0x000200f8,0x0000123d,
	0x000700f5,0x00000006,0x00001391,0x00000729,0x00001234,0x0000123c,0x00001237,0x000200f9,
	0x0000123e,0x000200f8,0x00001227,0x000500c7,0x00000006,0x00001229,0x00000729,0x000003ff,
	0x000500c4,0x00000006,0x0000122a,0x00001229,0x00000172,0x000500c7,0x00000006,0x0000122c,
	0x00000729,0x00000403,0x000500c2,0x00000006,0x0000122d,0x0000122c,0x00000172,0x000500c5,
	0x00000006,0x0000122e,0x0000122a,0x0000122d,0x000500c4,0x00000006,0x00001230,0x0000122e,
	0x00000114,0x000500c2,0x00000006,0x00001232,0x0000122e,0x00000114,0x000500c5,0x00000006,
	0x00001233,0x00001230,0x00001232,0x000200f9,0x0000123e,0x000200f8,0x0000123e,0x000700f5,
	0x00000006,0x00001390,0x00001233,0x00001227,0x00001391,0x0000123d,0x000200f9,0x0000123f,
	0x000200f8,0x0000121c,0x000500c7,0x00000006,0x0000121e,0x00000729,0x000003ff,0x000500c4,
	0x00000006,0x0000121f,0x0000121e,0x00000172,0x000500c7,0x00000006,0x00001221,0x00000729,
	0x00000403,0x000500c2,0x00000006,0x00001222,0x00001221,0x00000172,0x000500c5,0x00000006,
	0x00001223,0x0000121f,0x00001222,0x000200f9,0x0000123f,0x000200f8,0x0000123f,0x000700f5,
	0x00000006,0x0000138f,0x00001223,0x0000121c,0x00001390,0x0000123e,0x000500c2,0x0000005a,
	0x0000124d,0x00001382,0x0000038f,0x00060041,0x0000042e,0x00001250,0x0000042b,0x0000033e,
	0x0000124d,0x0003003e,0x00001250,0x0000138f,0x00050041,0x00000435,0x00001251,0x00000433,
	0x00000434,0x0004003d,0x00000006,0x00001252,0x00001251,0x000500c7,0x00000006,0x00001253,
	0x00001252,0x00000125,0x000500aa,0x000000d3,0x00001289,0x00001253,0x0000008d,0x000300f7,
	0x000012ad,0x00000000,0x000400fa,0x00001289,0x0000128a,0x00001292,0x000200f8,0x00001292,
	0x000500aa,0x000000d3,0x00001294,0x00001253,0x00000176,0x000300f7,0x000012ac,0x00000000,
	0x000400fa,0x00001294,0x00001295,0x000012a2,0x000200f8,0x000012a2,0x000500aa,0x000000d3,
	0x000012a4,0x00001253,0x000000aa,0x000300f7,0x000012ab,0x00000000,0x000400fa,0x000012a4,
	0x000012a5,0x000012ab,0x000200f8,0x000012a5,0x000500c4,0x00000006,0x000012a7,0x0000138f,
	0x00000114,0x000500c2,0x00000006,0x000012a9,0x0000138f,0x00000114,0x000500c5,0x00000006,
	0x000012aa,0x000012a7,0x000012a9,0x000200f9,0x000012ab,0x000200f8,0x000012ab,0x000700f5,
	0x00000006,0x00001397,0x0000138f,0x000012a2,0x000012aa,0x000012a5,0x000200f9,0x000012ac,
	0x000200f8,0x00001295,0x000500c7,0x00000006,0x00001297,0x0000138f,0x000003ff,0x000500c4,
	0x00000006,0x00001298,0x00001297,0x00000172,0x000500c7,0x00000006,0x0000129a,0x0000138f,
	0x00000403,0x000500c2,0x00000006,0x0000129b,0x0000129a,0x00000172,0x000500c5,0x00000006,
	0x0000129c,0x00001298,0x0000129b,0x000500c4,0x00000006,0x0000129e,0x0000129c,0x00000114,
	0x000500c2,0x00000006,0x000012a0,0x0000129c,0x00000114,0x000500c5,0x00000006,0x000012a1,
	0x0000129e,0x000012a0,0x000200f9,0x000012ac,0x000200f8,0x000012ac,0x000700f5,0x00000006,
	0x00001396,0x000012a1,0x00001295,0x00001397,0x000012ab,0x000200f9,0x000012ad,0x000200f8,
	0x0000128a,0x000500c7,0x00000006,0x0000128c,0x0000138f,0x000003ff,0x000500c4,0x00000006,
	0x0000128d,0x0000128c,0x00000172,0x000500c7,0x00000006,0x0000128f,0x0000138f,0x00000403,
	0x000500c2,0x00000006,0x00001290,0x0000128f,0x00000172,0x000500c5,0x00000006,0x00001291,
	0x0000128d,0x00001290,0x000200f9,0x000012ad,0x000200f8,0x000012ad,0x000700f5,0x00000006,
	0x00001395,0x00001291,0x0000128a,0x00001396,0x000012ac,0x00050041,0x00000435,0x00001256,
	0x00000433,0x00000434,0x0004003d,0x00000006,0x00001257,0x00001256,0x000500c2,0x00000006,
	0x00001258,0x00001257,0x000000aa,0x000500c7,0x00000006,0x00001259,0x00001258,0x000000aa,
	0x000500aa,0x000000d3,0x0000125b,0x00001259,0x0000008d,0x000300f7,0x0000126f,0x00000000,
	0x000400fa,0x0000125b,0x0000125c,0x00001266,0x000200f8,0x00001266,0x000500aa,0x000000d3,
	0x00001268,0x00001259,0x00000176,0x000300f7,0x0000126e,0x00000000,0x000400fa,0x00001268,
	0x00001269,0x0000126e,0x000200f8,0x00001269,0x000500c2,0x00000006,0x0000126b,0x00001395,
	0x00000172,0x000500c7,0x00000006,0x000012b5,0x0000126b,0x000000c7,0x000500c7,0x00000006,
	0x000012b7,0x0000126b,0x000000cc,0x000500c2,0x00000006,0x000012b9,0x000012b5,0x000000d0,
	0x000500aa,0x000000d3,0x000012bb,0x000012b9,0x00000090,0x000500ab,0x000000d3,0x000012bd,
	0x000012b7,0x00000090,0x000500a7,0x000000d3,0x000012be,0x000012bb,0x000012bd,0x000300f7,
	0x000012cc,0x00000000,0x000400fa,0x000012be,0x000012bf,0x000012cc,0x000200f8,0x000012bf,
	0x0006000c,0x00000006,0x000012c1,0x00000001,0x0000004b,0x000012b7,0x00050082,0x00000006,
	0x000012c3,0x000000d0,0x000012c1,0x0004007c,0x0000005a,0x000012c5,0x000012c3,0x00050082,
	0x0000005a,0x000012c6,0x000000e0,0x000012c5,0x0004007c,0x00000006,0x000012c7,0x000012c6,
	0x000500c4,0x00000006,0x000012ca,0x000012b7,0x000012c3,0x000500c7,0x00000006,0x000012cb,
	0x000012ca,0x000000cc,0x000200f9,0x000012cc,0x000200f8,0x000012cc,0x000700f5,0x00000006,
	0x00001399,0x000012b7,0x00001269,0x000012cb,0x000012bf,0x000700f5,0x00000006,0x00001398,
	0x000012b9,0x00001269,0x000012c7,0x000012bf,0x000500ab,0x000000d3,0x000012ce,0x000012b5,
	0x00000090,0x00050080,0x00000006,0x000012d0,0x00001398,0x000000ec,0x000500c4,0x00000006,
	0x000012d1,0x000012d0,0x000000bb,0x000500c4,0x00000006,0x000012d3,0x00001399,0x000000aa,
	0x000500c5,0x00000006,0x000012d4,0x000012d1,0x000012d3,0x0004007c,0x00000025,0x000012d5,
	0x000012d4,0x000600a9,0x00000025,0x000012d6,0x000012ce,0x000012d5,0x000000f3,0x0004007c,
	0x00000006,0x0000126d,0x000012d6,0x000200f9,0x0000126e,0x000200f8,0x0000126e,0x000700f5,
	0x00000006,0x0000139b,0x00001395,0x00001266,0x0000126d,0x000012cc,0x000200f9,0x0000126f,
	0x000200f8,0x0000125c,0x000500c2,0x00000006,0x0000125e,0x00001395,0x00000172,0x000500c2,
	0x00000006,0x00001261,0x0000125e,0x000000bb,0x00050080,0x00000006,0x00001262,0x0000125e,
	0x00001261,0x00040070,0x00000025,0x00001263,0x00001262,0x00050085,0x00000025,0x00001264,
	0x00001263,0x0000044e,0x0004007c,0x00000006,0x00001265,0x00001264,0x000200f9,0x0000126f,
	0x000200f8,0x0000126f,0x000700f5,0x00000006,0x0000139a,0x00001265,0x0000125c,0x0000139b,
	0x0000126e,0x0004003d,0x0000045c,0x00001270,0x0000045e,0x00040068,0x00000007,0x00001271,
	0x00001270,0x0003003e,0x00001248,0x00001271,0x00050041,0x00000009,0x00001272,0x00001248,
	0x00000090,0x0004003d,0x00000006,0x00001273,0x00001272,0x00050041,0x00000009,0x00001274,
	0x00001249,0x00000090,0x0003003e,0x00001274,0x00001273,0x00050041,0x00000009,0x00001275,
	0x00001248,0x0000008d,0x0004003d,0x00000006,0x00001276,0x00001275,0x00050041,0x00000009,
	0x00001277,0x00001249,0x0000008d,0x0003003e,0x00001277,0x00001276,0x00050041,0x00000435,
	0x00001279,0x00000433,0x000003b3,0x0004003d,0x00000006,0x0000127a,0x00001279,0x00050050,
	0x00000007,0x0000127b,0x00000090,0x0000127a,0x00050080,0x00000007,0x0000127c,0x00000680,
	0x0000127b,0x0004003d,0x00000007,0x0000127e,0x00001249,0x000500b0,0x0000036a,0x0000127f,
	0x0000127c,0x0000127e,0x0004009b,0x000000d3,0x00001280,0x0000127f,0x000300f7,0x00001285,
	0x00000000,0x000400fa,0x00001280,0x00001281,0x00001285,0x000200f8,0x00001281,0x0004003d,
	0x0000045c,0x00001282,0x0000045e,0x00040063,0x00001282,0x0000127c,0x0000139a,0x000200f9,
	0x00001285,0x000200f8,0x00001285,0x000200f9,0x00000760,0x000200f8,0x00000760,0x000200f9,
	0x00000761,0x000200f8,0x0000071b,0x0004003d,0x0000003a,0x0000071c,0x00000642,0x0003003e,
	0x00000651,0x0000071c,0x000200f9,0x00001078,0x000200f8,0x00001078,0x000200f9,0x0000108e,
	0x000200f8,0x0000108e,0x00050041,0x0000002a,0x0000108f,0x00000651,0x00000090,0x0004003d,
	0x00000025,0x00001090,0x0000108f,0x0008000c,0x00000025,0x000010e0,0x00000001,0x0000002b,
	0x00001090,0x000000f3,0x00000157,0x00050085,0x00000025,0x000010e2,0x000010e0,0x00000185,
	0x00050081,0x00000025,0x000010e3,0x000010e2,0x0000015b,0x0004006d,0x00000006,0x000010e4,
	0x000010e3,0x00050041,0x0000002a,0x00001092,0x00000651,0x0000008d,0x0004003d,0x00000025,
	0x00001093,0x00001092,0x0008000c,0x00000025,0x000010e8,0x00000001,0x0000002b,0x00001093,
	0x000000f3,0x00000157,0x00050085,0x00000025,0x000010ea,0x000010e8,0x00000185,0x00050081,
	0x00000025,0x000010eb,0x000010ea,0x0000015b,0x0004006d,0x00000006,0x000010ec,0x000010eb,
	0x000500c4,0x00000006,0x00001095,0x000010ec,0x00000190,0x000500c5,0x00000006,0x00001096,
	0x000010e4,0x00001095,0x00050041,0x0000002a,0x00001097,0x00000651,0x00000176,0x0004003d,
	0x00000025,0x00001098,0x00001097,0x0008000c,0x00000025,0x000010f0,0x00000001,0x0000002b,
	0x00001098,0x000000f3,0x00000157,0x00050085,0x00000025,0x000010f2,0x000010f0,0x00000185,
	0x00050081,0x00000025,0x000010f3,0x000010f2,0x0000015b,0x0004006d,0x00000006,0x000010f4,
	0x000010f3,0x000500c4,0x00000006,0x0000109a,0x000010f4,0x000000d0,0x000500c5,0x00000006,
	0x0000109b,0x00001096,0x0000109a,0x00050041,0x0000002a,0x0000109c,0x00000651,0x000000aa,
	0x0004003d,0x00000025,0x0000109d,0x0000109c,0x0008000c,0x00000025,0x000010f8,0x00000001,
	0x0000002b,0x0000109d,0x000000f3,0x00000157,0x00050085,0x00000025,0x000010fa,0x000010f8,
	0x0000019a,0x00050081,0x00000025,0x000010fb,0x000010fa,0x0000015b,0x0004006d,0x00000006,
	0x000010fc,0x000010fb,0x000500c4,0x00000006,0x0000109f,0x000010fc,0x000001a0,0x000500c5,
	0x00000006,0x000010a0,0x0000109b,0x0000109f,0x000200f9,0x000010b8,0x000200f8,0x000010b8,
	0x000200f9,0x000010bb,0x000200f8,0x000010bb,0x000500aa,0x000000d3,0x0000115c,0x000006a1,
	0x0000008d,0x000300f7,0x00001180,0x00000000,0x000400fa,0x0000115c,0x0000115d,0x00001165,
	0x000200f8,0x00001165,0x000500aa,0x000000d3,0x00001167,0x000006a1,0x00000176,0x000300f7,
	0x0000117f,0x00000000,0x000400fa,0x00001167,0x00001168,0x00001175,0x000200f8,0x00001175,
	0x000500aa,0x000000d3,0x00001177,0x000006a1,0x000000aa,0x000300f7,0x0000117e,0x00000000,
	0x000400fa,0x00001177,0x00001178,0x0000117e,0x000200f8,0x00001178,0x000500c4,0x00000006,
	0x0000117a,0x000010a0,0x00000114,0x000500c2,0x00000006,0x0000117c,0x000010a0,0x00000114,
	0x000500c5,0x00000006,0x0000117d,0x0000117a,0x0000117c,0x000200f9,0x0000117e,0x000200f8,
	0x0000117e,0x000700f5,0x00000006,0x000013a1,0x000010a0,0x00001175,0x0000117d,0x00001178,
	0x000200f9,0x0000117f,0x000200f8,0x00001168,0x000500c7,0x00000006,0x0000116a,0x000010a0,
	0x000003ff,0x000500c4,0x00000006,0x0000116b,0x0000116a,0x00000172,0x000500c7,0x00000006,
	0x0000116d,0x000010a0,0x00000403,0x000500c2,0x00000006,0x0000116e,0x0000116d,0x00000172,
	0x000500c5,0x00000006,0x0000116f,0x0000116b,0x0000116e,0x000500c4,0x00000006,0x00001171,
	0x0000116f,0x00000114,0x000500c2,0x00000006,0x00001173,0x0000116f,0x00000114,0x000500c5,
	0x00000006,0x00001174,0x00001171,0x00001173,0x000200f9,0x0000117f,0x000200f8,0x0000117f,
	0x000700f5,0x00000006,0x000013a0,0x00001174,0x00001168,0x000013a1,0x0000117e,0x000200f9,
	0x00001180,0x000200f8,0x0000115d,0x000500c7,0x00000006,0x0000115f,0x000010a0,0x000003ff,
	0x000500c4,0x00000006,0x00001160,0x0000115f,0x00000172,0x000500c7,0x00000006,0x00001162,
	0x000010a0,0x00000403,0x000500c2,0x00000006,0x00001163,0x00001162,0x00000172,0x000500c5,
	0x00000006,0x00001164,0x00001160,0x00001163,0x000200f9,0x00001180,0x000200f8,0x00001180,
	0x000700f5,0x00000006,0x0000139f,0x00001164,0x0000115d,0x000013a0,0x0000117f,0x000500c2,
	0x0000005a,0x0000118e,0x00001382,0x0000038f,0x00060041,0x0000042e,0x00001191,0x0000042b,
	0x0000033e,0x0000118e,0x0003003e,0x00001191,0x0000139f,0x00050041,0x00000435,0x00001192,
	0x00000433,0x00000434,0x0004003d,0x00000006,0x00001193,0x00001192,0x000500c7,0x00000006,
	0x00001194,0x00001193,0x00000125,0x000500aa,0x000000d3,0x000011ca,0x00001194,0x0000008d,
	0x000300f7,0x000011ee,0x00000000,0x000400fa,0x000011ca,0x000011cb,0x000011d3,0x000200f8,
	0x000011d3,0x000500aa,0x000000d3,0x000011d5,0x00001194,0x00000176,0x000300f7,0x000011ed,
	0x00000000,0x000400fa,0x000011d5,0x000011d6,0x000011e3,0x000200f8,0x000011e3,0x000500aa,
	0x000000d3,0x000011e5,0x00001194,0x000000aa,0x000300f7,0x000011ec,0x00000000,0x000400fa,
	0x000011e5,0x000011e6,0x000011ec,0x000200f8,0x000011e6,0x000500c4,0x00000006,0x000011e8,
	0x0000139f,0x00000114,0x000500c2,0x00000006,0x000011ea,0x0000139f,0x00000114,0x000500c5,
	0x00000006,0x000011eb,0x000011e8,0x000011ea,0x000200f9,0x000011ec,0x000200f8,0x000011ec,
	0x000700f5,0x00000006,0x000013ac,0x0000139f,0x000011e3,0x000011eb,0x000011e6,0x000200f9,
	0x000011ed,0x000200f8,0x000011d6,0x000500c7,0x00000006,0x000011d8,0x0000139f,0x000003ff,
	0x000500c4,0x00000006,0x000011d9,0x000011d8,0x00000172,0x000500c7,0x00000006,0x000011db,
	0x0000139f,0x00000403,0x000500c2,0x00000006,0x000011dc,0x000011db,0x00000172,0x000500c5,
	0x00000006,0x000011dd,0x000011d9,0x000011dc,0x000500c4,0x00000006,0x000011df,0x000011dd,
	0x00000114,0x000500c2,0x00000006,0x000011e1,0x000011dd,0x00000114,0x000500c5,0x00000006,
	0x000011e2,0x000011df,0x000011e1,0x000200f9,0x000011ed,0x000200f8,0x000011ed,0x000700f5,
	0x00000006,0x000013ab,0x000011e2,0x000011d6,0x000013ac,0x000011ec,0x000200f9,0x000011ee,
	0x000200f8,0x000011cb,0x000500c7,0x00000006,0x000011cd,0x0000139f,0x000003ff,0x000500c4,
	0x00000006,0x000011ce,0x000011cd,0x00000172,0x000500c7,0x00000006,0x000011d0,0x0000139f,
	0x00000403,0x000500c2,0x00000006,0x000011d1,0x000011d0,0x00000172,0x000500c5,0x00000006,
	0x000011d2,0x000011ce,0x000011d1,0x000200f9,0x000011ee,0x000200f8,0x000011ee,0x000700f5,
	0x00000006,0x000013aa,0x000011d2,0x000011cb,0x000013ab,0x000011ed,0x00050041,0x00000435,
	0x00001197,0x00000433,0x00000434,0x0004003d,0x00000006,0x00001198,0x00001197,0x000500c2,
	0x00000006,0x00001199,0x00001198,0x000000aa,0x000500c7,0x00000006,0x0000119a,0x00001199,
	0x000000aa,0x000500aa,0x000000d3,0x0000119c,0x0000119a,0x0000008d,0x000300f7,0x000011b0,
	0x00000000,0x000400fa,0x0000119c,0x0000119d,0x000011a7,0x000200f8,0x000011a7,0x000500aa,
	0x000000d3,0x000011a9,0x0000119a,0x00000176,0x000300f7,0x000011af,0x00000000,0x000400fa,
	0x000011a9,0x000011aa,0x000011af,0x000200f8,0x000011aa,0x000500c2,0x00000006,0x000011ac,
	0x000013aa,0x00000172,0x000500c7,0x00000006,0x000011f6,0x000011ac,0x000000c7,0x000500c7,
	0x00000006,0x000011f8,0x000011ac,0x000000cc,0x000500c2,0x00000006,0x000011fa,0x000011f6,
	0x000000d0,0x000500aa,0x000000d3,0x000011fc,0x000011fa,0x00000090,0x000500ab,0x000000d3,
	0x000011fe,0x000011f8,0x00000090,0x000500a7,0x000000d3,0x000011ff,0x000011fc,0x000011fe,
	0x000300f7,0x0000120d,0x00000000,0x000400fa,0x000011ff,0x00001200,0x0000120d,0x000200f8,
	0x00001200,0x0006000c,0x00000006,0x00001202,0x00000001,0x0000004b,0x000011f8,0x00050082,
	0x00000006,0x00001204,0x000000d0,0x00001202,0x0004007c,0x0000005a,0x00001206,0x00001204,
	0x00050082,0x0000005a,0x00001207,0x000000e0,0x00001206,0x0004007c,0x00000006,0x00001208,
	0x00001207,0x000500c4,0x00000006,0x0000120b,0x000011f8,0x00001204,0x000500c7,0x00000006,
	0x0000120c,0x0000120b,0x000000cc,0x000200f9,0x0000120d,0x000200f8,0x0000120d,0x000700f5,
	0x00000006,0x000013ae,0x000011f8,0x000011aa,0x0000120c,0x00001200,0x000700f5,0x00000006,
	0x000013ad,0x000011fa,0x000011aa,0x00001208,0x00001200,0x000500ab,0x000000d3,0x0000120f,
	0x000011f6,0x00000090,0x00050080,0x00000006,0x00001211,0x000013ad,0x000000ec,0x000500c4,
	0x00000006,0x00001212,0x00001211,0x000000bb,0x000500c4,0x00000006,0x00001214,0x000013ae,
	0x000000aa,0x000500c5,0x00000006,0x00001215,0x00001212,0x00001214,0x0004007c,0x00000025,
	0x00001216,0x00001215,0x000600a9,0x00000025,0x00001217,0x0000120f,0x00001216,0x000000f3,
	0x0004007c,0x00000006,0x000011ae,0x00001217,0x000200f9,0x000011af,0x000200f8,0x000011af,
	0x000700f5,0x00000006,0x000013b0,0x000013aa,0x000011a7,0x000011ae,0x0000120d,0x000200f9,
	0x000011b0,0x000200f8,0x0000119d,0x000500c2,0x00000006,0x0000119f,0x000013aa,0x00000172,
	0x000500c2,0x00000006,0x000011a2,0x0000119f,0x000000bb,0x00050080,0x00000006,0x000011a3,
	0x0000119f,0x000011a2,0x00040070,0x00000025,0x000011a4,0x000011a3,0x00050085,0x00000025,
	0x000011a5,0x000011a4,0x0000044e,0x0004007c,0x00000006,0x000011a6,0x000011a5,0x000200f9,
	0x000011b0,0x000200f8,0x000011b0,0x000700f5,0x00000006,0x000013af,0x000011a6,0x0000119d,
	0x000013b0,0x000011af,0x0004003d,0x0000045c,0x000011b1,0x0000045e,0x00040068,0x00000007,
	0x000011b2,0x000011b1,0x0003003e,0x00001189,0x000011b2,0x00050041,0x00000009,0x000011b3,
	0x00001189,0x00000090,0x0004003d,0x00000006,0x000011b4,0x000011b3,0x00050041,0x00000009,
	0x000011b5,0x0000118a,0x00000090,0x0003003e,0x000011b5,0x000011b4,0x00050041,0x00000009,
	0x000011b6,0x00001189,0x0000008d,0x0004003d,0x00000006,0x000011b7,0x000011b6,0x00050041,
	0x00000009,0x000011b8,0x0000118a,0x0000008d,0x0003003e,0x000011b8,0x000011b7,0x00050041,
	0x00000435,0x000011ba,0x00000433,0x000003b3,0x0004003d,0x00000006,0x000011bb,0x000011ba,
	0x00050050,0x00000007,0x000011bc,0x00000090,0x000011bb,0x00050080,0x00000007,0x000011bd,
	0x00000680,0x000011bc,0x0004003d,0x00000007,0x000011bf,0x0000118a,0x000500b0,0x0000036a,
	0x000011c0,0x000011bd,0x000011bf,0x0004009b,0x000000d3,0x000011c1,0x000011c0,0x000300f7,
	0x000011c6,0x00000000,0x000400fa,0x000011c1,0x000011c2,0x000011c6,0x000200f8,0x000011c2,
	0x0004003d,0x0000045c,0x000011c3,0x0000045e,0x00040063,0x000011c3,0x000011bd,0x000013af,
	0x000200f9,0x000011c6,0x000200f8,0x000011c6,0x000200f9,0x00000761,0x000200f8,0x00000761,
	0x000200f9,0x00000762,0x000200f8,0x00000710,0x0004003d,0x0000003a,0x00000711,0x00000642,
	0x0003003e,0x0000064a,0x00000711,0x000200f9,0x00000ebf,0x000200f8,0x00000ebf,0x000200f9,
	0x00000ec2,0x000200f8,0x00000ec2,0x00050041,0x0000002a,0x00000ec3,0x0000064a,0x00000090,
	0x0004003d,0x00000025,0x00000ec4,0x00000ec3,0x0008000c,0x00000025,0x00000f07,0x00000001,
	0x0000002b,0x00000ec4,0x000000f3,0x00000157,0x00050085,0x00000025,0x00000f09,0x00000f07,
	0x00000167,0x00050081,0x00000025,0x00000f0a,0x00000f09,0x0000015b,0x0004006d,0x00000006,
	0x00000f0b,0x00000f0a,0x00050041,0x0000002a,0x00000ec6,0x0000064a,0x0000008d,0x0004003d,
	0x00000025,0x00000ec7,0x00000ec6,0x0008000c,0x00000025,0x00000f0f,0x00000001,0x0000002b,
	0x00000ec7,0x000000f3,0x00000157,0x00050085,0x00000025,0x00000f11,0x00000f0f,0x00000167,
	0x00050081,0x00000025,0x00000f12,0x00000f11,0x0000015b,0x0004006d,0x00000006,0x00000f13,
	0x00000f12,0x000500c4,0x00000006,0x00000ec9,0x00000f13,0x00000172,0x000500c5,0x00000006,
	0x00000eca,0x00000f0b,0x00000ec9,0x00050041,0x0000002a,0x00000ecb,0x0000064a,0x00000176,
	0x0004003d,0x00000025,0x00000ecc,0x00000ecb,0x0008000c,0x00000025,0x00000f17,0x00000001,
	0x0000002b,0x00000ecc,0x000000f3,0x00000157,0x00050085,0x00000025,0x00000f19,0x00000f17,
	0x00000167,0x00050081,0x00000025,0x00000f1a,0x00000f19,0x0000015b,0x0004006d,0x00000006,
	0x00000f1b,0x00000f1a,0x000500c4,0x00000006,0x00000ece,0x00000f1b,0x00000114,0x000500c5,
	0x00000006,0x00000ecf,0x00000eca,0x00000ece,0x00050041,0x0000002a,0x00000ed0,0x0000064a,
	0x000000aa,0x0004003d,0x00000025,0x00000ed1,0x00000ed0,0x0008000c,0x00000025,0x00000f1f,
	0x00000001,0x0000002b,0x00000ed1,0x000000f3,0x00000157,0x00050085,0x00000025,0x00000f21,
	0x00000f1f,0x00000167,0x00050081,0x00000025,0x00000f22,0x00000f21,0x0000015b,0x0004006d,
	0x00000006,0x00000f23,0x00000f22,0x000500c4,0x00000006,0x00000ed3,0x00000f23,0x00000109,
	0x000500c5,0x00000006,0x00000ed4,0x00000ecf,0x00000ed3,0x000200f9,0x00000eff,0x000200f8,
	0x00000eff,0x000200f9,0x00000f02,0x000200f8,0x00000f02,0x000500aa,0x000000d3,0x00000fa3,
	0x000006a1,0x0000008d,0x000300f7,0x00000fc7,0x00000000,0x000400fa,0x00000fa3,0x00000fa4,
	0x00000fac,0x000200f8,0x00000fac,0x000500aa,0x000000d3,0x00000fae,0x000006a1,0x00000176,
	0x000300f7,0x00000fc6,0x00000000,0x000400fa,0x00000fae,0x00000faf,0x00000fbc,0x000200f8,
	0x00000fbc,0x000500aa,0x000000d3,0x00000fbe,0x000006a1,0x000000aa,0x000300f7,0x00000fc5,
	0x00000000,0x000400fa,0x00000fbe,0x00000fbf,0x00000fc5,0x000200f8,0x00000fbf,0x000500c4,
	0x00000006,0x00000fc1,0x00000ed4,0x00000114,0x000500c2,0x00000006,0x00000fc3,0x00000ed4,
	0x00000114,0x000500c5,0x00000006,0x00000fc4,0x00000fc1,0x00000fc3,0x000200f9,0x00000fc5,
	0x000200f8,0x00000fc5,0x000700f5,0x00000006,0x000013b6,0x00000ed4,0x00000fbc,0x00000fc4,
	0x00000fbf,0x000200f9,0x00000fc6,0x000200f8,0x00000faf,0x000500c7,0x00000006,0x00000fb1,
	0x00000ed4,0x000003ff,0x000500c4,0x00000006,0x00000fb2,0x00000fb1,0x00000172,0x000500c7,
	0x00000006,0x00000fb4,0x00000ed4,0x00000403,0x000500c2,0x00000006,0x00000fb5,0x00000fb4,
	0x00000172,0x000500c5,0x00000006,0x00000fb6,0x00000fb2,0x00000fb5,0x000500c4,0x00000006,
	0x00000fb8,0x00000fb6,0x00000114,0x000500c2,0x00000006,0x00000fba,0x00000fb6,0x00000114,
	0x000500c5,0x00000006,0x00000fbb,0x00000fb8,0x00000fba,0x000200f9,0x00000fc6,0x000200f8,
	0x00000fc6,0x000700f5,0x00000006,0x000013b5,0x00000fbb,0x00000faf,0x000013b6,0x00000fc5,
	0x000200f9,0x00000fc7,0x000200f8,0x00000fa4,0x000500c7,0x00000006,0x00000fa6,0x00000ed4,
	0x000003ff,0x000500c4,0x00000006,0x00000fa7,0x00000fa6,0x00000172,0x000500c7,0x00000006,
	0x00000fa9,0x00000ed4,0x00000403,0x000500c2,0x00000006,0x00000faa,0x00000fa9,0x00000172,
	0x000500c5,0x00000006,0x00000fab,0x00000fa7,0x00000faa,0x000200f9,0x00000fc7,0x000200f8,
	0x00000fc7,0x000700f5,0x00000006,0x000013b4,0x00000fab,0x00000fa4,0x000013b5,0x00000fc6,
	0x000500c2,0x0000005a,0x00000fd5,0x00001382,0x0000038f,0x00060041,0x0000042e,0x00000fd8,
	0x0000042b,0x0000033e,0x00000fd5,0x0003003e,0x00000fd8,0x000013b4,0x00050041,0x00000435,
	0x00000fd9,0x00000433,0x00000434,0x0004003d,0x00000006,0x00000fda,0x00000fd9,0x000500c7,
	0x00000006,0x00000fdb,0x00000fda,0x00000125,0x000500aa,0x000000d3,0x00001011,0x00000fdb,
	0x0000008d,0x000300f7,0x00001035,0x00000000,0x000400fa,0x00001011,0x00001012,0x0000101a,
	0x000200f8,0x0000101a,0x000500aa,0x000000d3,0x0000101c,0x00000fdb,0x00000176,0x000300f7,
	0x00001034,0x00000000,0x000400fa,0x0000101c,0x0000101d,0x0000102a,0x000200f8,0x0000102a,
	0x000500aa,0x000000d3,0x0000102c,0x00000fdb,0x000000aa,0x000300f7,0x00001033,0x00000000,
	0x000400fa,0x0000102c,0x0000102d,0x00001033,0x000200f8,0x0000102d,0x000500c4,0x00000006,
	0x0000102f,0x000013b4,0x00000114,0x000500c2,0x00000006,0x00001031,0x000013b4,0x00000114,
	0x000500c5,0x00000006,0x00001032,0x0000102f,0x00001031,0x000200f9,0x00001033,0x000200f8,
	0x00001033,0x000700f5,0x00000006,0x000013c1,0x000013b4,0x0000102a,0x00001032,0x0000102d,
	0x000200f9,0x00001034,0x000200f8,0x0000101d,0x000500c7,0x00000006,0x0000101f,0x000013b4,
	0x000003ff,0x000500c4,0x00000006,0x00001020,0x0000101f,0x00000172,0x000500c7,0x00000006,
	0x00001022,0x000013b4,0x00000403,0x000500c2,0x00000006,0x00001023,0x00001022,0x00000172,
	0x000500c5,0x00000006,0x00001024,0x00001020,0x00001023,0x000500c4,0x00000006,0x00001026,
	0x00001024,0x00000114,0x000500c2,0x00000006,0x00001028,0x00001024,0x00000114,0x000500c5,
	0x00000006,0x00001029,0x00001026,0x00001028,0x000200f9,0x00001034,0x000200f8,0x00001034,
	0x000700f5,0x00000006,0x000013c0,0x00001029,0x0000101d,0x000013c1,0x00001033,0x000200f9,
	0x00001035,0x000200f8,0x00001012,0x000500c7,0x00000006,0x00001014,0x000013b4,0x000003ff,
	0x000500c4,0x00000006,0x00001015,0x00001014,0x00000172,0x000500c7,0x00000006,0x00001017,
	0x000013b4,0x00000403,0x000500c2,0x00000006,0x00001018,0x00001017,0x00000172,0x000500c5,
	0x00000006,0x00001019,0x00001015,0x00001018,0x000200f9,0x00001035,0x000200f8,0x00001035,
	0x000700f5,0x00000006,0x000013bf,0x00001019,0x00001012,0x000013c0,0x00001034,0x00050041,
	0x00000435,0x00000fde,0x00000433,0x00000434,0x0004003d,0x00000006,0x00000fdf,0x00000fde,
	0x000500c2,0x00000006,0x00000fe0,0x00000fdf,0x000000aa,0x000500c7,0x00000006,0x00000fe1,
	0x00000fe0,0x000000aa,0x000500aa,0x000000d3,0x00000fe3,0x00000fe1,0x0000008d,0x000300f7,
	0x00000ff7,0x00000000,0x000400fa,0x00000fe3,0x00000fe4,0x00000fee,0x000200f8,0x00000fee,
	0x000500aa,0x000000d3,0x00000ff0,0x00000fe1,0x00000176,0x000300f7,0x00000ff6,0x00000000,
	0x000400fa,0x00000ff0,0x00000ff1,0x00000ff6,0x000200f8,0x00000ff1,0x000500c2,0x00000006,
	0x00000ff3,0x000013bf,0x00000172,0x000500c7,0x00000006,0x0000103d,0x00000ff3,0x000000c7,
	0x000500c7,0x00000006,0x0000103f,0x00000ff3,0x000000cc,0x000500c2,0x00000006,0x00001041,
	0x0000103d,0x000000d0,0x000500aa,0x000000d3,0x00001043,0x00001041,0x00000090,0x000500ab,
	0x000000d3,0x00001045,0x0000103f,0x00000090,0x000500a7,0x000000d3,0x00001046,0x00001043,
	0x00001045,0x000300f7,0x00001054,0x00000000,0x000400fa,0x00001046,0x00001047,0x00001054,
	0x000200f8,0x00001047,0x0006000c,0x00000006,0x00001049,0x00000001,0x0000004b,0x0000103f,
	0x00050082,0x00000006,0x0000104b,0x000000d0,0x00001049,0x0004007c,0x0000005a,0x0000104d,
	0x0000104b,0x00050082,0x0000005a,0x0000104e,0x000000e0,0x0000104d,0x0004007c,0x00000006,
	0x0000104f,0x0000104e,0x000500c4,0x00000006,0x00001052,0x0000103f,0x0000104b,0x000500c7,
	0x00000006,0x00001053,0x00001052,0x000000cc,0x000200f9,0x00001054,0x000200f8,0x00001054,
	0x000700f5,0x00000006,0x000013c3,0x0000103f,0x00000ff1,0x00001053,0x00001047,0x000700f5,
	0x00000006,0x000013c2,0x00001041,0x00000ff1,0x0000104f,0x00001047,0x000500ab,0x000000d3,
	0x00001056,0x0000103d,0x00000090,0x00050080,0x00000006,0x00001058,0x000013c2,0x000000ec,
	0x000500c4,0x00000006,0x00001059,0x00001058,0x000000bb,0x000500c4,0x00000006,0x0000105b,
	0x000013c3,0x000000aa,0x000500c5,0x00000006,0x0000105c,0x00001059,0x0000105b,0x0004007c,
	0x00000025,0x0000105d,0x0000105c,0x000600a9,0x00000025,0x0000105e,0x00001056,0x0000105d,
	0x000000f3,0x0004007c,0x00000006,0x00000ff5,0x0000105e,0x000200f9,0x00000ff6,0x000200f8,
	0x00000ff6,0x000700f5,0x00000006,0x000013c5,0x000013bf,0x00000fee,0x00000ff5,0x00001054,
	0x000200f9,0x00000ff7,0x000200f8,0x00000fe4,0x000500c2,0x00000006,0x00000fe6,0x000013bf,
	0x00000172,0x000500c2,0x00000006,0x00000fe9,0x00000fe6,0x000000bb,0x00050080,0x00000006,
	0x00000fea,0x00000fe6,0x00000fe9,0x00040070,0x00000025,0x00000feb,0x00000fea,0x00050085,
	0x00000025,0x00000fec,0x00000feb,0x0000044e,0x0004007c,0x00000006,0x00000fed,0x00000fec,
	0x000200f9,0x00000ff7,0x000200f8,0x00000ff7,0x000700f5,0x00000006,0x000013c4,0x00000fed,
	0x00000fe4,0x000013c5,0x00000ff6,0x0004003d,0x0000045c,0x00000ff8,0x0000045e,0x00040068,
	0x00000007,0x00000ff9,0x00000ff8,0x0003003e,0x00000fd0,0x00000ff9,0x00050041,0x00000009,
	0x00000ffa,0x00000fd0,0x00000090,0x0004003d,0x00000006,0x00000ffb,0x00000ffa,0x00050041,
	0x00000009,0x00000ffc,0x00000fd1,0x00000090,0x0003003e,0x00000ffc,0x00000ffb,0x00050041,
	0x00000009,0x00000ffd,0x00000fd0,0x0000008d,0x0004003d,0x00000006,0x00000ffe,0x00000ffd,
	0x00050041,0x00000009,0x00000fff,0x00000fd1,0x0000008d,0x0003003e,0x00000fff,0x00000ffe,
	0x00050041,0x00000435,0x00001001,0x00000433,0x000003b3,0x0004003d,0x00000006,0x00001002,
	0x00001001,0x00050050,0x00000007,0x00001003,0x00000090,0x00001002,0x00050080,0x00000007,
	0x00001004,0x00000680,0x00001003,0x0004003d,0x00000007,0x00001006,0x00000fd1,0x000500b0,
	0x0000036a,0x00001007,0x00001004,0x00001006,0x0004009b,0x000000d3,0x00001008,0x00001007,
	0x000300f7,0x0000100d,0x00000000,0x000400fa,0x00001008,0x00001009,0x0000100d,0x000200f8,
	0x00001009,0x0004003d,0x0000045c,0x0000100a,0x0000045e,0x00040063,0x0000100a,0x00001004,
	0x000013c4,0x000200f9,0x0000100d,0x000200f8,0x0000100d,0x000200f9,0x00000762,0x000200f8,
	0x00000762,0x000200f9,0x00000763,0x000200f8,0x00000763,0x000100fd,0x00010038
};
