	// 1116.5.0
	 #pragma once
const uint32_t fh1_native_resolve_image_uint_ms_cs[] = {
	0x07230203,0x00010000,0x0008000b,0x00001421,0x00000000,0x00020011,0x00000001,0x00020011,
	0x00000032,0x0006000b,0x00000001,0x4c534c47,0x6474732e,0x3035342e,0x00000000,0x0003000e,
	0x00000000,0x00000001,0x0006000f,0x00000005,0x00000004,0x6e69616d,0x00000000,0x000005fc,
	0x00060010,0x00000004,0x00000011,0x00000008,0x00000008,0x00000001,0x00030003,0x00000005,
	0x000001f4,0x00040005,0x00000004,0x6e69616d,0x00000000,0x00070005,0x0000033b,0x5f316866,
	0x72756f73,0x635f6563,0x726f6c6f,0x00000000,0x00050005,0x00000420,0x5f316866,0x6f6d656d,
	0x00007972,0x00050006,0x00000420,0x00000000,0x74616440,0x00000061,0x00050005,0x00000422,
	0x5f316866,0x6f6d656d,0x00007972,0x000a0005,0x00000429,0x4e316846,0x76697461,0x73655265,
	0x65766c6f,0x6f6d654d,0x6f437972,0x6174736e,0x0073746e,0x00070006,0x00000429,0x00000000,
	0x5f316866,0x74636572,0x69726f5f,0x006e6967,0x00070006,0x00000429,0x00000001,0x5f316866,
	0x74636572,0x7a69735f,0x00000065,0x00080006,0x00000429,0x00000002,0x5f316866,0x6f736572,
	0x5f65766c,0x6f79616c,0x00007475,0x00080006,0x00000429,0x00000003,0x5f316866,0x656e776f,
	0x616c5f72,0x74756f79,0x00000000,0x00080006,0x00000429,0x00000004,0x5f316866,0x706d6173,
	0x735f656c,0x63656c65,0x00000074,0x00070006,0x00000429,0x00000005,0x5f316866,0x74736564,
	0x666e695f,0x0000006f,0x00070006,0x00000429,0x00000006,0x5f316866,0x74736564,0x7361625f,
	0x00000065,0x00070006,0x00000429,0x00000007,0x5f316866,0x74736564,0x7469705f,0x00006863,
	0x00070006,0x00000429,0x00000008,0x5f316866,0x67616d69,0x6f725f65,0x00000077,0x00080006,
	0x00000429,0x00000009,0x5f316866,0x67616d69,0x6e655f65,0x6e616964,0x00000000,0x00030005,
	0x0000042b,0x00000000,0x00050005,0x00000456,0x5f316866,0x67616d69,0x00000065,0x00040005,
	0x000005fc,0x65726874,0x00006461,0x00040047,0x0000033b,0x00000021,0x00000010,0x00040047,
	0x0000033b,0x00000022,0x00000000,0x00040047,0x0000041f,0x00000006,0x00000004,0x00030047,
	0x00000420,0x00000003,0x00050048,0x00000420,0x00000000,0x00000023,0x00000000,0x00040047,
	0x00000422,0x00000021,0x00000020,0x00040047,0x00000422,0x00000022,0x00000000,0x00030047,
	0x00000429,0x00000002,0x00050048,0x00000429,0x00000000,0x00000023,0x00000000,0x00050048,
	0x00000429,0x00000001,0x00000023,0x00000004,0x00050048,0x00000429,0x00000002,0x00000023,
	0x00000008,0x00050048,0x00000429,0x00000003,0x00000023,0x0000000c,0x00050048,0x00000429,
	0x00000004,0x00000023,0x00000010,0x00050048,0x00000429,0x00000005,0x00000023,0x00000014,
	0x00050048,0x00000429,0x00000006,0x00000023,0x00000018,0x00050048,0x00000429,0x00000007,
	0x00000023,0x0000001c,0x00050048,0x00000429,0x00000008,0x00000023,0x00000020,0x00050048,
	0x00000429,0x00000009,0x00000023,0x00000024,0x00040047,0x00000456,0x00000021,0x00000021,
	0x00040047,0x00000456,0x00000022,0x00000000,0x00040047,0x000005fc,0x0000000b,0x0000001c,
	0x00020013,0x00000002,0x00030021,0x00000003,0x00000002,0x00040015,0x00000006,0x00000020,
	0x00000000,0x00040017,0x00000007,0x00000006,0x00000002,0x00040020,0x00000008,0x00000007,
	0x00000007,0x00040020,0x00000009,0x00000007,0x00000006,0x00030016,0x00000025,0x00000020,
	0x00040020,0x0000002a,0x00000007,0x00000025,0x00040017,0x0000003a,0x00000025,0x00000004,
	0x00040020,0x0000003b,0x00000007,0x0000003a,0x00040015,0x0000005a,0x00000020,0x00000001,
	0x00040017,0x00000082,0x00000006,0x00000003,0x0004002b,0x00000025,0x0000008a,0x42000000,
	0x0004002b,0x00000006,0x0000008d,0x00000001,0x0004002b,0x00000006,0x00000090,0x00000000,
	0x0005002c,0x00000007,0x00000091,0x00000090,0x00000090,0x0004002b,0x00000006,0x0000009c,
	0x000007ff,0x0004002b,0x00000006,0x000000a1,0x0000000b,0x0004002b,0x00000006,0x000000a3,
	0x000000ff,0x0004002b,0x00000006,0x000000a8,0x00000013,0x0004002b,0x00000006,0x000000aa,
	0x00000003,0x0004002b,0x00000006,0x000000af,0x00000015,0x0004002b,0x00000006,0x000000b5,
	0x00000016,0x0004002b,0x00000006,0x000000bb,0x00000017,0x0004002b,0x00000006,0x000000bd,
	0x0000000f,0x0004002b,0x00000006,0x000000c2,0x0000001b,0x0004002b,0x00000006,0x000000c7,
	0x00ffffff,0x0004002b,0x00000006,0x000000cc,0x000fffff,0x0004002b,0x00000006,0x000000d0,
	0x00000014,0x00020014,0x000000d3,0x0004002b,0x00000006,0x000000db,0x0000001f,0x0004002b,
	0x0000005a,0x000000e0,0x00000001,0x0004002b,0x00000006,0x000000ec,0x00000070,0x0004002b,
	0x00000025,0x000000f3,0x00000000,0x0004002b,0x00000006,0x00000109,0x00000018,0x0004002b,
	0x00000006,0x00000114,0x00000010,0x0004002b,0x00000006,0x00000119,0x000003ff,0x0004002b,
	0x00000006,0x00000121,0x0000007f,0x0004002b,0x00000006,0x00000125,0x00000007,0x0004002b,
	0x00000006,0x0000013e,0x0000007c,0x0004002b,0x0000005a,0x0000014b,0x00000010,0x0004002b,
	0x00000025,0x0000014e,0x38000100,0x0004002b,0x00000025,0x00000150,0xbf800000,0x0004002b,
	0x00000025,0x00000157,0x3f800000,0x0004002b,0x00000025,0x0000015b,0x3f000000,0x0004002b,
	0x00000025,0x00000167,0x437f0000,0x0004002b,0x00000006,0x00000172,0x00000008,0x0004002b,
	0x00000006,0x00000176,0x00000002,0x0004002b,0x00000025,0x00000185,0x447fc000,0x0004002b,
	0x00000006,0x00000190,0x0000000a,0x0004002b,0x00000025,0x0000019a,0x40400000,0x0004002b,
	0x00000006,0x000001a0,0x0000001e,0x0004002b,0x00000025,0x000001db,0x3b808081,0x00040017,
	0x000001e9,0x00000025,0x00000003,0x0004002b,0x00000025,0x000001eb,0x3a802008,0x0004002b,
	0x00000025,0x000001f0,0x3eaaaaab,0x00040017,0x00000216,0x00000025,0x00000002,0x0007002c,
	0x0000003a,0x0000021f,0x000000f3,0x000000f3,0x000000f3,0x000000f3,0x0004002b,0x00000006,
	0x000002ad,0x00000050,0x0004002b,0x00000006,0x000002b4,0x00000004,0x0004002b,0x00000006,
	0x000002eb,0x00000028,0x00040017,0x0000030f,0x0000005a,0x00000002,0x00040017,0x00000336,
	0x00000006,0x00000004,0x00040020,0x00000337,0x00000007,0x00000336,0x00090019,0x00000339,
	0x00000006,0x00000001,0x00000000,0x00000000,0x00000001,0x00000001,0x00000000,0x00040020,
	0x0000033a,0x00000000,0x00000339,0x0004003b,0x0000033a,0x0000033b,0x00000000,0x0004002b,
	0x00000006,0x00000348,0x0000000e,0x0004002b,0x00000006,0x00000353,0x0000ffff,0x00040017,
	0x00000361,0x000000d3,0x00000002,0x0004002b,0x00000006,0x0000036f,0xffffffe0,0x0004002b,
	0x0000005a,0x00000373,0x00000005,0x0004002b,0x0000005a,0x00000381,0x00000007,0x0004002b,
	0x0000005a,0x00000384,0x0000000e,0x0004002b,0x0000005a,0x00000386,0x00000002,0x0004002b,
	0x0000005a,0x0000038e,0xfffffff0,0x0004002b,0x0000005a,0x00000393,0x0000000f,0x0004002b,
	0x0000005a,0x00000398,0x00000004,0x0004002b,0x0000005a,0x0000039c,0xfffffe00,0x0004002b,
	0x0000005a,0x0000039e,0x00000003,0x0004002b,0x0000005a,0x000003a5,0x000001c0,0x0004002b,
	0x0000005a,0x000003aa,0x00000008,0x0004002b,0x0000005a,0x000003b1,0x00000006,0x0004002b,
	0x0000005a,0x000003b5,0x0000003f,0x0004002b,0x00000006,0x000003db,0xfffffff0,0x0004002b,
	0x00000006,0x000003f6,0x00ff00ff,0x0004002b,0x00000006,0x000003fa,0xff00ff00,0x0003001d,
	0x0000041f,0x00000006,0x0003001e,0x00000420,0x0000041f,0x00040020,0x00000421,0x00000002,
	0x00000420,0x0004003b,0x00000421,0x00000422,0x00000002,0x0004002b,0x0000005a,0x00000423,
	0x00000000,0x00040020,0x00000426,0x00000002,0x00000006,0x000c001e,0x00000429,0x00000006,
	0x00000006,0x00000006,0x00000006,0x00000006,0x00000006,0x00000006,0x00000006,0x00000006,
	0x00000006,0x00040020,0x0000042a,0x00000009,0x00000429,0x0004003b,0x0000042a,0x0000042b,
	0x00000009,0x0004002b,0x0000005a,0x0000042c,0x00000009,0x00040020,0x0000042d,0x00000009,
	0x00000006,0x0004002b,0x00000025,0x00000446,0x33800000,0x00090019,0x00000454,0x00000006,
	0x00000001,0x00000000,0x00000000,0x00000000,0x00000002,0x00000021,0x00040020,0x00000455,
	0x00000000,0x00000454,0x0004003b,0x00000455,0x00000456,0x00000000,0x0004002b,0x0000005a,
	0x00000574,0x00000018,0x0004002b,0x0000005a,0x00000576,0x0000007f,0x0004002b,0x00000006,
	0x00000580,0x00000006,0x00040020,0x000005fb,0x00000001,0x00000082,0x0004003b,0x000005fb,
	0x000005fc,0x00000001,0x00050036,0x00000002,0x00000004,0x00000000,0x00000003,0x000200f8,
	0x00000005,0x0004003b,0x00000008,0x0000122b,0x00000007,0x0004003b,0x00000008,0x0000122c,
	0x00000007,0x0004003b,0x00000008,0x0000116c,0x00000007,0x0004003b,0x00000008,0x0000116d,
	0x00000007,0x0004003b,0x00000008,0x00000fb3,0x00000007,0x0004003b,0x00000008,0x00000fb4,
	0x00000007,0x0004003b,0x00000337,0x00000c1a,0x00000007,0x0004003b,0x00000008,0x00000c1e,
	0x00000007,0x0004003b,0x00000008,0x00000bd5,0x00000007,0x0004003b,0x00000337,0x00000aaf,
	0x00000007,0x0004003b,0x00000008,0x00000ab3,0x00000007,0x0004003b,0x00000008,0x00000a6a,
	0x00000007,0x0004003b,0x00000008,0x00000a4d,0x00000007,0x0004003b,0x00000008,0x000009b0,
	0x00000007,0x0004003b,0x00000008,0x000009b1,0x00000007,0x0004003b,0x00000337,0x00000861,
	0x00000007,0x0004003b,0x00000008,0x00000865,0x00000007,0x0004003b,0x00000008,0x0000081c,
	0x00000007,0x0004003b,0x00000008,0x0000061d,0x00000007,0x0004003b,0x00000008,0x00000627,
	0x00000007,0x0004003b,0x00000008,0x00000628,0x00000007,0x0004003b,0x0000003b,0x0000063a,
	0x00000007,0x0004003b,0x0000003b,0x00000642,0x00000007,0x0004003b,0x0000003b,0x00000649,
	0x00000007,0x0004003b,0x00000008,0x00000655,0x00000007,0x0004003d,0x00000082,0x000005fd,
	0x000005fc,0x000300f7,0x0000075b,0x00000000,0x000300fb,0x00000090,0x00000660,0x000200f8,
	0x00000660,0x00050041,0x0000042d,0x00000661,0x0000042b,0x000000e0,0x0004003d,0x00000006,
	0x00000662,0x00000661,0x000500c7,0x00000006,0x00000663,0x00000662,0x00000353,0x00050041,
	0x0000042d,0x00000664,0x0000042b,0x000000e0,0x0004003d,0x00000006,0x00000665,0x00000664,
	0x000500c2,0x00000006,0x00000666,0x00000665,0x00000114,0x00050050,0x00000007,0x00000667,
	0x00000663,0x00000666,0x0007004f,0x00000007,0x00000669,0x000005fd,0x000005fd,0x00000000,
	0x00000001,0x000500ae,0x00000361,0x0000066b,0x00000669,0x00000667,0x0004009a,0x000000d3,
	0x0000066c,0x0000066b,0x000300f7,0x0000066e,0x00000000,0x000400fa,0x0000066c,0x0000066d,
	0x0000066e,0x000200f8,0x0000066d,0x000200f9,0x0000075b,0x000200f8,0x0000066e,0x00050041,
	0x0000042d,0x0000066f,0x0000042b,0x00000423,0x0004003d,0x00000006,0x00000670,0x0000066f,
	0x000500c7,0x00000006,0x00000671,0x00000670,0x00000353,0x00050041,0x0000042d,0x00000672,
	0x0000042b,0x00000423,0x0004003d,0x00000006,0x00000673,0x00000672,0x000500c2,0x00000006,
	0x00000674,0x00000673,0x00000114,0x00050050,0x00000007,0x00000675,0x00000671,0x00000674,
	0x0007004f,0x00000007,0x00000677,0x000005fd,0x000005fd,0x00000000,0x00000001,0x00050080,
	0x00000007,0x00000678,0x00000675,0x00000677,0x0003003e,0x0000061d,0x00000678,0x00050041,
	0x0000042d,0x0000067a,0x0000042b,0x00000373,0x0004003d,0x00000006,0x0000067b,0x0000067a,
	0x000500c2,0x00000006,0x0000067c,0x0000067b,0x000000a8,0x000500c7,0x00000006,0x0000067d,
	0x0000067c,0x0000008d,0x000500ab,0x000000d3,0x0000067e,0x0000067d,0x00000090,0x000600a9,
	0x00000025,0x0000067f,0x0000067e,0x0000008a,0x00000157,0x00050041,0x0000042d,0x00000680,
	0x0000042b,0x00000373,0x0004003d,0x00000006,0x00000681,0x00000680,0x000500c2,0x00000006,
	0x00000682,0x00000681,0x000000d0,0x000500c7,0x00000006,0x00000683,0x00000682,0x000000aa,
	0x00050080,0x00000006,0x00000684,0x00000683,0x0000008d,0x00050041,0x0000042d,0x00000685,
	0x0000042b,0x00000373,0x0004003d,0x00000006,0x00000686,0x00000685,0x000500c2,0x00000006,
	0x00000687,0x00000686,0x000000b5,0x000500c7,0x00000006,0x00000688,0x00000687,0x0000008d,
	0x000500ab,0x000000d3,0x00000689,0x00000688,0x00000090,0x000300f7,0x00000692,0x00000000,
	0x000400fa,0x00000689,0x0000068b,0x0000068d,0x000200f8,0x0000068d,0x0004003d,0x00000007,
	0x0000068e,0x0000061d,0x00050050,0x00000007,0x00000760,0x00000684,0x00000684,0x00050089,
	0x00000007,0x00000761,0x0000068e,0x00000760,0x00050050,0x00000007,0x00000764,0x00000684,
	0x00000684,0x00050086,0x00000007,0x00000765,0x0000068e,0x00000764,0x0003003e,0x0000061d,
	0x00000765,0x000200f9,0x00000692,0x000200f8,0x0000068b,0x000200f9,0x00000692,0x000200f8,
	0x00000692,0x000700f5,0x00000007,0x0000135e,0x00000091,0x0000068b,0x00000761,0x0000068d,
	0x00050041,0x0000042d,0x00000693,0x0000042b,0x00000373,0x0004003d,0x00000006,0x00000694,
	0x00000693,0x000500c7,0x00000006,0x00000695,0x00000694,0x00000125,0x00050041,0x0000042d,
	0x00000696,0x0000042b,0x00000373,0x0004003d,0x00000006,0x00000697,0x00000696,0x000500c2,
	0x00000006,0x00000698,0x00000697,0x000000aa,0x000500c7,0x00000006,0x00000699,0x00000698,
	0x00000125,0x00050041,0x0000042d,0x0000069a,0x0000042b,0x00000373,0x0004003d,0x00000006,
	0x0000069b,0x0000069a,0x000500c2,0x00000006,0x0000069c,0x0000069b,0x00000114,0x000500c7,
	0x00000006,0x0000069d,0x0000069c,0x000000aa,0x000500ac,0x000000d3,0x0000069f,0x00000684,
	0x0000008d,0x000400a8,0x000000d3,0x000006a1,0x00000689,0x000500a7,0x000000d3,0x000006a2,
	0x0000069f,0x000006a1,0x000300f7,0x000006c1,0x00000002,0x000400fa,0x000006a2,0x000006a3,
	0x000006b2,0x000200f8,0x000006b2,0x00050041,0x0000042d,0x000006b3,0x0000042b,0x000003b1,
	0x0004003d,0x00000006,0x000006b4,0x000006b3,0x00050041,0x00000009,0x000006b5,0x0000061d,
	0x00000090,0x0004003d,0x00000006,0x000006b6,0x000006b5,0x0004007c,0x0000005a,0x000006b7,
	0x000006b6,0x00050041,0x00000009,0x000006b8,0x0000061d,0x0000008d,0x0004003d,0x00000006,
	0x000006b9,0x000006b8,0x0004007c,0x0000005a,0x000006ba,0x000006b9,0x00050041,0x0000042d,
	0x000006bb,0x0000042b,0x00000381,0x0004003d,0x00000006,0x000006bc,0x000006bb,0x00050080,
	0x00000006,0x000007e1,0x000006bc,0x000000db,0x000500c7,0x00000006,0x000007e2,0x000007e1,
	0x0000036f,0x000500c3,0x0000005a,0x000007e4,0x000006b7,0x00000373,0x000500c3,0x0000005a,
	0x000007e6,0x000006ba,0x00000373,0x000500c2,0x00000006,0x000007e8,0x000007e2,0x00000373,
	0x0004007c,0x0000005a,0x000007e9,0x000007e8,0x00050084,0x0000005a,0x000007ea,0x000007e6,
	0x000007e9,0x00050080,0x0000005a,0x000007eb,0x000007e4,0x000007ea,0x00050080,0x00000006,
	0x000007ed,0x0000069d,0x00000125,0x000500c4,0x0000005a,0x000007ee,0x000007eb,0x000007ed,
	0x000500c7,0x0000005a,0x000007f0,0x000006b7,0x00000381,0x000500c7,0x0000005a,0x000007f2,
	0x000006ba,0x00000384,0x000500c4,0x0000005a,0x000007f3,0x000007f2,0x00000386,0x00050080,
	0x0000005a,0x000007f4,0x000007f0,0x000007f3,0x000500c4,0x0000005a,0x000007f6,0x000007f4,
	0x0000069d,0x000500c7,0x0000005a,0x000007f9,0x000007f6,0x0000038e,0x000500c4,0x0000005a,
	0x000007fa,0x000007f9,0x000000e0,0x00050080,0x0000005a,0x000007fb,0x000007ee,0x000007fa,
	0x000500c7,0x0000005a,0x000007fd,0x000007f6,0x00000393,0x00050080,0x0000005a,0x000007fe,
	0x000007fb,0x000007fd,0x000500c7,0x0000005a,0x00000800,0x000006ba,0x000000e0,0x000500c4,
	0x0000005a,0x00000801,0x00000800,0x00000398,0x00050080,0x0000005a,0x00000802,0x000007fe,
	0x00000801,0x000500c7,0x0000005a,0x00000804,0x00000802,0x0000039c,0x000500c4,0x0000005a,
	0x00000805,0x00000804,0x0000039e,0x000500c7,0x0000005a,0x00000807,0x000006ba,0x0000014b,
	0x000500c4,0x0000005a,0x00000808,0x00000807,0x00000381,0x00050080,0x0000005a,0x00000809,
	0x00000805,0x00000808,0x000500c7,0x0000005a,0x0000080b,0x00000802,0x000003a5,0x000500c4,
	0x0000005a,0x0000080c,0x0000080b,0x00000386,0x00050080,0x0000005a,0x0000080d,0x00000809,
	0x0000080c,0x000500c7,0x0000005a,0x0000080f,0x000006ba,0x000003aa,0x000500c3,0x0000005a,
	0x00000810,0x0000080f,0x00000386,0x000500c3,0x0000005a,0x00000812,0x000006b7,0x0000039e,
	0x00050080,0x0000005a,0x00000813,0x00000810,0x00000812,0x000500c7,0x0000005a,0x00000814,
	0x00000813,0x0000039e,0x000500c4,0x0000005a,0x00000815,0x00000814,0x000003b1,0x00050080,
	0x0000005a,0x00000816,0x0000080d,0x00000815,0x000500c7,0x0000005a,0x00000818,0x00000802,
	0x000003b5,0x00050080,0x0000005a,0x00000819,0x00000816,0x00000818,0x0004007c,0x00000006,
	0x000006bf,0x00000819,0x00050080,0x00000006,0x000006c0,0x000006b4,0x000006bf,0x000200f9,
	0x000006c1,0x000200f8,0x000006a3,0x00050041,0x0000042d,0x000006a4,0x0000042b,0x000003b1,
	0x0004003d,0x00000006,0x000006a5,0x000006a4,0x00050084,0x00000006,0x000006a7,0x000006a5,
	0x00000684,0x00050084,0x00000006,0x000006a9,0x000006a7,0x00000684,0x0004003d,0x00000007,
	0x000006aa,0x0000061d,0x0003003e,0x00000627,0x000006aa,0x0003003e,0x00000628,0x0000135e,
	0x00050041,0x0000042d,0x000006ac,0x0000042b,0x00000381,0x0004003d,0x00000006,0x000006ad,
	0x000006ac,0x00050041,0x00000009,0x00000770,0x00000627,0x00000090,0x0004003d,0x00000006,
	0x00000771,0x00000770,0x0004007c,0x0000005a,0x00000772,0x00000771,0x00050041,0x00000009,
	0x00000773,0x00000627,0x0000008d,0x0004003d,0x00000006,0x00000774,0x00000773,0x0004007c,
	0x0000005a,0x00000775,0x00000774,0x00050080,0x00000006,0x000007a2,0x000006ad,0x000000db,
	0x000500c7,0x00000006,0x000007a3,0x000007a2,0x0000036f,0x000500c3,0x0000005a,0x000007a5,
	0x00000772,0x00000373,0x000500c3,0x0000005a,0x000007a7,0x00000775,0x00000373,0x000500c2,
	0x00000006,0x000007a9,0x000007a3,0x00000373,0x0004007c,0x0000005a,0x000007aa,0x000007a9,
	0x00050084,0x0000005a,0x000007ab,0x000007a7,0x000007aa,0x00050080,0x0000005a,0x000007ac,
	0x000007a5,0x000007ab,0x00050080,0x00000006,0x000007ae,0x0000069d,0x00000125,0x000500c4,
	0x0000005a,0x000007af,0x000007ac,0x000007ae,0x000500c7,0x0000005a,0x000007b1,0x00000772,
	0x00000381,0x000500c7,0x0000005a,0x000007b3,0x00000775,0x00000384,0x000500c4,0x0000005a,
	0x000007b4,0x000007b3,0x00000386,0x00050080,0x0000005a,0x000007b5,0x000007b1,0x000007b4,
	0x000500c4,0x0000005a,0x000007b7,0x000007b5,0x0000069d,0x000500c7,0x0000005a,0x000007ba,
	0x000007b7,0x0000038e,0x000500c4,0x0000005a,0x000007bb,0x000007ba,0x000000e0,0x00050080,
	0x0000005a,0x000007bc,0x000007af,0x000007bb,0x000500c7,0x0000005a,0x000007be,0x000007b7,
	0x00000393,0x00050080,0x0000005a,0x000007bf,0x000007bc,0x000007be,0x000500c7,0x0000005a,
	0x000007c1,0x00000775,0x000000e0,0x000500c4,0x0000005a,0x000007c2,0x000007c1,0x00000398,
	0x00050080,0x0000005a,0x000007c3,0x000007bf,0x000007c2,0x000500c7,0x0000005a,0x000007c5,
	0x000007c3,0x0000039c,0x000500c4,0x0000005a,0x000007c6,0x000007c5,0x0000039e,0x000500c7,
	0x0000005a,0x000007c8,0x00000775,0x0000014b,0x000500c4,0x0000005a,0x000007c9,0x000007c8,
	0x00000381,0x00050080,0x0000005a,0x000007ca,0x000007c6,0x000007c9,0x000500c7,0x0000005a,
	0x000007cc,0x000007c3,0x000003a5,0x000500c4,0x0000005a,0x000007cd,0x000007cc,0x00000386,
	0x00050080,0x0000005a,0x000007ce,0x000007ca,0x000007cd,0x000500c7,0x0000005a,0x000007d0,
	0x00000775,0x000003aa,0x000500c3,0x0000005a,0x000007d1,0x000007d0,0x00000386,0x000500c3,
	0x0000005a,0x000007d3,0x00000772,0x0000039e,0x00050080,0x0000005a,0x000007d4,0x000007d1,
	0x000007d3,0x000500c7,0x0000005a,0x000007d5,0x000007d4,0x0000039e,0x000500c4,0x0000005a,
	0x000007d6,0x000007d5,0x000003b1,0x00050080,0x0000005a,0x000007d7,0x000007ce,0x000007d6,
	0x000500c7,0x0000005a,0x000007d9,0x000007c3,0x000003b5,0x00050080,0x0000005a,0x000007da,
	0x000007d7,0x000007d9,0x0004007c,0x00000006,0x00000779,0x000007da,0x000500c2,0x00000006,
	0x0000077b,0x00000114,0x0000069d,0x000500c7,0x00000006,0x0000077d,0x00000779,0x000000bd,
	0x000500c2,0x00000006,0x0000077f,0x0000077d,0x0000069d,0x00050084,0x00000006,0x00000781,
	0x0000077f,0x00000684,0x00050041,0x00000009,0x00000782,0x00000628,0x00000090,0x0004003d,
	0x00000006,0x00000783,0x00000782,0x00050080,0x00000006,0x00000784,0x00000781,0x00000783,
	0x00050086,0x00000006,0x00000787,0x00000784,0x0000077b,0x000500c7,0x00000006,0x00000789,
	0x00000779,0x000003db,0x00050084,0x00000006,0x0000078b,0x00000789,0x00000684,0x00050084,
	0x00000006,0x0000078d,0x0000078b,0x00000684,0x00050084,0x00000006,0x00000790,0x00000787,
	0x00000684,0x00050041,0x00000009,0x00000791,0x00000628,0x0000008d,0x0004003d,0x00000006,
	0x00000792,0x00000791,0x00050080,0x00000006,0x00000793,0x00000790,0x00000792,0x000500c4,
	0x00000006,0x00000794,0x00000793,0x000002b4,0x00050080,0x00000006,0x00000795,0x0000078d,
	0x00000794,0x00050089,0x00000006,0x00000798,0x00000784,0x0000077b,0x000500c4,0x00000006,
	0x0000079a,0x00000798,0x0000069d,0x00050080,0x00000006,0x0000079b,0x00000795,0x0000079a,
	0x00050080,0x00000006,0x000006b1,0x000006a9,0x0000079b,0x000200f9,0x000006c1,0x000200f8,
	0x000006c1,0x000700f5,0x00000006,0x00001365,0x000006b1,0x000006a3,0x000006c0,0x000006b2,
	0x00050041,0x0000042d,0x000006c2,0x0000042b,0x00000398,0x0004003d,0x00000006,0x000006c3,
	0x000006c2,0x000300f7,0x000006ca,0x00000000,0x000900fb,0x000006c3,0x000006c4,0x00000004,
	0x000006c7,0x00000005,0x000006c8,0x00000006,0x000006c9,0x000200f8,0x000006c9,0x000200f9,
	0x000006ca,0x000200f8,0x000006c8,0x000200f9,0x000006ca,0x000200f8,0x000006c7,0x000200f9,
	0x000006ca,0x000200f8,0x000006c4,0x00050041,0x0000042d,0x000006c5,0x0000042b,0x00000398,
	0x0004003d,0x00000006,0x000006c6,0x000006c5,0x000200f9,0x000006ca,0x000200f8,0x000006ca,
	0x000b00f5,0x00000006,0x000013aa,0x000006c6,0x000006c4,0x00000090,0x000006c7,0x00000176,
	0x000006c8,0x00000090,0x000006c9,0x000b00f5,0x00000006,0x00001361,0x0000008d,0x000006c4,
	0x00000176,0x000006c7,0x00000176,0x000006c8,0x000002b4,0x000006c9,0x000500aa,0x000000d3,
	0x000006cc,0x00000695,0x000002b4,0x000300f7,0x000006d6,0x00000000,0x000400fa,0x000006cc,
	0x000006cd,0x000006d6,0x000200f8,0x000006cd,0x0004003d,0x00000007,0x000006ce,0x0000061d,
	0x00050041,0x0000042d,0x00000830,0x0000042b,0x00000386,0x0004003d,0x00000006,0x00000831,
	0x00000830,0x0003003e,0x0000081c,0x000006ce,0x00050041,0x0000042d,0x00000835,0x0000042b,
	0x0000039e,0x0004003d,0x00000006,0x00000836,0x00000835,0x000500c2,0x00000006,0x00000921,
	0x00000831,0x000000a8,0x000500c7,0x00000006,0x00000922,0x00000921,0x000000aa,0x000500ae,
	0x000000d3,0x0000086b,0x00000922,0x00000176,0x000600a9,0x00000006,0x0000086c,0x0000086b,
	0x0000008d,0x00000090,0x000500ae,0x000000d3,0x0000086e,0x00000922,0x0000008d,0x000600a9,
	0x00000006,0x0000086f,0x0000086e,0x0000008d,0x00000090,0x00050041,0x00000009,0x00000870,
	0x0000081c,0x00000090,0x0004003d,0x00000006,0x00000871,0x00000870,0x000500c4,0x00000006,
	0x00000873,0x00000871,0x0000086c,0x000500ae,0x000000d3,0x00000875,0x00000922,0x00000176,
	0x000500c7,0x00000006,0x00000877,0x000013aa,0x0000008d,0x000600a9,0x00000006,0x00000878,
	0x00000875,0x00000877,0x00000090,0x00050080,0x00000006,0x00000879,0x00000873,0x00000878,
	0x00050041,0x00000009,0x0000087a,0x0000081c,0x0000008d,0x0004003d,0x00000006,0x0000087b,
	0x0000087a,0x000500c4,0x00000006,0x0000087d,0x0000087b,0x0000086f,0x000500ae,0x000000d3,
	0x0000087f,0x00000922,0x00000176,0x000500c2,0x00000006,0x00000881,0x000013aa,0x0000008d,
	0x000500aa,0x000000d3,0x00000883,0x00000922,0x0000008d,0x000600a9,0x00000006,0x00000885,
	0x00000883,0x000013aa,0x00000090,0x000600a9,0x00000006,0x00000886,0x0000087f,0x00000881,
	0x00000885,0x00050080,0x00000006,0x00000887,0x0000087d,0x00000886,0x000500c2,0x00000006,
	0x00000926,0x00000831,0x000000af,0x000500c7,0x00000006,0x00000927,0x00000926,0x0000008d,
	0x000500ab,0x000000d3,0x0000088a,0x00000927,0x00000090,0x00050084,0x00000006,0x0000088c,
	0x00000879,0x00000176,0x000600a9,0x00000006,0x00000890,0x0000088a,0x0000088c,0x00000879,
	0x00050086,0x00000006,0x00000892,0x00000890,0x000002ad,0x00050089,0x00000006,0x00000894,
	0x00000890,0x000002ad,0x000500c2,0x00000006,0x00000896,0x00000887,0x000002b4,0x000500c7,
	0x00000006,0x00000898,0x00000887,0x000000bd,0x000500c7,0x00000006,0x0000092b,0x00000831,
	0x0000009c,0x000500c2,0x00000006,0x0000092f,0x00000831,0x000000a1,0x000500c7,0x00000006,
	0x00000930,0x0000092f,0x000000a3,0x000500c2,0x00000006,0x00000934,0x00000831,0x000000af,
	0x000500c7,0x00000006,0x00000935,0x00000934,0x0000008d,0x000500c4,0x00000006,0x000008a0,
	0x00000930,0x00000935,0x00050084,0x00000006,0x000008a1,0x00000896,0x000008a0,0x00050080,
	0x00000006,0x000008a2,0x0000092b,0x000008a1,0x00050080,0x00000006,0x000008a4,0x000008a2,
	0x00000892,0x000500c7,0x00000006,0x000008a5,0x000008a4,0x0000009c,0x000500c7,0x00000006,
	0x00000939,0x00000836,0x0000009c,0x00050082,0x00000006,0x000008a9,0x000008a5,0x00000939,
	0x000500c7,0x00000006,0x000008aa,0x000008a9,0x0000009c,0x000500c2,0x00000006,0x0000093d,
	0x00000836,0x000000a1,0x000500c7,0x00000006,0x0000093e,0x0000093d,0x000000a3,0x000500c2,
	0x00000006,0x00000942,0x00000836,0x000000af,0x000500c7,0x00000006,0x00000943,0x00000942,
	0x0000008d,0x000500c4,0x00000006,0x000008af,0x0000093e,0x00000943,0x00050089,0x00000006,
	0x000008b2,0x000008aa,0x000008af,0x00050086,0x00000006,0x000008b5,0x000008aa,0x000008af,
	0x000500c2,0x00000006,0x00000947,0x00000836,0x000000b5,0x000500c7,0x00000006,0x00000948,
	0x00000947,0x0000008d,0x000500c2,0x00000006,0x0000094c,0x00000831,0x000000b5,0x000500c7,
	0x00000006,0x0000094d,0x0000094c,0x0000008d,0x000500ab,0x000000d3,0x000008ba,0x00000948,
	0x0000094d,0x000300f7,0x000008bf,0x00000000,0x000400fa,0x000008ba,0x000008bb,0x000008bf,
	0x000200f8,0x000008bb,0x00050080,0x00000006,0x000008bd,0x00000894,0x000002eb,0x00050089,
	0x00000006,0x000008be,0x000008bd,0x000002ad,0x000200f9,0x000008bf,0x000200f8,0x000008bf,
	0x000700f5,0x00000006,0x00001402,0x00000894,0x000006cd,0x000008be,0x000008bb,0x000500c2,
	0x00000006,0x00000951,0x00000836,0x000000a8,0x000500c7,0x00000006,0x00000952,0x00000951,
	0x000000aa,0x00050084,0x00000006,0x000008c3,0x000008b2,0x000002ad,0x00050080,0x00000006,
	0x000008c5,0x000008c3,0x00001402,0x000500c2,0x00000006,0x00000956,0x00000836,0x000000af,
	0x000500c7,0x00000006,0x00000957,0x00000956,0x0000008d,0x000500ab,0x000000d3,0x000008c8,
	0x00000957,0x00000090,0x000300f7,0x000008ce,0x00000000,0x000400fa,0x000008c8,0x000008c9,
	0x000008ce,0x000200f8,0x000008c9,0x000500c7,0x00000006,0x000008cb,0x000008c5,0x0000008d,
	0x000500c2,0x00000006,0x000008cd,0x000008c5,0x0000008d,0x000200f9,0x000008ce,0x000200f8,
	0x000008ce,0x000700f5,0x00000006,0x0000140c,0x00000090,0x000008bf,0x000008cb,0x000008c9,
	0x000700f5,0x00000006,0x00001403,0x000008c5,0x000008bf,0x000008cd,0x000008c9,0x00050084,
	0x00000006,0x000008d0,0x000008b5,0x00000114,0x00050080,0x00000006,0x000008d2,0x000008d0,
	0x00000898,0x000500ae,0x000000d3,0x000008d4,0x00000952,0x00000176,0x000600a9,0x00000006,
	0x000008d5,0x000008d4,0x0000008d,0x00000090,0x000500ae,0x000000d3,0x000008d7,0x00000952,
	0x0000008d,0x000600a9,0x00000006,0x000008d8,0x000008d7,0x0000008d,0x00000090,0x000500c2,
	0x00000006,0x000008db,0x00001403,0x000008d5,0x0004007c,0x0000005a,0x000008dc,0x000008db,
	0x000500c2,0x00000006,0x000008df,0x000008d2,0x000008d8,0x0004007c,0x0000005a,0x000008e0,
	0x000008df,0x00050050,0x0000030f,0x000008e1,0x000008dc,0x000008e0,0x0004007c,0x0000005a,
	0x000008e3,0x00000684,0x00050050,0x0000030f,0x000008e4,0x000008e3,0x000008e3,0x00050084,
	0x0000030f,0x000008e5,0x000008e1,0x000008e4,0x0004007c,0x0000030f,0x000008e7,0x0000135e,
	0x00050080,0x0000030f,0x000008e8,0x000008e5,0x000008e7,0x000500c7,0x00000006,0x000008eb,
	0x00001403,0x000008d5,0x000500c7,0x00000006,0x000008ee,0x000008d2,0x000008d8,0x000500c4,
	0x00000006,0x000008f0,0x000008ee,0x000008d5,0x000500c5,0x00000006,0x000008f1,0x000008eb,
	0x000008f0,0x000500c2,0x00000006,0x0000095b,0x00000836,0x000000c2,0x000500c7,0x00000006,
	0x0000095c,0x0000095b,0x000000aa,0x000500aa,0x000000d3,0x00000962,0x0000095c,0x000000aa,
	0x000300f7,0x00000979,0x00000000,0x000400fa,0x00000962,0x00000963,0x00000964,0x000200f8,
	0x00000964,0x000500aa,0x000000d3,0x00000966,0x00000952,0x0000008d,0x000500aa,0x000000d3,
	0x00000968,0x0000095c,0x0000008d,0x000500a7,0x000000d3,0x00000969,0x00000966,0x00000968,
	0x000300f7,0x00000978,0x00000000,0x000400fa,0x00000969,0x0000096a,0x0000096d,0x000200f8,
	0x0000096d,0x000500aa,0x000000d3,0x0000096f,0x00000952,0x0000008d,0x000500aa,0x000000d3,
	0x00000971,0x0000095c,0x00000176,0x000500a7,0x000000d3,0x00000972,0x0000096f,0x00000971,
	0x000300f7,0x00000977,0x00000000,0x000400fa,0x00000972,0x00000973,0x00000977,0x000200f8,
	0x00000973,0x000500ab,0x000000d3,0x00000975,0x000008f1,0x00000090,0x000600a9,0x00000006,
	0x00000976,0x00000975,0x000000aa,0x00000090,0x000200f9,0x00000977,0x000200f8,0x00000977,
	0x000700f5,0x00000006,0x0000140a,0x000008f1,0x0000096d,0x00000976,0x00000973,0x000200f9,
	0x00000978,0x000200f8,0x0000096a,0x000500c6,0x00000006,0x0000096c,0x000008f1,0x0000008d,
	0x000200f9,0x00000978,0x000200f8,0x00000978,0x000700f5,0x00000006,0x00001409,0x0000096c,
	0x0000096a,0x0000140a,0x00000977,0x000200f9,0x00000979,0x000200f8,0x00000963,0x000200f9,
	0x00000979,0x000200f8,0x00000979,0x000700f5,0x00000006,0x00001408,0x00000090,0x00000963,
	0x00001409,0x00000978,0x0004003d,0x00000339,0x000008f7,0x0000033b,0x0004007c,0x0000005a,
	0x000008fa,0x00001408,0x0007005f,0x00000336,0x000008fb,0x000008f7,0x000008e8,0x00000040,
	0x000008fa,0x0003003e,0x00000861,0x000008fb,0x000500c2,0x00000006,0x0000097e,0x00000836,
	0x000000bb,0x000500c7,0x00000006,0x0000097f,0x0000097e,0x000000bd,0x000500aa,0x000000d3,
	0x000008ff,0x0000097f,0x00000348,0x000500aa,0x000000d3,0x00000901,0x0000097f,0x000000bd,
	0x000500a6,0x000000d3,0x00000902,0x000008ff,0x00000901,0x0007004f,0x00000007,0x00000905,
	0x000008fb,0x000008fb,0x00000000,0x00000001,0x00050041,0x00000009,0x00000906,0x00000861,
	0x00000090,0x0004003d,0x00000006,0x00000907,0x00000906,0x000500c7,0x00000006,0x00000908,
	0x00000907,0x00000353,0x00050041,0x00000009,0x00000909,0x00000861,0x0000008d,0x0004003d,
	0x00000006,0x0000090a,0x00000909,0x000500c4,0x00000006,0x0000090b,0x0000090a,0x00000114,
	0x000500c5,0x00000006,0x0000090c,0x00000908,0x0000090b,0x00050041,0x00000009,0x0000090d,
	0x00000861,0x00000176,0x0004003d,0x00000006,0x0000090e,0x0000090d,0x000500c7,0x00000006,
	0x0000090f,0x0000090e,0x00000353,0x00050041,0x00000009,0x00000910,0x00000861,0x000000aa,
	0x0004003d,0x00000006,0x00000911,0x00000910,0x000500c4,0x00000006,0x00000912,0x00000911,
	0x00000114,0x000500c5,0x00000006,0x00000913,0x0000090f,0x00000912,0x00050050,0x00000007,
	0x00000914,0x0000090c,0x00000913,0x00050050,0x00000361,0x00000915,0x00000902,0x00000902,
	0x000600a9,0x00000007,0x00000916,0x00000915,0x00000905,0x00000914,0x0003003e,0x00000865,
	0x00000916,0x000500ab,0x000000d3,0x00000918,0x0000140c,0x00000090,0x00050041,0x00000009,
	0x00000919,0x00000865,0x0000008d,0x0004003d,0x00000006,0x0000091a,0x00000919,0x00050041,
	0x00000009,0x0000091b,0x00000865,0x00000090,0x0004003d,0x00000006,0x0000091c,0x0000091b,
	0x000600a9,0x00000006,0x0000091d,0x00000918,0x0000091a,0x0000091c,0x000500aa,0x000000d3,
	0x00000983,0x00000699,0x0000008d,0x000300f7,0x000009a7,0x00000000,0x000400fa,0x00000983,
	0x00000984,0x0000098c,0x000200f8,0x0000098c,0x000500aa,0x000000d3,0x0000098e,0x00000699,
	0x00000176,0x000300f7,0x000009a6,0x00000000,0x000400fa,0x0000098e,0x0000098f,0x0000099c,
	0x000200f8,0x0000099c,0x000500aa,0x000000d3,0x0000099e,0x00000699,0x000000aa,0x000300f7,
	0x000009a5,0x00000000,0x000400fa,0x0000099e,0x0000099f,0x000009a5,0x000200f8,0x0000099f,
	0x000500c4,0x00000006,0x000009a1,0x0000091d,0x00000114,0x000500c2,0x00000006,0x000009a3,
	0x0000091d,0x00000114,0x000500c5,0x00000006,0x000009a4,0x000009a1,0x000009a3,0x000200f9,
	0x000009a5,0x000200f8,0x000009a5,0x000700f5,0x00000006,0x00001411,0x0000091d,0x0000099c,
	0x000009a4,0x0000099f,0x000200f9,0x000009a6,0x000200f8,0x0000098f,0x000500c7,0x00000006,
	0x00000991,0x0000091d,0x000003f6,0x000500c4,0x00000006,0x00000992,0x00000991,0x00000172,
	0x000500c7,0x00000006,0x00000994,0x0000091d,0x000003fa,0x000500c2,0x00000006,0x00000995,
	0x00000994,0x00000172,0x000500c5,0x00000006,0x00000996,0x00000992,0x00000995,0x000500c4,
	0x00000006,0x00000998,0x00000996,0x00000114,0x000500c2,0x00000006,0x0000099a,0x00000996,
	0x00000114,0x000500c5,0x00000006,0x0000099b,0x00000998,0x0000099a,0x000200f9,0x000009a6,
	0x000200f8,0x000009a6,0x000700f5,0x00000006,0x00001410,0x0000099b,0x0000098f,0x00001411,
	0x000009a5,0x000200f9,0x000009a7,0x000200f8,0x00000984,0x000500c7,0x00000006,0x00000986,
	0x0000091d,0x000003f6,0x000500c4,0x00000006,0x00000987,0x00000986,0x00000172,0x000500c7,
	0x00000006,0x00000989,0x0000091d,0x000003fa,0x000500c2,0x00000006,0x0000098a,0x00000989,
	0x00000172,0x000500c5,0x00000006,0x0000098b,0x00000987,0x0000098a,0x000200f9,0x000009a7,
	0x000200f8,0x000009a7,0x000700f5,0x00000006,0x0000140f,0x0000098b,0x00000984,0x00001410,
	0x000009a6,0x000500c2,0x0000005a,0x000009b5,0x00001365,0x00000386,0x00060041,0x00000426,
	0x000009b8,0x00000422,0x00000423,0x000009b5,0x0003003e,0x000009b8,0x0000140f,0x00050041,
	0x0000042d,0x000009b9,0x0000042b,0x0000042c,0x0004003d,0x00000006,0x000009ba,0x000009b9,
	0x000500c7,0x00000006,0x000009bb,0x000009ba,0x00000125,0x000500aa,0x000000d3,0x000009f1,
	0x000009bb,0x0000008d,0x000300f7,0x00000a15,0x00000000,0x000400fa,0x000009f1,0x000009f2,
	0x000009fa,0x000200f8,0x000009fa,0x000500aa,0x000000d3,0x000009fc,0x000009bb,0x00000176,
	0x000300f7,0x00000a14,0x00000000,0x000400fa,0x000009fc,0x000009fd,0x00000a0a,0x000200f8,
	0x00000a0a,0x000500aa,0x000000d3,0x00000a0c,0x000009bb,0x000000aa,0x000300f7,0x00000a13,
	0x00000000,0x000400fa,0x00000a0c,0x00000a0d,0x00000a13,0x000200f8,0x00000a0d,0x000500c4,
	0x00000006,0x00000a0f,0x0000140f,0x00000114,0x000500c2,0x00000006,0x00000a11,0x0000140f,
	0x00000114,0x000500c5,0x00000006,0x00000a12,0x00000a0f,0x00000a11,0x000200f9,0x00000a13,
	0x000200f8,0x00000a13,0x000700f5,0x00000006,0x0000141c,0x0000140f,0x00000a0a,0x00000a12,
	0x00000a0d,0x000200f9,0x00000a14,0x000200f8,0x000009fd,0x000500c7,0x00000006,0x000009ff,
	0x0000140f,0x000003f6,0x000500c4,0x00000006,0x00000a00,0x000009ff,0x00000172,0x000500c7,
	0x00000006,0x00000a02,0x0000140f,0x000003fa,0x000500c2,0x00000006,0x00000a03,0x00000a02,
	0x00000172,0x000500c5,0x00000006,0x00000a04,0x00000a00,0x00000a03,0x000500c4,0x00000006,
	0x00000a06,0x00000a04,0x00000114,0x000500c2,0x00000006,0x00000a08,0x00000a04,0x00000114,
	0x000500c5,0x00000006,0x00000a09,0x00000a06,0x00000a08,0x000200f9,0x00000a14,0x000200f8,
	0x00000a14,0x000700f5,0x00000006,0x0000141b,0x00000a09,0x000009fd,0x0000141c,0x00000a13,
	0x000200f9,0x00000a15,0x000200f8,0x000009f2,0x000500c7,0x00000006,0x000009f4,0x0000140f,
	0x000003f6,0x000500c4,0x00000006,0x000009f5,0x000009f4,0x00000172,0x000500c7,0x00000006,
	0x000009f7,0x0000140f,0x000003fa,0x000500c2,0x00000006,0x000009f8,0x000009f7,0x00000172,
	0x000500c5,0x00000006,0x000009f9,0x000009f5,0x000009f8,0x000200f9,0x00000a15,0x000200f8,
	0x00000a15,0x000700f5,0x00000006,0x0000141a,0x000009f9,0x000009f2,0x0000141b,0x00000a14,
	0x00050041,0x0000042d,0x000009be,0x0000042b,0x0000042c,0x0004003d,0x00000006,0x000009bf,
	0x000009be,0x000500c2,0x00000006,0x000009c0,0x000009bf,0x000000aa,0x000500c7,0x00000006,
	0x000009c1,0x000009c0,0x000000aa,0x000500aa,0x000000d3,0x000009c3,0x000009c1,0x0000008d,
	0x000300f7,0x000009d7,0x00000000,0x000400fa,0x000009c3,0x000009c4,0x000009ce,0x000200f8,
	0x000009ce,0x000500aa,0x000000d3,0x000009d0,0x000009c1,0x00000176,0x000300f7,0x000009d6,
	0x00000000,0x000400fa,0x000009d0,0x000009d1,0x000009d6,0x000200f8,0x000009d1,0x000500c2,
	0x00000006,0x000009d3,0x0000141a,0x00000172,0x000500c7,0x00000006,0x00000a1d,0x000009d3,
	0x000000c7,0x000500c7,0x00000006,0x00000a1f,0x000009d3,0x000000cc,0x000500c2,0x00000006,
	0x00000a21,0x00000a1d,0x000000d0,0x000500aa,0x000000d3,0x00000a23,0x00000a21,0x00000090,
	0x000500ab,0x000000d3,0x00000a25,0x00000a1f,0x00000090,0x000500a7,0x000000d3,0x00000a26,
	0x00000a23,0x00000a25,0x000300f7,0x00000a34,0x00000000,0x000400fa,0x00000a26,0x00000a27,
	0x00000a34,0x000200f8,0x00000a27,0x0006000c,0x00000006,0x00000a29,0x00000001,0x0000004b,
	0x00000a1f,0x00050082,0x00000006,0x00000a2b,0x000000d0,0x00000a29,0x0004007c,0x0000005a,
	0x00000a2d,0x00000a2b,0x00050082,0x0000005a,0x00000a2e,0x000000e0,0x00000a2d,0x0004007c,
	0x00000006,0x00000a2f,0x00000a2e,0x000500c4,0x00000006,0x00000a32,0x00000a1f,0x00000a2b,
	0x000500c7,0x00000006,0x00000a33,0x00000a32,0x000000cc,0x000200f9,0x00000a34,0x000200f8,
	0x00000a34,0x000700f5,0x00000006,0x0000141e,0x00000a1f,0x000009d1,0x00000a33,0x00000a27,
	0x000700f5,0x00000006,0x0000141d,0x00000a21,0x000009d1,0x00000a2f,0x00000a27,0x000500ab,
	0x000000d3,0x00000a36,0x00000a1d,0x00000090,0x00050080,0x00000006,0x00000a38,0x0000141d,
	0x000000ec,0x000500c4,0x00000006,0x00000a39,0x00000a38,0x000000bb,0x000500c4,0x00000006,
	0x00000a3b,0x0000141e,0x000000aa,0x000500c5,0x00000006,0x00000a3c,0x00000a39,0x00000a3b,
	0x0004007c,0x00000025,0x00000a3d,0x00000a3c,0x000600a9,0x00000025,0x00000a3e,0x00000a36,
	0x00000a3d,0x000000f3,0x0004007c,0x00000006,0x000009d5,0x00000a3e,0x000200f9,0x000009d6,
	0x000200f8,0x000009d6,0x000700f5,0x00000006,0x00001420,0x0000141a,0x000009ce,0x000009d5,
	0x00000a34,0x000200f9,0x000009d7,0x000200f8,0x000009c4,0x000500c2,0x00000006,0x000009c6,
	0x0000141a,0x00000172,0x000500c2,0x00000006,0x000009c9,0x000009c6,0x000000bb,0x00050080,
	0x00000006,0x000009ca,0x000009c6,0x000009c9,0x00040070,0x00000025,0x000009cb,0x000009ca,
	0x00050085,0x00000025,0x000009cc,0x000009cb,0x00000446,0x0004007c,0x00000006,0x000009cd,
	0x000009cc,0x000200f9,0x000009d7,0x000200f8,0x000009d7,0x000700f5,0x00000006,0x0000141f,
	0x000009cd,0x000009c4,0x00001420,0x000009d6,0x0004003d,0x00000454,0x000009d8,0x00000456,
	0x00040068,0x00000007,0x000009d9,0x000009d8,0x0003003e,0x000009b0,0x000009d9,0x00050041,
	0x00000009,0x000009da,0x000009b0,0x00000090,0x0004003d,0x00000006,0x000009db,0x000009da,
	0x00050041,0x00000009,0x000009dc,0x000009b1,0x00000090,0x0003003e,0x000009dc,0x000009db,
	0x00050041,0x00000009,0x000009dd,0x000009b0,0x0000008d,0x0004003d,0x00000006,0x000009de,
	0x000009dd,0x00050041,0x00000009,0x000009df,0x000009b1,0x0000008d,0x0003003e,0x000009df,
	0x000009de,0x00050041,0x0000042d,0x000009e1,0x0000042b,0x000003aa,0x0004003d,0x00000006,
	0x000009e2,0x000009e1,0x00050050,0x00000007,0x000009e3,0x00000090,0x000009e2,0x00050080,
	0x00000007,0x000009e4,0x00000678,0x000009e3,0x0004003d,0x00000007,0x000009e6,0x000009b1,
	0x000500b0,0x00000361,0x000009e7,0x000009e4,0x000009e6,0x0004009b,0x000000d3,0x000009e8,
	0x000009e7,0x000300f7,0x000009ed,0x00000000,0x000400fa,0x000009e8,0x000009e9,0x000009ed,
	0x000200f8,0x000009e9,0x0004003d,0x00000454,0x000009ea,0x00000456,0x00040063,0x000009ea,
	0x000009e4,0x0000141f,0x000200f9,0x000009ed,0x000200f8,0x000009ed,0x000200f9,0x0000075b,
	0x000200f8,0x000006d6,0x0003003e,0x0000063a,0x0000021f,0x00050041,0x0000042d,0x000006d7,
	0x0000042b,0x00000386,0x0004003d,0x00000006,0x000006d8,0x000006d7,0x000500c2,0x00000006,
	0x00000a42,0x000006d8,0x000000bb,0x000500c7,0x00000006,0x00000a43,0x00000a42,0x000000bd,
	0x000200f9,0x000006da,0x000200f8,0x000006da,0x000700f5,0x00000006,0x0000135f,0x00000090,
	0x000006d6,0x000006ea,0x000006e8,0x000400f6,0x000006eb,0x000006e8,0x00000000,0x000200f9,
	0x000006db,0x000200f8,0x000006db,0x000500b0,0x000000d3,0x000006de,0x0000135f,0x00001361,
	0x000400fa,0x000006de,0x000006df,0x000006eb,0x000200f8,0x000006df,0x00050080,0x00000006,
	0x000006e2,0x000013aa,0x0000135f,0x0004003d,0x00000007,0x000006e3,0x0000061d,0x00050041,
	0x0000042d,0x00000a7e,0x0000042b,0x00000386,0x0004003d,0x00000006,0x00000a7f,0x00000a7e,
	0x0003003e,0x00000a6a,0x000006e3,0x00050041,0x0000042d,0x00000a83,0x0000042b,0x0000039e,
	0x0004003d,0x00000006,0x00000a84,0x00000a83,0x000500c2,0x00000006,0x00000b6f,0x00000a7f,
	0x000000a8,0x000500c7,0x00000006,0x00000b70,0x00000b6f,0x000000aa,0x000500ae,0x000000d3,
	0x00000ab9,0x00000b70,0x00000176,0x000600a9,0x00000006,0x00000aba,0x00000ab9,0x0000008d,
	0x00000090,0x000500ae,0x000000d3,0x00000abc,0x00000b70,0x0000008d,0x000600a9,0x00000006,
	0x00000abd,0x00000abc,0x0000008d,0x00000090,0x00050041,0x00000009,0x00000abe,0x00000a6a,
	0x00000090,0x0004003d,0x00000006,0x00000abf,0x00000abe,0x000500c4,0x00000006,0x00000ac1,
	0x00000abf,0x00000aba,0x000500ae,0x000000d3,0x00000ac3,0x00000b70,0x00000176,0x000500c7,
	0x00000006,0x00000ac5,0x000006e2,0x0000008d,0x000600a9,0x00000006,0x00000ac6,0x00000ac3,
	0x00000ac5,0x00000090,0x00050080,0x00000006,0x00000ac7,0x00000ac1,0x00000ac6,0x00050041,
	0x00000009,0x00000ac8,0x00000a6a,0x0000008d,0x0004003d,0x00000006,0x00000ac9,0x00000ac8,
	0x000500c4,0x00000006,0x00000acb,0x00000ac9,0x00000abd,0x000500ae,0x000000d3,0x00000acd,
	0x00000b70,0x00000176,0x000500c2,0x00000006,0x00000acf,0x000006e2,0x0000008d,0x000500aa,
	0x000000d3,0x00000ad1,0x00000b70,0x0000008d,0x000600a9,0x00000006,0x00000ad3,0x00000ad1,
	0x000006e2,0x00000090,0x000600a9,0x00000006,0x00000ad4,0x00000acd,0x00000acf,0x00000ad3,
	0x00050080,0x00000006,0x00000ad5,0x00000acb,0x00000ad4,0x000500c2,0x00000006,0x00000b74,
	0x00000a7f,0x000000af,0x000500c7,0x00000006,0x00000b75,0x00000b74,0x0000008d,0x000500ab,
	0x000000d3,0x00000ad8,0x00000b75,0x00000090,0x00050084,0x00000006,0x00000ada,0x00000ac7,
	0x00000176,0x000600a9,0x00000006,0x00000ade,0x00000ad8,0x00000ada,0x00000ac7,0x00050086,
	0x00000006,0x00000ae0,0x00000ade,0x000002ad,0x00050089,0x00000006,0x00000ae2,0x00000ade,
	0x000002ad,0x000500c2,0x00000006,0x00000ae4,0x00000ad5,0x000002b4,0x000500c7,0x00000006,
	0x00000ae6,0x00000ad5,0x000000bd,0x000500c7,0x00000006,0x00000b79,0x00000a7f,0x0000009c,
	0x000500c2,0x00000006,0x00000b7d,0x00000a7f,0x000000a1,0x000500c7,0x00000006,0x00000b7e,
	0x00000b7d,0x000000a3,0x000500c2,0x00000006,0x00000b82,0x00000a7f,0x000000af,0x000500c7,
	0x00000006,0x00000b83,0x00000b82,0x0000008d,0x000500c4,0x00000006,0x00000aee,0x00000b7e,
	0x00000b83,0x00050084,0x00000006,0x00000aef,0x00000ae4,0x00000aee,0x00050080,0x00000006,
	0x00000af0,0x00000b79,0x00000aef,0x00050080,0x00000006,0x00000af2,0x00000af0,0x00000ae0,
	0x000500c7,0x00000006,0x00000af3,0x00000af2,0x0000009c,0x000500c7,0x00000006,0x00000b87,
	0x00000a84,0x0000009c,0x00050082,0x00000006,0x00000af7,0x00000af3,0x00000b87,0x000500c7,
	0x00000006,0x00000af8,0x00000af7,0x0000009c,0x000500c2,0x00000006,0x00000b8b,0x00000a84,
	0x000000a1,0x000500c7,0x00000006,0x00000b8c,0x00000b8b,0x000000a3,0x000500c2,0x00000006,
	0x00000b90,0x00000a84,0x000000af,0x000500c7,0x00000006,0x00000b91,0x00000b90,0x0000008d,
	0x000500c4,0x00000006,0x00000afd,0x00000b8c,0x00000b91,0x00050089,0x00000006,0x00000b00,
	0x00000af8,0x00000afd,0x00050086,0x00000006,0x00000b03,0x00000af8,0x00000afd,0x000500c2,
	0x00000006,0x00000b95,0x00000a84,0x000000b5,0x000500c7,0x00000006,0x00000b96,0x00000b95,
	0x0000008d,0x000500c2,0x00000006,0x00000b9a,0x00000a7f,0x000000b5,0x000500c7,0x00000006,
	0x00000b9b,0x00000b9a,0x0000008d,0x000500ab,0x000000d3,0x00000b08,0x00000b96,0x00000b9b,
	0x000300f7,0x00000b0d,0x00000000,0x000400fa,0x00000b08,0x00000b09,0x00000b0d,0x000200f8,
	0x00000b09,0x00050080,0x00000006,0x00000b0b,0x00000ae2,0x000002eb,0x00050089,0x00000006,
	0x00000b0c,0x00000b0b,0x000002ad,0x000200f9,0x00000b0d,0x000200f8,0x00000b0d,0x000700f5,
	0x00000006,0x000013ab,0x00000ae2,0x000006df,0x00000b0c,0x00000b09,0x000500c2,0x00000006,
	0x00000b9f,0x00000a84,0x000000a8,0x000500c7,0x00000006,0x00000ba0,0x00000b9f,0x000000aa,
	0x00050084,0x00000006,0x00000b11,0x00000b00,0x000002ad,0x00050080,0x00000006,0x00000b13,
	0x00000b11,0x000013ab,0x000500c2,0x00000006,0x00000ba4,0x00000a84,0x000000af,0x000500c7,
	0x00000006,0x00000ba5,0x00000ba4,0x0000008d,0x000500ab,0x000000d3,0x00000b16,0x00000ba5,
	0x00000090,0x000300f7,0x00000b1c,0x00000000,0x000400fa,0x00000b16,0x00000b17,0x00000b1c,
	0x000200f8,0x00000b17,0x000500c7,0x00000006,0x00000b19,0x00000b13,0x0000008d,0x000500c2,
	0x00000006,0x00000b1b,0x00000b13,0x0000008d,0x000200f9,0x00000b1c,0x000200f8,0x00000b1c,
	0x000700f5,0x00000006,0x000013bc,0x00000090,0x00000b0d,0x00000b19,0x00000b17,0x000700f5,
	0x00000006,0x000013ac,0x00000b13,0x00000b0d,0x00000b1b,0x00000b17,0x00050084,0x00000006,
	0x00000b1e,0x00000b03,0x00000114,0x00050080,0x00000006,0x00000b20,0x00000b1e,0x00000ae6,
	0x000500ae,0x000000d3,0x00000b22,0x00000ba0,0x00000176,0x000600a9,0x00000006,0x00000b23,
	0x00000b22,0x0000008d,0x00000090,0x000500ae,0x000000d3,0x00000b25,0x00000ba0,0x0000008d,
	0x000600a9,0x00000006,0x00000b26,0x00000b25,0x0000008d,0x00000090,0x000500c2,0x00000006,
	0x00000b29,0x000013ac,0x00000b23,0x0004007c,0x0000005a,0x00000b2a,0x00000b29,0x000500c2,
	0x00000006,0x00000b2d,0x00000b20,0x00000b26,0x0004007c,0x0000005a,0x00000b2e,0x00000b2d,
	0x00050050,0x0000030f,0x00000b2f,0x00000b2a,0x00000b2e,0x0004007c,0x0000005a,0x00000b31,
	0x00000684,0x00050050,0x0000030f,0x00000b32,0x00000b31,0x00000b31,0x00050084,0x0000030f,
	0x00000b33,0x00000b2f,0x00000b32,0x0004007c,0x0000030f,0x00000b35,0x0000135e,0x00050080,
	0x0000030f,0x00000b36,0x00000b33,0x00000b35,0x000500c7,0x00000006,0x00000b39,0x000013ac,
	0x00000b23,0x000500c7,0x00000006,0x00000b3c,0x00000b20,0x00000b26,0x000500c4,0x00000006,
	0x00000b3e,0x00000b3c,0x00000b23,0x000500c5,0x00000006,0x00000b3f,0x00000b39,0x00000b3e,
	0x000500c2,0x00000006,0x00000ba9,0x00000a84,0x000000c2,0x000500c7,0x00000006,0x00000baa,
	0x00000ba9,0x000000aa,0x000500aa,0x000000d3,0x00000bb0,0x00000baa,0x000000aa,0x000300f7,
	0x00000bc7,0x00000000,0x000400fa,0x00000bb0,0x00000bb1,0x00000bb2,0x000200f8,0x00000bb2,
	0x000500aa,0x000000d3,0x00000bb4,0x00000ba0,0x0000008d,0x000500aa,0x000000d3,0x00000bb6,
	0x00000baa,0x0000008d,0x000500a7,0x000000d3,0x00000bb7,0x00000bb4,0x00000bb6,0x000300f7,
	0x00000bc6,0x00000000,0x000400fa,0x00000bb7,0x00000bb8,0x00000bbb,0x000200f8,0x00000bbb,
	0x000500aa,0x000000d3,0x00000bbd,0x00000ba0,0x0000008d,0x000500aa,0x000000d3,0x00000bbf,
	0x00000baa,0x00000176,0x000500a7,0x000000d3,0x00000bc0,0x00000bbd,0x00000bbf,0x000300f7,
	0x00000bc5,0x00000000,0x000400fa,0x00000bc0,0x00000bc1,0x00000bc5,0x000200f8,0x00000bc1,
	0x000500ab,0x000000d3,0x00000bc3,0x00000b3f,0x00000090,0x000600a9,0x00000006,0x00000bc4,
	0x00000bc3,0x000000aa,0x00000090,0x000200f9,0x00000bc5,0x000200f8,0x00000bc5,0x000700f5,
	0x00000006,0x000013ba,0x00000b3f,0x00000bbb,0x00000bc4,0x00000bc1,0x000200f9,0x00000bc6,
	0x000200f8,0x00000bb8,0x000500c6,0x00000006,0x00000bba,0x00000b3f,0x0000008d,0x000200f9,
	0x00000bc6,0x000200f8,0x00000bc6,0x000700f5,0x00000006,0x000013b9,0x00000bba,0x00000bb8,
	0x000013ba,0x00000bc5,0x000200f9,0x00000bc7,0x000200f8,0x00000bb1,0x000200f9,0x00000bc7,
	0x000200f8,0x00000bc7,0x000700f5,0x00000006,0x000013b8,0x00000090,0x00000bb1,0x000013b9,
	0x00000bc6,0x0004003d,0x00000339,0x00000b45,0x0000033b,0x0004007c,0x0000005a,0x00000b48,
	0x000013b8,0x0007005f,0x00000336,0x00000b49,0x00000b45,0x00000b36,0x00000040,0x00000b48,
	0x0003003e,0x00000aaf,0x00000b49,0x000500c2,0x00000006,0x00000bcc,0x00000a84,0x000000bb,
	0x000500c7,0x00000006,0x00000bcd,0x00000bcc,0x000000bd,0x000500aa,0x000000d3,0x00000b4d,
	0x00000bcd,0x00000348,0x000500aa,0x000000d3,0x00000b4f,0x00000bcd,0x000000bd,0x000500a6,
	0x000000d3,0x00000b50,0x00000b4d,0x00000b4f,0x0007004f,0x00000007,0x00000b53,0x00000b49,
	0x00000b49,0x00000000,0x00000001,0x00050041,0x00000009,0x00000b54,0x00000aaf,0x00000090,
	0x0004003d,0x00000006,0x00000b55,0x00000b54,0x000500c7,0x00000006,0x00000b56,0x00000b55,
	0x00000353,0x00050041,0x00000009,0x00000b57,0x00000aaf,0x0000008d,0x0004003d,0x00000006,
	0x00000b58,0x00000b57,0x000500c4,0x00000006,0x00000b59,0x00000b58,0x00000114,0x000500c5,
	0x00000006,0x00000b5a,0x00000b56,0x00000b59,0x00050041,0x00000009,0x00000b5b,0x00000aaf,
	0x00000176,0x0004003d,0x00000006,0x00000b5c,0x00000b5b,0x000500c7,0x00000006,0x00000b5d,
	0x00000b5c,0x00000353,0x00050041,0x00000009,0x00000b5e,0x00000aaf,0x000000aa,0x0004003d,
	0x00000006,0x00000b5f,0x00000b5e,0x000500c4,0x00000006,0x00000b60,0x00000b5f,0x00000114,
	0x000500c5,0x00000006,0x00000b61,0x00000b5d,0x00000b60,0x00050050,0x00000007,0x00000b62,
	0x00000b5a,0x00000b61,0x00050050,0x00000361,0x00000b63,0x00000b50,0x00000b50,0x000600a9,
	0x00000007,0x00000b64,0x00000b63,0x00000b53,0x00000b62,0x0003003e,0x00000ab3,0x00000b64,
	0x000500ab,0x000000d3,0x00000b66,0x000013bc,0x00000090,0x00050041,0x00000009,0x00000b67,
	0x00000ab3,0x0000008d,0x0004003d,0x00000006,0x00000b68,0x00000b67,0x00050041,0x00000009,
	0x00000b69,0x00000ab3,0x00000090,0x0004003d,0x00000006,0x00000b6a,0x00000b69,0x000600a9,
	0x00000006,0x00000b6b,0x00000b66,0x00000b68,0x00000b6a,0x00050041,0x0000042d,0x00000a56,
	0x0000042b,0x00000386,0x0004003d,0x00000006,0x00000a57,0x00000a56,0x000500c2,0x00000006,
	0x00000bd1,0x00000a57,0x000000af,0x000500c7,0x00000006,0x00000bd2,0x00000bd1,0x0000008d,
	0x000500ab,0x000000d3,0x00000a59,0x00000bd2,0x00000090,0x000300f7,0x00000a66,0x00000002,
	0x000400fa,0x00000a59,0x00000a5a,0x00000a62,0x000200f8,0x00000a62,0x000200f9,0x00000daa,
	0x000200f8,0x00000daa,0x000300f7,0x00000df6,0x00000000,0x001500fb,0x00000a43,0x00000dac,
	0x00000000,0x00000dad,0x00000001,0x00000dad,0x00000002,0x00000dbe,0x0000000a,0x00000dbe,
	0x00000003,0x00000dd4,0x0000000c,0x00000dd4,0x0000000e,0x00000de2,0x00000004,0x00000de6,
	0x00000006,0x00000ded,0x000200f8,0x00000ded,0x0006000c,0x00000216,0x00000def,0x00000001,
	0x0000003e,0x00000b6b,0x00050051,0x00000025,0x00000df0,0x00000def,0x00000000,0x000500c2,
	0x00000006,0x00000df2,0x00000b6b,0x00000114,0x0006000c,0x00000216,0x00000df3,0x00000001,
	0x0000003e,0x00000df2,0x00050051,0x00000025,0x00000df4,0x00000df3,0x00000000,0x00070050,
	0x0000003a,0x00000df5,0x00000df0,0x00000df4,0x000000f3,0x000000f3,0x000200f9,0x00000df6,
	0x000200f8,0x00000de6,0x000500c4,0x00000006,0x00000e76,0x00000b6b,0x00000114,0x0004007c,
	0x0000005a,0x00000e77,0x00000e76,0x000500c3,0x0000005a,0x00000e78,0x00000e77,0x0000014b,
	0x0004006f,0x00000025,0x00000e79,0x00000e78,0x00050085,0x00000025,0x00000e7a,0x00000e79,
	0x0000014e,0x0007000c,0x00000025,0x00000e7b,0x00000001,0x00000028,0x00000e7a,0x00000150,
	0x00050085,0x00000025,0x00000e7d,0x00000e7b,0x0000067f,0x000500c2,0x00000006,0x00000dea,
	0x00000b6b,0x00000114,0x000500c4,0x00000006,0x00000e81,0x00000dea,0x00000114,0x0004007c,
	0x0000005a,0x00000e82,0x00000e81,0x000500c3,0x0000005a,0x00000e83,0x00000e82,0x0000014b,
	0x0004006f,0x00000025,0x00000e84,0x00000e83,0x00050085,0x00000025,0x00000e85,0x00000e84,
	0x0000014e,0x0007000c,0x00000025,0x00000e86,0x00000001,0x00000028,0x00000e85,0x00000150,
	0x00050085,0x00000025,0x00000e88,0x00000e86,0x0000067f,0x00070050,0x0000003a,0x00000dec,
	0x00000e7d,0x00000e88,0x000000f3,0x000000f3,0x000200f9,0x00000df6,0x000200f8,0x00000de2,
	0x0004007c,0x00000025,0x00000de4,0x00000b6b,0x00070050,0x0000003a,0x00000de5,0x00000de4,
	0x000000f3,0x000000f3,0x000000f3,0x000200f9,0x00000df6,0x000200f8,0x00000dd4,0x000500c7,
	0x00000006,0x00000e01,0x00000b6b,0x00000119,0x000500c7,0x00000006,0x00000e03,0x00000b6b,
	0x00000121,0x000500c2,0x00000006,0x00000e05,0x00000e01,0x00000125,0x000500aa,0x000000d3,
	0x00000e07,0x00000e05,0x00000090,0x000500ab,0x000000d3,0x00000e09,0x00000e03,0x00000090,
	0x000500a7,0x000000d3,0x00000e0a,0x00000e07,0x00000e09,0x000300f7,0x00000e18,0x00000000,
	0x000400fa,0x00000e0a,0x00000e0b,0x00000e18,0x000200f8,0x00000e0b,0x0006000c,0x00000006,
	0x00000e0d,0x00000001,0x0000004b,0x00000e03,0x00050082,0x00000006,0x00000e0f,0x00000125,
	0x00000e0d,0x0004007c,0x0000005a,0x00000e11,0x00000e0f,0x00050082,0x0000005a,0x00000e12,
	0x000000e0,0x00000e11,0x0004007c,0x00000006,0x00000e13,0x00000e12,0x000500c4,0x00000006,
	0x00000e16,0x00000e03,0x00000e0f,0x000500c7,0x00000006,0x00000e17,0x00000e16,0x00000121,
	0x000200f9,0x00000e18,0x000200f8,0x00000e18,0x000700f5,0x00000006,0x000013c9,0x00000e03,
	0x00000dd4,0x00000e17,0x00000e0b,0x000700f5,0x00000006,0x000013c8,0x00000e05,0x00000dd4,
	0x00000e13,0x00000e0b,0x000500ab,0x000000d3,0x00000e1a,0x00000e01,0x00000090,0x00050080,
	0x00000006,0x00000e1c,0x000013c8,0x0000013e,0x000500c4,0x00000006,0x00000e1d,0x00000e1c,
	0x000000bb,0x000500c4,0x00000006,0x00000e1f,0x000013c9,0x00000114,0x000500c5,0x00000006,
	0x00000e20,0x00000e1d,0x00000e1f,0x0004007c,0x00000025,0x00000e21,0x00000e20,0x000600a9,
	0x00000025,0x00000e22,0x00000e1a,0x00000e21,0x000000f3,0x000500c2,0x00000006,0x00000dd8,
	0x00000b6b,0x00000190,0x000500c7,0x00000006,0x00000e29,0x00000dd8,0x00000119,0x000500c7,
	0x00000006,0x00000e2b,0x00000dd8,0x00000121,0x000500c2,0x00000006,0x00000e2d,0x00000e29,
	0x00000125,0x000500aa,0x000000d3,0x00000e2f,0x00000e2d,0x00000090,0x000500ab,0x000000d3,
	0x00000e31,0x00000e2b,0x00000090,0x000500a7,0x000000d3,0x00000e32,0x00000e2f,0x00000e31,
	0x000300f7,0x00000e40,0x00000000,0x000400fa,0x00000e32,0x00000e33,0x00000e40,0x000200f8,
	0x00000e33,0x0006000c,0x00000006,0x00000e35,0x00000001,0x0000004b,0x00000e2b,0x00050082,
	0x00000006,0x00000e37,0x00000125,0x00000e35,0x0004007c,0x0000005a,0x00000e39,0x00000e37,
	0x00050082,0x0000005a,0x00000e3a,0x000000e0,0x00000e39,0x0004007c,0x00000006,0x00000e3b,
	0x00000e3a,0x000500c4,0x00000006,0x00000e3e,0x00000e2b,0x00000e37,0x000500c7,0x00000006,
	0x00000e3f,0x00000e3e,0x00000121,0x000200f9,0x00000e40,0x000200f8,0x00000e40,0x000700f5,
	0x00000006,0x000013cb,0x00000e2b,0x00000e18,0x00000e3f,0x00000e33,0x000700f5,0x00000006,
	0x000013ca,0x00000e2d,0x00000e18,0x00000e3b,0x00000e33,0x000500ab,0x000000d3,0x00000e42,
	0x00000e29,0x00000090,0x00050080,0x00000006,0x00000e44,0x000013ca,0x0000013e,0x000500c4,
	0x00000006,0x00000e45,0x00000e44,0x000000bb,0x000500c4,0x00000006,0x00000e47,0x000013cb,
	0x00000114,0x000500c5,0x00000006,0x00000e48,0x00000e45,0x00000e47,0x0004007c,0x00000025,
	0x00000e49,0x00000e48,0x000600a9,0x00000025,0x00000e4a,0x00000e42,0x00000e49,0x000000f3,
	0x000500c2,0x00000006,0x00000ddb,0x00000b6b,0x000000d0,0x000500c7,0x00000006,0x00000e51,
	0x00000ddb,0x00000119,0x000500c7,0x00000006,0x00000e53,0x00000ddb,0x00000121,0x000500c2,
	0x00000006,0x00000e55,0x00000e51,0x00000125,0x000500aa,0x000000d3,0x00000e57,0x00000e55,
	0x00000090,0x000500ab,0x000000d3,0x00000e59,0x00000e53,0x00000090,0x000500a7,0x000000d3,
	0x00000e5a,0x00000e57,0x00000e59,0x000300f7,0x00000e68,0x00000000,0x000400fa,0x00000e5a,
	0x00000e5b,0x00000e68,0x000200f8,0x00000e5b,0x0006000c,0x00000006,0x00000e5d,0x00000001,
	0x0000004b,0x00000e53,0x00050082,0x00000006,0x00000e5f,0x00000125,0x00000e5d,0x0004007c,
	0x0000005a,0x00000e61,0x00000e5f,0x00050082,0x0000005a,0x00000e62,0x000000e0,0x00000e61,
	0x0004007c,0x00000006,0x00000e63,0x00000e62,0x000500c4,0x00000006,0x00000e66,0x00000e53,
	0x00000e5f,0x000500c7,0x00000006,0x00000e67,0x00000e66,0x00000121,0x000200f9,0x00000e68,
	0x000200f8,0x00000e68,0x000700f5,0x00000006,0x000013cd,0x00000e53,0x00000e40,0x00000e67,
	0x00000e5b,0x000700f5,0x00000006,0x000013cc,0x00000e55,0x00000e40,0x00000e63,0x00000e5b,
	0x000500ab,0x000000d3,0x00000e6a,0x00000e51,0x00000090,0x00050080,0x00000006,0x00000e6c,
	0x000013cc,0x0000013e,0x000500c4,0x00000006,0x00000e6d,0x00000e6c,0x000000bb,0x000500c4,
	0x00000006,0x00000e6f,0x000013cd,0x00000114,0x000500c5,0x00000006,0x00000e70,0x00000e6d,
	0x00000e6f,0x0004007c,0x00000025,0x00000e71,0x00000e70,0x000600a9,0x00000025,0x00000e72,
	0x00000e6a,0x00000e71,0x000000f3,0x000500c2,0x00000006,0x00000dde,0x00000b6b,0x000001a0,
	0x00040070,0x00000025,0x00000ddf,0x00000dde,0x00050085,0x00000025,0x00000de0,0x00000ddf,
	0x000001f0,0x00070050,0x0000003a,0x00000de1,0x00000e22,0x00000e4a,0x00000e72,0x00000de0,
	0x000200f9,0x00000df6,0x000200f8,0x00000dbe,0x000500c7,0x00000006,0x00000dc0,0x00000b6b,
	0x00000119,0x00040070,0x00000025,0x00000dc1,0x00000dc0,0x000500c2,0x00000006,0x00000dc3,
	0x00000b6b,0x00000190,0x000500c7,0x00000006,0x00000dc4,0x00000dc3,0x00000119,0x00040070,
	0x00000025,0x00000dc5,0x00000dc4,0x000500c2,0x00000006,0x00000dc7,0x00000b6b,0x000000d0,
	0x000500c7,0x00000006,0x00000dc8,0x00000dc7,0x00000119,0x00040070,0x00000025,0x00000dc9,
	0x00000dc8,0x00060050,0x000001e9,0x00000dca,0x00000dc1,0x00000dc5,0x00000dc9,0x0005008e,
	0x000001e9,0x00000dcb,0x00000dca,0x000001eb,0x000500c2,0x00000006,0x00000dcd,0x00000b6b,
	0x000001a0,0x00040070,0x00000025,0x00000dce,0x00000dcd,0x00050085,0x00000025,0x00000dcf,
	0x00000dce,0x000001f0,0x00050051,0x00000025,0x00000dd0,0x00000dcb,0x00000000,0x00050051,
	0x00000025,0x00000dd1,0x00000dcb,0x00000001,0x00050051,0x00000025,0x00000dd2,0x00000dcb,
	0x00000002,0x00070050,0x0000003a,0x00000dd3,0x00000dd0,0x00000dd1,0x00000dd2,0x00000dcf,
	0x000200f9,0x00000df6,0x000200f8,0x00000dad,0x000500c7,0x00000006,0x00000daf,0x00000b6b,
	0x000000a3,0x00040070,0x00000025,0x00000db0,0x00000daf,0x000500c2,0x00000006,0x00000db2,
	0x00000b6b,0x00000172,0x000500c7,0x00000006,0x00000db3,0x00000db2,0x000000a3,0x00040070,
	0x00000025,0x00000db4,0x00000db3,0x000500c2,0x00000006,0x00000db6,0x00000b6b,0x00000114,
	0x000500c7,0x00000006,0x00000db7,0x00000db6,0x000000a3,0x00040070,0x00000025,0x00000db8,
	0x00000db7,0x000500c2,0x00000006,0x00000dba,0x00000b6b,0x00000109,0x00040070,0x00000025,
	0x00000dbb,0x00000dba,0x00070050,0x0000003a,0x00000dbc,0x00000db0,0x00000db4,0x00000db8,
	0x00000dbb,0x0005008e,0x0000003a,0x00000dbd,0x00000dbc,0x000001db,0x000200f9,0x00000df6,
	0x000200f8,0x00000dac,0x000200f9,0x00000df6,0x000200f8,0x00000df6,0x001100f5,0x0000003a,
	0x000013d0,0x0000021f,0x00000dac,0x00000dbd,0x00000dad,0x00000dd3,0x00000dbe,0x00000de1,
	0x00000e68,0x00000de5,0x00000de2,0x00000dec,0x00000de6,0x00000df5,0x00000ded,0x000200f9,
	0x00000df9,0x000200f8,0x00000df9,0x000200f9,0x00000a66,0x000200f8,0x00000a5a,0x00050041,
	0x0000042d,0x00000be9,0x0000042b,0x00000386,0x0004003d,0x00000006,0x00000bea,0x00000be9,
	0x0003003e,0x00000bd5,0x000006e3,0x00050041,0x0000042d,0x00000bee,0x0000042b,0x0000039e,
	0x0004003d,0x00000006,0x00000bef,0x00000bee,0x000500c2,0x00000006,0x00000cda,0x00000bea,
	0x000000a8,0x000500c7,0x00000006,0x00000cdb,0x00000cda,0x000000aa,0x000500ae,0x000000d3,
	0x00000c24,0x00000cdb,0x00000176,0x000600a9,0x00000006,0x00000c25,0x00000c24,0x0000008d,
	0x00000090,0x000500ae,0x000000d3,0x00000c27,0x00000cdb,0x0000008d,0x000600a9,0x00000006,
	0x00000c28,0x00000c27,0x0000008d,0x00000090,0x00050041,0x00000009,0x00000c29,0x00000bd5,
	0x00000090,0x0004003d,0x00000006,0x00000c2a,0x00000c29,0x000500c4,0x00000006,0x00000c2c,
	0x00000c2a,0x00000c25,0x000500ae,0x000000d3,0x00000c2e,0x00000cdb,0x00000176,0x000500c7,
	0x00000006,0x00000c30,0x000006e2,0x0000008d,0x000600a9,0x00000006,0x00000c31,0x00000c2e,
	0x00000c30,0x00000090,0x00050080,0x00000006,0x00000c32,0x00000c2c,0x00000c31,0x00050041,
	0x00000009,0x00000c33,0x00000bd5,0x0000008d,0x0004003d,0x00000006,0x00000c34,0x00000c33,
	0x000500c4,0x00000006,0x00000c36,0x00000c34,0x00000c28,0x000500ae,0x000000d3,0x00000c38,
	0x00000cdb,0x00000176,0x000500c2,0x00000006,0x00000c3a,0x000006e2,0x0000008d,0x000500aa,
	0x000000d3,0x00000c3c,0x00000cdb,0x0000008d,0x000600a9,0x00000006,0x00000c3e,0x00000c3c,
	0x000006e2,0x00000090,0x000600a9,0x00000006,0x00000c3f,0x00000c38,0x00000c3a,0x00000c3e,
	0x00050080,0x00000006,0x00000c40,0x00000c36,0x00000c3f,0x000500c2,0x00000006,0x00000cdf,
	0x00000bea,0x000000af,0x000500c7,0x00000006,0x00000ce0,0x00000cdf,0x0000008d,0x000500ab,
	0x000000d3,0x00000c43,0x00000ce0,0x00000090,0x00050084,0x00000006,0x00000c45,0x00000c32,
	0x00000176,0x00050080,0x00000006,0x00000c47,0x00000c45,0x0000008d,0x000600a9,0x00000006,
	0x00000c49,0x00000c43,0x00000c47,0x00000c32,0x00050086,0x00000006,0x00000c4b,0x00000c49,
	0x000002ad,0x00050089,0x00000006,0x00000c4d,0x00000c49,0x000002ad,0x000500c2,0x00000006,
	0x00000c4f,0x00000c40,0x000002b4,0x000500c7,0x00000006,0x00000c51,0x00000c40,0x000000bd,
	0x000500c7,0x00000006,0x00000ce4,0x00000bea,0x0000009c,0x000500c2,0x00000006,0x00000ce8,
	0x00000bea,0x000000a1,0x000500c7,0x00000006,0x00000ce9,0x00000ce8,0x000000a3,0x000500c2,
	0x00000006,0x00000ced,0x00000bea,0x000000af,0x000500c7,0x00000006,0x00000cee,0x00000ced,
	0x0000008d,0x000500c4,0x00000006,0x00000c59,0x00000ce9,0x00000cee,0x00050084,0x00000006,
	0x00000c5a,0x00000c4f,0x00000c59,0x00050080,0x00000006,0x00000c5b,0x00000ce4,0x00000c5a,
	0x00050080,0x00000006,0x00000c5d,0x00000c5b,0x00000c4b,0x000500c7,0x00000006,0x00000c5e,
	0x00000c5d,0x0000009c,0x000500c7,0x00000006,0x00000cf2,0x00000bef,0x0000009c,0x00050082,
	0x00000006,0x00000c62,0x00000c5e,0x00000cf2,0x000500c7,0x00000006,0x00000c63,0x00000c62,
	0x0000009c,0x000500c2,0x00000006,0x00000cf6,0x00000bef,0x000000a1,0x000500c7,0x00000006,
	0x00000cf7,0x00000cf6,0x000000a3,0x000500c2,0x00000006,0x00000cfb,0x00000bef,0x000000af,
	0x000500c7,0x00000006,0x00000cfc,0x00000cfb,0x0000008d,0x000500c4,0x00000006,0x00000c68,
	0x00000cf7,0x00000cfc,0x00050089,0x00000006,0x00000c6b,0x00000c63,0x00000c68,0x00050086,
	0x00000006,0x00000c6e,0x00000c63,0x00000c68,0x000500c2,0x00000006,0x00000d00,0x00000bef,
	0x000000b5,0x000500c7,0x00000006,0x00000d01,0x00000d00,0x0000008d,0x000500c2,0x00000006,
	0x00000d05,0x00000bea,0x000000b5,0x000500c7,0x00000006,0x00000d06,0x00000d05,0x0000008d,
	0x000500ab,0x000000d3,0x00000c73,0x00000d01,0x00000d06,0x000300f7,0x00000c78,0x00000000,
	0x000400fa,0x00000c73,0x00000c74,0x00000c78,0x000200f8,0x00000c74,0x00050080,0x00000006,
	0x00000c76,0x00000c4d,0x000002eb,0x00050089,0x00000006,0x00000c77,0x00000c76,0x000002ad,
	0x000200f9,0x00000c78,0x000200f8,0x00000c78,0x000700f5,0x00000006,0x000013d1,0x00000c4d,
	0x00000a5a,0x00000c77,0x00000c74,0x000500c2,0x00000006,0x00000d0a,0x00000bef,0x000000a8,
	0x000500c7,0x00000006,0x00000d0b,0x00000d0a,0x000000aa,0x00050084,0x00000006,0x00000c7c,
	0x00000c6b,0x000002ad,0x00050080,0x00000006,0x00000c7e,0x00000c7c,0x000013d1,0x000500c2,
	0x00000006,0x00000d0f,0x00000bef,0x000000af,0x000500c7,0x00000006,0x00000d10,0x00000d0f,
	0x0000008d,0x000500ab,0x000000d3,0x00000c81,0x00000d10,0x00000090,0x000300f7,0x00000c87,
	0x00000000,0x000400fa,0x00000c81,0x00000c82,0x00000c87,0x000200f8,0x00000c82,0x000500c7,
	0x00000006,0x00000c84,0x00000c7e,0x0000008d,0x000500c2,0x00000006,0x00000c86,0x00000c7e,
	0x0000008d,0x000200f9,0x00000c87,0x000200f8,0x00000c87,0x000700f5,0x00000006,0x000013e1,
	0x00000090,0x00000c78,0x00000c84,0x00000c82,0x000700f5,0x00000006,0x000013d2,0x00000c7e,
	0x00000c78,0x00000c86,0x00000c82,0x00050084,0x00000006,0x00000c89,0x00000c6e,0x00000114,
	0x00050080,0x00000006,0x00000c8b,0x00000c89,0x00000c51,0x000500ae,0x000000d3,0x00000c8d,
	0x00000d0b,0x00000176,0x000600a9,0x00000006,0x00000c8e,0x00000c8d,0x0000008d,0x00000090,
	0x000500ae,0x000000d3,0x00000c90,0x00000d0b,0x0000008d,0x000600a9,0x00000006,0x00000c91,
	0x00000c90,0x0000008d,0x00000090,0x000500c2,0x00000006,0x00000c94,0x000013d2,0x00000c8e,
	0x0004007c,0x0000005a,0x00000c95,0x00000c94,0x000500c2,0x00000006,0x00000c98,0x00000c8b,
	0x00000c91,0x0004007c,0x0000005a,0x00000c99,0x00000c98,0x00050050,0x0000030f,0x00000c9a,
	0x00000c95,0x00000c99,0x0004007c,0x0000005a,0x00000c9c,0x00000684,0x00050050,0x0000030f,
	0x00000c9d,0x00000c9c,0x00000c9c,0x00050084,0x0000030f,0x00000c9e,0x00000c9a,0x00000c9d,
	0x0004007c,0x0000030f,0x00000ca0,0x0000135e,0x00050080,0x0000030f,0x00000ca1,0x00000c9e,
	0x00000ca0,0x000500c7,0x00000006,0x00000ca4,0x000013d2,0x00000c8e,0x000500c7,0x00000006,
	0x00000ca7,0x00000c8b,0x00000c91,0x000500c4,0x00000006,0x00000ca9,0x00000ca7,0x00000c8e,
	0x000500c5,0x00000006,0x00000caa,0x00000ca4,0x00000ca9,0x000500c2,0x00000006,0x00000d14,
	0x00000bef,0x000000c2,0x000500c7,0x00000006,0x00000d15,0x00000d14,0x000000aa,0x000500aa,
	0x000000d3,0x00000d1b,0x00000d15,0x000000aa,0x000300f7,0x00000d32,0x00000000,0x000400fa,
	0x00000d1b,0x00000d1c,0x00000d1d,0x000200f8,0x00000d1d,0x000500aa,0x000000d3,0x00000d1f,
	0x00000d0b,0x0000008d,0x000500aa,0x000000d3,0x00000d21,0x00000d15,0x0000008d,0x000500a7,
	0x000000d3,0x00000d22,0x00000d1f,0x00000d21,0x000300f7,0x00000d31,0x00000000,0x000400fa,
	0x00000d22,0x00000d23,0x00000d26,0x000200f8,0x00000d26,0x000500aa,0x000000d3,0x00000d28,
	0x00000d0b,0x0000008d,0x000500aa,0x000000d3,0x00000d2a,0x00000d15,0x00000176,0x000500a7,
	0x000000d3,0x00000d2b,0x00000d28,0x00000d2a,0x000300f7,0x00000d30,0x00000000,0x000400fa,
	0x00000d2b,0x00000d2c,0x00000d30,0x000200f8,0x00000d2c,0x000500ab,0x000000d3,0x00000d2e,
	0x00000caa,0x00000090,0x000600a9,0x00000006,0x00000d2f,0x00000d2e,0x000000aa,0x00000090,
	0x000200f9,0x00000d30,0x000200f8,0x00000d30,0x000700f5,0x00000006,0x000013df,0x00000caa,
	0x00000d26,0x00000d2f,0x00000d2c,0x000200f9,0x00000d31,0x000200f8,0x00000d23,0x000500c6,
	0x00000006,0x00000d25,0x00000caa,0x0000008d,0x000200f9,0x00000d31,0x000200f8,0x00000d31,
	0x000700f5,0x00000006,0x000013de,0x00000d25,0x00000d23,0x000013df,0x00000d30,0x000200f9,
	0x00000d32,0x000200f8,0x00000d1c,0x000200f9,0x00000d32,0x000200f8,0x00000d32,0x000700f5,
	0x00000006,0x000013dd,0x00000090,0x00000d1c,0x000013de,0x00000d31,0x0004003d,0x00000339,
	0x00000cb0,0x0000033b,0x0004007c,0x0000005a,0x00000cb3,0x000013dd,0x0007005f,0x00000336,
	0x00000cb4,0x00000cb0,0x00000ca1,0x00000040,0x00000cb3,0x0003003e,0x00000c1a,0x00000cb4,
	0x000500c2,0x00000006,0x00000d37,0x00000bef,0x000000bb,0x000500c7,0x00000006,0x00000d38,
	0x00000d37,0x000000bd,0x000500aa,0x000000d3,0x00000cb8,0x00000d38,0x00000348,0x000500aa,
	0x000000d3,0x00000cba,0x00000d38,0x000000bd,0x000500a6,0x000000d3,0x00000cbb,0x00000cb8,
	0x00000cba,0x0007004f,0x00000007,0x00000cbe,0x00000cb4,0x00000cb4,0x00000000,0x00000001,
	0x00050041,0x00000009,0x00000cbf,0x00000c1a,0x00000090,0x0004003d,0x00000006,0x00000cc0,
	0x00000cbf,0x000500c7,0x00000006,0x00000cc1,0x00000cc0,0x00000353,0x00050041,0x00000009,
	0x00000cc2,0x00000c1a,0x0000008d,0x0004003d,0x00000006,0x00000cc3,0x00000cc2,0x000500c4,
	0x00000006,0x00000cc4,0x00000cc3,0x00000114,0x000500c5,0x00000006,0x00000cc5,0x00000cc1,
	0x00000cc4,0x00050041,0x00000009,0x00000cc6,0x00000c1a,0x00000176,0x0004003d,0x00000006,
	0x00000cc7,0x00000cc6,0x000500c7,0x00000006,0x00000cc8,0x00000cc7,0x00000353,0x00050041,
	0x00000009,0x00000cc9,0x00000c1a,0x000000aa,0x0004003d,0x00000006,0x00000cca,0x00000cc9,
	0x000500c4,0x00000006,0x00000ccb,0x00000cca,0x00000114,0x000500c5,0x00000006,0x00000ccc,
	0x00000cc8,0x00000ccb,0x00050050,0x00000007,0x00000ccd,0x00000cc5,0x00000ccc,0x00050050,
	0x00000361,0x00000cce,0x00000cbb,0x00000cbb,0x000600a9,0x00000007,0x00000ccf,0x00000cce,
	0x00000cbe,0x00000ccd,0x0003003e,0x00000c1e,0x00000ccf,0x000500ab,0x000000d3,0x00000cd1,
	0x000013e1,0x00000090,0x00050041,0x00000009,0x00000cd2,0x00000c1e,0x0000008d,0x0004003d,
	0x00000006,0x00000cd3,0x00000cd2,0x00050041,0x00000009,0x00000cd4,0x00000c1e,0x00000090,
	0x0004003d,0x00000006,0x00000cd5,0x00000cd4,0x000600a9,0x00000006,0x00000cd6,0x00000cd1,
	0x00000cd3,0x00000cd5,0x00050050,0x00000007,0x00000a5f,0x00000b6b,0x00000cd6,0x0003003e,
	0x00000a4d,0x00000a5f,0x000200f9,0x00000d41,0x000200f8,0x00000d41,0x000300f7,0x00000d70,
	0x00000000,0x000900fb,0x00000a43,0x00000d43,0x00000005,0x00000d44,0x00000007,0x00000d54,
	0x0000000f,0x00000d68,0x000200f8,0x00000d68,0x00050041,0x00000009,0x00000d69,0x00000a4d,
	0x00000090,0x0004003d,0x00000006,0x00000d6a,0x00000d69,0x0004007c,0x00000025,0x00000d6b,
	0x00000d6a,0x00050041,0x00000009,0x00000d6c,0x00000a4d,0x0000008d,0x0004003d,0x00000006,
	0x00000d6d,0x00000d6c,0x0004007c,0x00000025,0x00000d6e,0x00000d6d,0x00070050,0x0000003a,
	0x00000d6f,0x00000d6b,0x00000d6e,0x000000f3,0x000000f3,0x000200f9,0x00000d70,0x000200f8,
	0x00000d54,0x00050041,0x00000009,0x00000d55,0x00000a4d,0x00000090,0x0004003d,0x00000006,
	0x00000d56,0x00000d55,0x0006000c,0x00000216,0x00000d57,0x00000001,0x0000003e,0x00000d56,
	0x00050051,0x00000025,0x00000d58,0x00000d57,0x00000000,0x00050041,0x00000009,0x00000d59,
	0x00000a4d,0x00000090,0x0004003d,0x00000006,0x00000d5a,0x00000d59,0x000500c2,0x00000006,
	0x00000d5b,0x00000d5a,0x00000114,0x0006000c,0x00000216,0x00000d5c,0x00000001,0x0000003e,
	0x00000d5b,0x00050051,0x00000025,0x00000d5d,0x00000d5c,0x00000000,0x00050041,0x00000009,
	0x00000d5e,0x00000a4d,0x0000008d,0x0004003d,0x00000006,0x00000d5f,0x00000d5e,0x0006000c,
	0x00000216,0x00000d60,0x00000001,0x0000003e,0x00000d5f,0x00050051,0x00000025,0x00000d61,
	0x00000d60,0x00000000,0x00050041,0x00000009,0x00000d62,0x00000a4d,0x0000008d,0x0004003d,
	0x00000006,0x00000d63,0x00000d62,0x000500c2,0x00000006,0x00000d64,0x00000d63,0x00000114,
	0x0006000c,0x00000216,0x00000d65,0x00000001,0x0000003e,0x00000d64,0x00050051,0x00000025,
	0x00000d66,0x00000d65,0x00000000,0x00070050,0x0000003a,0x00000d67,0x00000d58,0x00000d5d,
	0x00000d61,0x00000d66,0x000200f9,0x00000d70,0x000200f8,0x00000d44,0x00050041,0x00000009,
	0x00000d45,0x00000a4d,0x00000090,0x0004003d,0x00000006,0x00000d46,0x00000d45,0x000500c4,
	0x00000006,0x00000d78,0x00000d46,0x00000114,0x0004007c,0x0000005a,0x00000d79,0x00000d78,
	0x000500c3,0x0000005a,0x00000d7a,0x00000d79,0x0000014b,0x0004006f,0x00000025,0x00000d7b,
	0x00000d7a,0x00050085,0x00000025,0x00000d7c,0x00000d7b,0x0000014e,0x0007000c,0x00000025,
	0x00000d7d,0x00000001,0x00000028,0x00000d7c,0x00000150,0x00050085,0x00000025,0x00000d7f,
	0x00000d7d,0x0000067f,0x00050041,0x00000009,0x00000d48,0x00000a4d,0x00000090,0x0004003d,
	0x00000006,0x00000d49,0x00000d48,0x000500c2,0x00000006,0x00000d4a,0x00000d49,0x00000114,
	0x000500c4,0x00000006,0x00000d83,0x00000d4a,0x00000114,0x0004007c,0x0000005a,0x00000d84,
	0x00000d83,0x000500c3,0x0000005a,0x00000d85,0x00000d84,0x0000014b,0x0004006f,0x00000025,
	0x00000d86,0x00000d85,0x00050085,0x00000025,0x00000d87,0x00000d86,0x0000014e,0x0007000c,
	0x00000025,0x00000d88,0x00000001,0x00000028,0x00000d87,0x00000150,0x00050085,0x00000025,
	0x00000d8a,0x00000d88,0x0000067f,0x00050041,0x00000009,0x00000d4c,0x00000a4d,0x0000008d,
	0x0004003d,0x00000006,0x00000d4d,0x00000d4c,0x000500c4,0x00000006,0x00000d8e,0x00000d4d,
	0x00000114,0x0004007c,0x0000005a,0x00000d8f,0x00000d8e,0x000500c3,0x0000005a,0x00000d90,
	0x00000d8f,0x0000014b,0x0004006f,0x00000025,0x00000d91,0x00000d90,0x00050085,0x00000025,
	0x00000d92,0x00000d91,0x0000014e,0x0007000c,0x00000025,0x00000d93,0x00000001,0x00000028,
	0x00000d92,0x00000150,0x00050085,0x00000025,0x00000d95,0x00000d93,0x0000067f,0x00050041,
	0x00000009,0x00000d4f,0x00000a4d,0x0000008d,0x0004003d,0x00000006,0x00000d50,0x00000d4f,
	0x000500c2,0x00000006,0x00000d51,0x00000d50,0x00000114,0x000500c4,0x00000006,0x00000d99,
	0x00000d51,0x00000114,0x0004007c,0x0000005a,0x00000d9a,0x00000d99,0x000500c3,0x0000005a,
	0x00000d9b,0x00000d9a,0x0000014b,0x0004006f,0x00000025,0x00000d9c,0x00000d9b,0x00050085,
	0x00000025,0x00000d9d,0x00000d9c,0x0000014e,0x0007000c,0x00000025,0x00000d9e,0x00000001,
	0x00000028,0x00000d9d,0x00000150,0x00050085,0x00000025,0x00000da0,0x00000d9e,0x0000067f,
	0x00070050,0x0000003a,0x00000d53,0x00000d7f,0x00000d8a,0x00000d95,0x00000da0,0x000200f9,
	0x00000d70,0x000200f8,0x00000d43,0x000200f9,0x00000d70,0x000200f8,0x00000d70,0x000b00f5,
	0x0000003a,0x000013eb,0x0000021f,0x00000d43,0x00000d53,0x00000d44,0x00000d67,0x00000d54,
	0x00000d6f,0x00000d68,0x000200f9,0x00000d73,0x000200f8,0x00000d73,0x000200f9,0x00000a66,
	0x000200f8,0x00000a66,0x000700f5,0x0000003a,0x000013ec,0x000013eb,0x00000d73,0x000013d0,
	0x00000df9,0x0004003d,0x0000003a,0x000006e6,0x0000063a,0x00050081,0x0000003a,0x000006e7,
	0x000006e6,0x000013ec,0x0003003e,0x0000063a,0x000006e7,0x000200f9,0x000006e8,0x000200f8,
	0x000006e8,0x00050080,0x00000006,0x000006ea,0x0000135f,0x000000e0,0x000200f9,0x000006da,
	0x000200f8,0x000006eb,0x00040070,0x00000025,0x000006ed,0x00001361,0x00050088,0x00000025,
	0x000006ee,0x00000157,0x000006ed,0x0004003d,0x0000003a,0x000006ef,0x0000063a,0x0005008e,
	0x0000003a,0x000006f0,0x000006ef,0x000006ee,0x00050041,0x0000042d,0x000006f1,0x0000042b,
	0x00000373,0x0004003d,0x00000006,0x000006f2,0x000006f1,0x000500c4,0x00000006,0x000006f3,
	0x000006f2,0x00000114,0x0004007c,0x0000005a,0x000006f4,0x000006f3,0x000500c3,0x0000005a,
	0x000006f5,0x000006f4,0x00000574,0x00050080,0x0000005a,0x000006f7,0x00000576,0x000006f5,
	0x0004007c,0x00000006,0x000006f8,0x000006f7,0x000500c4,0x00000006,0x000006f9,0x000006f8,
	0x000000bb,0x0004007c,0x00000025,0x000006fa,0x000006f9,0x0005008e,0x0000003a,0x000006fc,
	0x000006f0,0x000006fa,0x0003003e,0x0000063a,0x000006fc,0x00050041,0x0000042d,0x000006fd,
	0x0000042b,0x00000373,0x0004003d,0x00000006,0x000006fe,0x000006fd,0x000500c2,0x00000006,
	0x000006ff,0x000006fe,0x00000580,0x000500c7,0x00000006,0x00000700,0x000006ff,0x0000008d,
	0x000500ab,0x000000d3,0x00000701,0x00000700,0x00000090,0x000300f7,0x00000705,0x00000000,
	0x000400fa,0x00000701,0x00000702,0x00000705,0x000200f8,0x00000702,0x0004003d,0x0000003a,
	0x00000703,0x0000063a,0x0009004f,0x0000003a,0x00000704,0x00000703,0x00000703,0x00000002,
	0x00000001,0x00000000,0x00000003,0x0003003e,0x0000063a,0x00000704,0x000200f9,0x00000705,
	0x000200f8,0x00000705,0x000500aa,0x000000d3,0x00000707,0x00000695,0x00000090,0x000300f7,
	0x0000075a,0x00000000,0x000400fa,0x00000707,0x00000708,0x00000710,0x000200f8,0x00000710,
	0x000500aa,0x000000d3,0x00000712,0x00000695,0x0000008d,0x000300f7,0x00000759,0x00000000,
	0x000400fa,0x00000712,0x00000713,0x0000071b,0x000200f8,0x0000071b,0x000500aa,0x000000d3,
	0x0000071d,0x00000695,0x00000176,0x000300f7,0x00000758,0x00000000,0x000400fa,0x0000071d,
	0x0000071e,0x00000727,0x000200f8,0x00000727,0x00050041,0x0000002a,0x00000728,0x0000063a,
	0x00000090,0x0004003d,0x00000025,0x00000729,0x00000728,0x00050050,0x00000216,0x0000072a,
	0x00000729,0x000000f3,0x0006000c,0x00000006,0x0000072b,0x00000001,0x0000003a,0x0000072a,
	0x00050041,0x0000002a,0x0000072c,0x0000063a,0x0000008d,0x0004003d,0x00000025,0x0000072d,
	0x0000072c,0x00050050,0x00000216,0x0000072e,0x0000072d,0x000000f3,0x0006000c,0x00000006,
	0x0000072f,0x00000001,0x0000003a,0x0000072e,0x000500c4,0x00000006,0x00000730,0x0000072f,
	0x00000114,0x000500c5,0x00000006,0x00000731,0x0000072b,0x00000730,0x00050041,0x0000002a,
	0x00000732,0x0000063a,0x00000176,0x0004003d,0x00000025,0x00000733,0x00000732,0x00050050,
	0x00000216,0x00000734,0x00000733,0x000000f3,0x0006000c,0x00000006,0x00000735,0x00000001,
	0x0000003a,0x00000734,0x00050041,0x0000002a,0x00000736,0x0000063a,0x000000aa,0x0004003d,
	0x00000025,0x00000737,0x00000736,0x00050050,0x00000216,0x00000738,0x00000737,0x000000f3,
	0x0006000c,0x00000006,0x00000739,0x00000001,0x0000003a,0x00000738,0x000500c4,0x00000006,
	0x0000073a,0x00000739,0x00000114,0x000500c5,0x00000006,0x0000073b,0x00000735,0x0000073a,
	0x00050050,0x00000007,0x0000073c,0x00000731,0x0000073b,0x0003003e,0x00000655,0x0000073c,
	0x000500c2,0x0000005a,0x0000073e,0x00001365,0x00000386,0x00050041,0x00000009,0x00000740,
	0x00000655,0x00000090,0x0004003d,0x00000006,0x00000741,0x00000740,0x000500aa,0x000000d3,
	0x000012bd,0x00000699,0x0000008d,0x000300f7,0x000012e1,0x00000000,0x000400fa,0x000012bd,
	0x000012be,0x000012c6,0x000200f8,0x000012c6,0x000500aa,0x000000d3,0x000012c8,0x00000699,
	0x00000176,0x000300f7,0x000012e0,0x00000000,0x000400fa,0x000012c8,0x000012c9,0x000012d6,
	0x000200f8,0x000012d6,0x000500aa,0x000000d3,0x000012d8,0x00000699,0x000000aa,0x000300f7,
	0x000012df,0x00000000,0x000400fa,0x000012d8,0x000012d9,0x000012df,0x000200f8,0x000012d9,
	0x000500c4,0x00000006,0x000012db,0x00000741,0x00000114,0x000500c2,0x00000006,0x000012dd,
	0x00000741,0x00000114,0x000500c5,0x00000006,0x000012de,0x000012db,0x000012dd,0x000200f9,
	0x000012df,0x000200f8,0x000012df,0x000700f5,0x00000006,0x00001368,0x00000741,0x000012d6,
	0x000012de,0x000012d9,0x000200f9,0x000012e0,0x000200f8,0x000012c9,0x000500c7,0x00000006,
	0x000012cb,0x00000741,0x000003f6,0x000500c4,0x00000006,0x000012cc,0x000012cb,0x00000172,
	0x000500c7,0x00000006,0x000012ce,0x00000741,0x000003fa,0x000500c2,0x00000006,0x000012cf,
	0x000012ce,0x00000172,0x000500c5,0x00000006,0x000012d0,0x000012cc,0x000012cf,0x000500c4,
	0x00000006,0x000012d2,0x000012d0,0x00000114,0x000500c2,0x00000006,0x000012d4,0x000012d0,
	0x00000114,0x000500c5,0x00000006,0x000012d5,0x000012d2,0x000012d4,0x000200f9,0x000012e0,
	0x000200f8,0x000012e0,0x000700f5,0x00000006,0x00001367,0x000012d5,0x000012c9,0x00001368,
	0x000012df,0x000200f9,0x000012e1,0x000200f8,0x000012be,0x000500c7,0x00000006,0x000012c0,
	0x00000741,0x000003f6,0x000500c4,0x00000006,0x000012c1,0x000012c0,0x00000172,0x000500c7,
	0x00000006,0x000012c3,0x00000741,0x000003fa,0x000500c2,0x00000006,0x000012c4,0x000012c3,
	0x00000172,0x000500c5,0x00000006,0x000012c5,0x000012c1,0x000012c4,0x000200f9,0x000012e1,
	0x000200f8,0x000012e1,0x000700f5,0x00000006,0x00001366,0x000012c5,0x000012be,0x00001367,
	0x000012e0,0x000200f9,0x0000130a,0x000200f8,0x0000130a,0x00060041,0x00000426,0x0000074a,
	0x00000422,0x00000423,0x0000073e,0x0003003e,0x0000074a,0x00001366,0x00050080,0x0000005a,
	0x0000074c,0x0000073e,0x000000e0,0x000200f9,0x00001333,0x000200f8,0x00001333,0x00050041,
	0x00000009,0x00000751,0x00000655,0x0000008d,0x0004003d,0x00000006,0x00000752,0x00000751,
	0x000500aa,0x000000d3,0x00001338,0x00000699,0x0000008d,0x000300f7,0x0000135c,0x00000000,
	0x000400fa,0x00001338,0x00001339,0x00001341,0x000200f8,0x00001341,0x000500aa,0x000000d3,
	0x00001343,0x00000699,0x00000176,0x000300f7,0x0000135b,0x00000000,0x000400fa,0x00001343,
	0x00001344,0x00001351,0x000200f8,0x00001351,0x000500aa,0x000000d3,0x00001353,0x00000699,
	0x000000aa,0x000300f7,0x0000135a,0x00000000,0x000400fa,0x00001353,0x00001354,0x0000135a,
	0x000200f8,0x00001354,0x000500c4,0x00000006,0x00001356,0x00000752,0x00000114,0x000500c2,
	0x00000006,0x00001358,0x00000752,0x00000114,0x000500c5,0x00000006,0x00001359,0x00001356,
	0x00001358,0x000200f9,0x0000135a,0x000200f8,0x0000135a,0x000700f5,0x00000006,0x00001371,
	0x00000752,0x00001351,0x00001359,0x00001354,0x000200f9,0x0000135b,0x000200f8,0x00001344,
	0x000500c7,0x00000006,0x00001346,0x00000752,0x000003f6,0x000500c4,0x00000006,0x00001347,
	0x00001346,0x00000172,0x000500c7,0x00000006,0x00001349,0x00000752,0x000003fa,0x000500c2,
	0x00000006,0x0000134a,0x00001349,0x00000172,0x000500c5,0x00000006,0x0000134b,0x00001347,
	0x0000134a,0x000500c4,0x00000006,0x0000134d,0x0000134b,0x00000114,0x000500c2,0x00000006,
	0x0000134f,0x0000134b,0x00000114,0x000500c5,0x00000006,0x00001350,0x0000134d,0x0000134f,
	0x000200f9,0x0000135b,0x000200f8,0x0000135b,0x000700f5,0x00000006,0x00001370,0x00001350,
	0x00001344,0x00001371,0x0000135a,0x000200f9,0x0000135c,0x000200f8,0x00001339,0x000500c7,
	0x00000006,0x0000133b,0x00000752,0x000003f6,0x000500c4,0x00000006,0x0000133c,0x0000133b,
	0x00000172,0x000500c7,0x00000006,0x0000133e,0x00000752,0x000003fa,0x000500c2,0x00000006,
	0x0000133f,0x0000133e,0x00000172,0x000500c5,0x00000006,0x00001340,0x0000133c,0x0000133f,
	0x000200f9,0x0000135c,0x000200f8,0x0000135c,0x000700f5,0x00000006,0x0000136f,0x00001340,
	0x00001339,0x00001370,0x0000135b,0x00060041,0x00000426,0x00000757,0x00000422,0x00000423,
	0x0000074c,0x0003003e,0x00000757,0x0000136f,0x000200f9,0x00000758,0x000200f8,0x0000071e,
	0x00050041,0x0000002a,0x0000071f,0x0000063a,0x00000090,0x0004003d,0x00000025,0x00000720,
	0x0000071f,0x0004007c,0x00000006,0x00000721,0x00000720,0x000500aa,0x000000d3,0x000011fe,
	0x00000699,0x0000008d,0x000300f7,0x00001222,0x00000000,0x000400fa,0x000011fe,0x000011ff,
	0x00001207,0x000200f8,0x00001207,0x000500aa,0x000000d3,0x00001209,0x00000699,0x00000176,
	0x000300f7,0x00001221,0x00000000,0x000400fa,0x00001209,0x0000120a,0x00001217,0x000200f8,
	0x00001217,0x000500aa,0x000000d3,0x00001219,0x00000699,0x000000aa,0x000300f7,0x00001220,
	0x00000000,0x000400fa,0x00001219,0x0000121a,0x00001220,0x000200f8,0x0000121a,0x000500c4,
	0x00000006,0x0000121c,0x00000721,0x00000114,0x000500c2,0x00000006,0x0000121e,0x00000721,
	0x00000114,0x000500c5,0x00000006,0x0000121f,0x0000121c,0x0000121e,0x000200f9,0x00001220,
	0x000200f8,0x00001220,0x000700f5,0x00000006,0x00001374,0x00000721,0x00001217,0x0000121f,
	0x0000121a,0x000200f9,0x00001221,0x000200f8,0x0000120a,0x000500c7,0x00000006,0x0000120c,
	0x00000721,0x000003f6,0x000500c4,0x00000006,0x0000120d,0x0000120c,0x00000172,0x000500c7,
	0x00000006,0x0000120f,0x00000721,0x000003fa,0x000500c2,0x00000006,0x00001210,0x0000120f,
	0x00000172,0x000500c5,0x00000006,0x00001211,0x0000120d,0x00001210,0x000500c4,0x00000006,
	0x00001213,0x00001211,0x00000114,0x000500c2,0x00000006,0x00001215,0x00001211,0x00000114,
	0x000500c5,0x00000006,0x00001216,0x00001213,0x00001215,0x000200f9,0x00001221,0x000200f8,
	0x00001221,0x000700f5,0x00000006,0x00001373,0x00001216,0x0000120a,0x00001374,0x00001220,
	0x000200f9,0x00001222,0x000200f8,0x000011ff,0x000500c7,0x00000006,0x00001201,0x00000721,
	0x000003f6,0x000500c4,0x00000006,0x00001202,0x00001201,0x00000172,0x000500c7,0x00000006,
	0x00001204,0x00000721,0x000003fa,0x000500c2,0x00000006,0x00001205,0x00001204,0x00000172,
	0x000500c5,0x00000006,0x00001206,0x00001202,0x00001205,0x000200f9,0x00001222,0x000200f8,
	0x00001222,0x000700f5,0x00000006,0x00001372,0x00001206,0x000011ff,0x00001373,0x00001221,
	0x000500c2,0x0000005a,0x00001230,0x00001365,0x00000386,0x00060041,0x00000426,0x00001233,
	0x00000422,0x00000423,0x00001230,0x0003003e,0x00001233,0x00001372,0x00050041,0x0000042d,
	0x00001234,0x0000042b,0x0000042c,0x0004003d,0x00000006,0x00001235,0x00001234,0x000500c7,
	0x00000006,0x00001236,0x00001235,0x00000125,0x000500aa,0x000000d3,0x0000126c,0x00001236,
	0x0000008d,0x000300f7,0x00001290,0x00000000,0x000400fa,0x0000126c,0x0000126d,0x00001275,
	0x000200f8,0x00001275,0x000500aa,0x000000d3,0x00001277,0x00001236,0x00000176,0x000300f7,
	0x0000128f,0x00000000,0x000400fa,0x00001277,0x00001278,0x00001285,0x000200f8,0x00001285,
	0x000500aa,0x000000d3,0x00001287,0x00001236,0x000000aa,0x000300f7,0x0000128e,0x00000000,
	0x000400fa,0x00001287,0x00001288,0x0000128e,0x000200f8,0x00001288,0x000500c4,0x00000006,
	0x0000128a,0x00001372,0x00000114,0x000500c2,0x00000006,0x0000128c,0x00001372,0x00000114,
	0x000500c5,0x00000006,0x0000128d,0x0000128a,0x0000128c,0x000200f9,0x0000128e,0x000200f8,
	0x0000128e,0x000700f5,0x00000006,0x0000137a,0x00001372,0x00001285,0x0000128d,0x00001288,
	0x000200f9,0x0000128f,0x000200f8,0x00001278,0x000500c7,0x00000006,0x0000127a,0x00001372,
	0x000003f6,0x000500c4,0x00000006,0x0000127b,0x0000127a,0x00000172,0x000500c7,0x00000006,
	0x0000127d,0x00001372,0x000003fa,0x000500c2,0x00000006,0x0000127e,0x0000127d,0x00000172,
	0x000500c5,0x00000006,0x0000127f,0x0000127b,0x0000127e,0x000500c4,0x00000006,0x00001281,
	0x0000127f,0x00000114,0x000500c2,0x00000006,0x00001283,0x0000127f,0x00000114,0x000500c5,
	0x00000006,0x00001284,0x00001281,0x00001283,0x000200f9,0x0000128f,0x000200f8,0x0000128f,
	0x000700f5,0x00000006,0x00001379,0x00001284,0x00001278,0x0000137a,0x0000128e,0x000200f9,
	0x00001290,0x000200f8,0x0000126d,0x000500c7,0x00000006,0x0000126f,0x00001372,0x000003f6,
	0x000500c4,0x00000006,0x00001270,0x0000126f,0x00000172,0x000500c7,0x00000006,0x00001272,
	0x00001372,0x000003fa,0x000500c2,0x00000006,0x00001273,0x00001272,0x00000172,0x000500c5,
	0x00000006,0x00001274,0x00001270,0x00001273,0x000200f9,0x00001290,0x000200f8,0x00001290,
	0x000700f5,0x00000006,0x00001378,0x00001274,0x0000126d,0x00001379,0x0000128f,0x00050041,
	0x0000042d,0x00001239,0x0000042b,0x0000042c,0x0004003d,0x00000006,0x0000123a,0x00001239,
	0x000500c2,0x00000006,0x0000123b,0x0000123a,0x000000aa,0x000500c7,0x00000006,0x0000123c,
	0x0000123b,0x000000aa,0x000500aa,0x000000d3,0x0000123e,0x0000123c,0x0000008d,0x000300f7,
	0x00001252,0x00000000,0x000400fa,0x0000123e,0x0000123f,0x00001249,0x000200f8,0x00001249,
	0x000500aa,0x000000d3,0x0000124b,0x0000123c,0x00000176,0x000300f7,0x00001251,0x00000000,
	0x000400fa,0x0000124b,0x0000124c,0x00001251,0x000200f8,0x0000124c,0x000500c2,0x00000006,
	0x0000124e,0x00001378,0x00000172,0x000500c7,0x00000006,0x00001298,0x0000124e,0x000000c7,
	0x000500c7,0x00000006,0x0000129a,0x0000124e,0x000000cc,0x000500c2,0x00000006,0x0000129c,
	0x00001298,0x000000d0,0x000500aa,0x000000d3,0x0000129e,0x0000129c,0x00000090,0x000500ab,
	0x000000d3,0x000012a0,0x0000129a,0x00000090,0x000500a7,0x000000d3,0x000012a1,0x0000129e,
	0x000012a0,0x000300f7,0x000012af,0x00000000,0x000400fa,0x000012a1,0x000012a2,0x000012af,
	0x000200f8,0x000012a2,0x0006000c,0x00000006,0x000012a4,0x00000001,0x0000004b,0x0000129a,
	0x00050082,0x00000006,0x000012a6,0x000000d0,0x000012a4,0x0004007c,0x0000005a,0x000012a8,
	0x000012a6,0x00050082,0x0000005a,0x000012a9,0x000000e0,0x000012a8,0x0004007c,0x00000006,
	0x000012aa,0x000012a9,0x000500c4,0x00000006,0x000012ad,0x0000129a,0x000012a6,0x000500c7,
	0x00000006,0x000012ae,0x000012ad,0x000000cc,0x000200f9,0x000012af,0x000200f8,0x000012af,
	0x000700f5,0x00000006,0x0000137c,0x0000129a,0x0000124c,0x000012ae,0x000012a2,0x000700f5,
	0x00000006,0x0000137b,0x0000129c,0x0000124c,0x000012aa,0x000012a2,0x000500ab,0x000000d3,
	0x000012b1,0x00001298,0x00000090,0x00050080,0x00000006,0x000012b3,0x0000137b,0x000000ec,
	0x000500c4,0x00000006,0x000012b4,0x000012b3,0x000000bb,0x000500c4,0x00000006,0x000012b6,
	0x0000137c,0x000000aa,0x000500c5,0x00000006,0x000012b7,0x000012b4,0x000012b6,0x0004007c,
	0x00000025,0x000012b8,0x000012b7,0x000600a9,0x00000025,0x000012b9,0x000012b1,0x000012b8,
	0x000000f3,0x0004007c,0x00000006,0x00001250,0x000012b9,0x000200f9,0x00001251,0x000200f8,
	0x00001251,0x000700f5,0x00000006,0x0000137e,0x00001378,0x00001249,0x00001250,0x000012af,
	0x000200f9,0x00001252,0x000200f8,0x0000123f,0x000500c2,0x00000006,0x00001241,0x00001378,
	0x00000172,0x000500c2,0x00000006,0x00001244,0x00001241,0x000000bb,0x00050080,0x00000006,
	0x00001245,0x00001241,0x00001244,0x00040070,0x00000025,0x00001246,0x00001245,0x00050085,
	0x00000025,0x00001247,0x00001246,0x00000446,0x0004007c,0x00000006,0x00001248,0x00001247,
	0x000200f9,0x00001252,0x000200f8,0x00001252,0x000700f5,0x00000006,0x0000137d,0x00001248,
	0x0000123f,0x0000137e,0x00001251,0x0004003d,0x00000454,0x00001253,0x00000456,0x00040068,
	0x00000007,0x00001254,0x00001253,0x0003003e,0x0000122b,0x00001254,0x00050041,0x00000009,
	0x00001255,0x0000122b,0x00000090,0x0004003d,0x00000006,0x00001256,0x00001255,0x00050041,
	0x00000009,0x00001257,0x0000122c,0x00000090,0x0003003e,0x00001257,0x00001256,0x00050041,
	0x00000009,0x00001258,0x0000122b,0x0000008d,0x0004003d,0x00000006,0x00001259,0x00001258,
	0x00050041,0x00000009,0x0000125a,0x0000122c,0x0000008d,0x0003003e,0x0000125a,0x00001259,
	0x00050041,0x0000042d,0x0000125c,0x0000042b,0x000003aa,0x0004003d,0x00000006,0x0000125d,
	0x0000125c,0x00050050,0x00000007,0x0000125e,0x00000090,0x0000125d,0x00050080,0x00000007,
	0x0000125f,0x00000678,0x0000125e,0x0004003d,0x00000007,0x00001261,0x0000122c,0x000500b0,
	0x00000361,0x00001262,0x0000125f,0x00001261,0x0004009b,0x000000d3,0x00001263,0x00001262,
	0x000300f7,0x00001268,0x00000000,0x000400fa,0x00001263,0x00001264,0x00001268,0x000200f8,
	0x00001264,0x0004003d,0x00000454,0x00001265,0x00000456,0x00040063,0x00001265,0x0000125f,
	0x0000137d,0x000200f9,0x00001268,0x000200f8,0x00001268,0x000200f9,0x00000758,0x000200f8,
	0x00000758,0x000200f9,0x00000759,0x000200f8,0x00000713,0x0004003d,0x0000003a,0x00000714,
	0x0000063a,0x0003003e,0x00000649,0x00000714,0x000200f9,0x0000105b,0x000200f8,0x0000105b,
	0x000200f9,0x00001071,0x000200f8,0x00001071,0x00050041,0x0000002a,0x00001072,0x00000649,
	0x00000090,0x0004003d,0x00000025,0x00001073,0x00001072,0x0008000c,0x00000025,0x000010c3,
	0x00000001,0x0000002b,0x00001073,0x000000f3,0x00000157,0x00050085,0x00000025,0x000010c5,
	0x000010c3,0x00000185,0x00050081,0x00000025,0x000010c6,0x000010c5,0x0000015b,0x0004006d,
	0x00000006,0x000010c7,0x000010c6,0x00050041,0x0000002a,0x00001075,0x00000649,0x0000008d,
	0x0004003d,0x00000025,0x00001076,0x00001075,0x0008000c,0x00000025,0x000010cb,0x00000001,
	0x0000002b,0x00001076,0x000000f3,0x00000157,0x00050085,0x00000025,0x000010cd,0x000010cb,
	0x00000185,0x00050081,0x00000025,0x000010ce,0x000010cd,0x0000015b,0x0004006d,0x00000006,
	0x000010cf,0x000010ce,0x000500c4,0x00000006,0x00001078,0x000010cf,0x00000190,0x000500c5,
	0x00000006,0x00001079,0x000010c7,0x00001078,0x00050041,0x0000002a,0x0000107a,0x00000649,
	0x00000176,0x0004003d,0x00000025,0x0000107b,0x0000107a,0x0008000c,0x00000025,0x000010d3,
	0x00000001,0x0000002b,0x0000107b,0x000000f3,0x00000157,0x00050085,0x00000025,0x000010d5,
	0x000010d3,0x00000185,0x00050081,0x00000025,0x000010d6,0x000010d5,0x0000015b,0x0004006d,
	0x00000006,0x000010d7,0x000010d6,0x000500c4,0x00000006,0x0000107d,0x000010d7,0x000000d0,
	0x000500c5,0x00000006,0x0000107e,0x00001079,0x0000107d,0x00050041,0x0000002a,0x0000107f,
	0x00000649,0x000000aa,0x0004003d,0x00000025,0x00001080,0x0000107f,0x0008000c,0x00000025,
	0x000010db,0x00000001,0x0000002b,0x00001080,0x000000f3,0x00000157,0x00050085,0x00000025,
	0x000010dd,0x000010db,0x0000019a,0x00050081,0x00000025,0x000010de,0x000010dd,0x0000015b,
	0x0004006d,0x00000006,0x000010df,0x000010de,0x000500c4,0x00000006,0x00001082,0x000010df,
	0x000001a0,0x000500c5,0x00000006,0x00001083,0x0000107e,0x00001082,0x000200f9,0x0000109b,
	0x000200f8,0x0000109b,0x000200f9,0x0000109e,0x000200f8,0x0000109e,0x000500aa,0x000000d3,
	0x0000113f,0x00000699,0x0000008d,0x000300f7,0x00001163,0x00000000,0x000400fa,0x0000113f,
	0x00001140,0x00001148,0x000200f8,0x00001148,0x000500aa,0x000000d3,0x0000114a,0x00000699,
	0x00000176,0x000300f7,0x00001162,0x00000000,0x000400fa,0x0000114a,0x0000114b,0x00001158,
	0x000200f8,0x00001158,0x000500aa,0x000000d3,0x0000115a,0x00000699,0x000000aa,0x000300f7,
	0x00001161,0x00000000,0x000400fa,0x0000115a,0x0000115b,0x00001161,0x000200f8,0x0000115b,
	0x000500c4,0x00000006,0x0000115d,0x00001083,0x00000114,0x000500c2,0x00000006,0x0000115f,
	0x00001083,0x00000114,0x000500c5,0x00000006,0x00001160,0x0000115d,0x0000115f,0x000200f9,
	0x00001161,0x000200f8,0x00001161,0x000700f5,0x00000006,0x00001384,0x00001083,0x00001158,
	0x00001160,0x0000115b,0x000200f9,0x00001162,0x000200f8,0x0000114b,0x000500c7,0x00000006,
	0x0000114d,0x00001083,0x000003f6,0x000500c4,0x00000006,0x0000114e,0x0000114d,0x00000172,
	0x000500c7,0x00000006,0x00001150,0x00001083,0x000003fa,0x000500c2,0x00000006,0x00001151,
	0x00001150,0x00000172,0x000500c5,0x00000006,0x00001152,0x0000114e,0x00001151,0x000500c4,
	0x00000006,0x00001154,0x00001152,0x00000114,0x000500c2,0x00000006,0x00001156,0x00001152,
	0x00000114,0x000500c5,0x00000006,0x00001157,0x00001154,0x00001156,0x000200f9,0x00001162,
	0x000200f8,0x00001162,0x000700f5,0x00000006,0x00001383,0x00001157,0x0000114b,0x00001384,
	0x00001161,0x000200f9,0x00001163,0x000200f8,0x00001140,0x000500c7,0x00000006,0x00001142,
	0x00001083,0x000003f6,0x000500c4,0x00000006,0x00001143,0x00001142,0x00000172,0x000500c7,
	0x00000006,0x00001145,0x00001083,0x000003fa,0x000500c2,0x00000006,0x00001146,0x00001145,
	0x00000172,0x000500c5,0x00000006,0x00001147,0x00001143,0x00001146,0x000200f9,0x00001163,
	0x000200f8,0x00001163,0x000700f5,0x00000006,0x00001382,0x00001147,0x00001140,0x00001383,
	0x00001162,0x000500c2,0x0000005a,0x00001171,0x00001365,0x00000386,0x00060041,0x00000426,
	0x00001174,0x00000422,0x00000423,0x00001171,0x0003003e,0x00001174,0x00001382,0x00050041,
	0x0000042d,0x00001175,0x0000042b,0x0000042c,0x0004003d,0x00000006,0x00001176,0x00001175,
	0x000500c7,0x00000006,0x00001177,0x00001176,0x00000125,0x000500aa,0x000000d3,0x000011ad,
	0x00001177,0x0000008d,0x000300f7,0x000011d1,0x00000000,0x000400fa,0x000011ad,0x000011ae,
	0x000011b6,0x000200f8,0x000011b6,0x000500aa,0x000000d3,0x000011b8,0x00001177,0x00000176,
	0x000300f7,0x000011d0,0x00000000,0x000400fa,0x000011b8,0x000011b9,0x000011c6,0x000200f8,
	0x000011c6,0x000500aa,0x000000d3,0x000011c8,0x00001177,0x000000aa,0x000300f7,0x000011cf,
	0x00000000,0x000400fa,0x000011c8,0x000011c9,0x000011cf,0x000200f8,0x000011c9,0x000500c4,
	0x00000006,0x000011cb,0x00001382,0x00000114,0x000500c2,0x00000006,0x000011cd,0x00001382,
	0x00000114,0x000500c5,0x00000006,0x000011ce,0x000011cb,0x000011cd,0x000200f9,0x000011cf,
	0x000200f8,0x000011cf,0x000700f5,0x00000006,0x0000138f,0x00001382,0x000011c6,0x000011ce,
	0x000011c9,0x000200f9,0x000011d0,0x000200f8,0x000011b9,0x000500c7,0x00000006,0x000011bb,
	0x00001382,0x000003f6,0x000500c4,0x00000006,0x000011bc,0x000011bb,0x00000172,0x000500c7,
	0x00000006,0x000011be,0x00001382,0x000003fa,0x000500c2,0x00000006,0x000011bf,0x000011be,
	0x00000172,0x000500c5,0x00000006,0x000011c0,0x000011bc,0x000011bf,0x000500c4,0x00000006,
	0x000011c2,0x000011c0,0x00000114,0x000500c2,0x00000006,0x000011c4,0x000011c0,0x00000114,
	0x000500c5,0x00000006,0x000011c5,0x000011c2,0x000011c4,0x000200f9,0x000011d0,0x000200f8,
	0x000011d0,0x000700f5,0x00000006,0x0000138e,0x000011c5,0x000011b9,0x0000138f,0x000011cf,
	0x000200f9,0x000011d1,0x000200f8,0x000011ae,0x000500c7,0x00000006,0x000011b0,0x00001382,
	0x000003f6,0x000500c4,0x00000006,0x000011b1,0x000011b0,0x00000172,0x000500c7,0x00000006,
	0x000011b3,0x00001382,0x000003fa,0x000500c2,0x00000006,0x000011b4,0x000011b3,0x00000172,
	0x000500c5,0x00000006,0x000011b5,0x000011b1,0x000011b4,0x000200f9,0x000011d1,0x000200f8,
	0x000011d1,0x000700f5,0x00000006,0x0000138d,0x000011b5,0x000011ae,0x0000138e,0x000011d0,
	0x00050041,0x0000042d,0x0000117a,0x0000042b,0x0000042c,0x0004003d,0x00000006,0x0000117b,
	0x0000117a,0x000500c2,0x00000006,0x0000117c,0x0000117b,0x000000aa,0x000500c7,0x00000006,
	0x0000117d,0x0000117c,0x000000aa,0x000500aa,0x000000d3,0x0000117f,0x0000117d,0x0000008d,
	0x000300f7,0x00001193,0x00000000,0x000400fa,0x0000117f,0x00001180,0x0000118a,0x000200f8,
	0x0000118a,0x000500aa,0x000000d3,0x0000118c,0x0000117d,0x00000176,0x000300f7,0x00001192,
	0x00000000,0x000400fa,0x0000118c,0x0000118d,0x00001192,0x000200f8,0x0000118d,0x000500c2,
	0x00000006,0x0000118f,0x0000138d,0x00000172,0x000500c7,0x00000006,0x000011d9,0x0000118f,
	0x000000c7,0x000500c7,0x00000006,0x000011db,0x0000118f,0x000000cc,0x000500c2,0x00000006,
	0x000011dd,0x000011d9,0x000000d0,0x000500aa,0x000000d3,0x000011df,0x000011dd,0x00000090,
	0x000500ab,0x000000d3,0x000011e1,0x000011db,0x00000090,0x000500a7,0x000000d3,0x000011e2,
	0x000011df,0x000011e1,0x000300f7,0x000011f0,0x00000000,0x000400fa,0x000011e2,0x000011e3,
	0x000011f0,0x000200f8,0x000011e3,0x0006000c,0x00000006,0x000011e5,0x00000001,0x0000004b,
	0x000011db,0x00050082,0x00000006,0x000011e7,0x000000d0,0x000011e5,0x0004007c,0x0000005a,
	0x000011e9,0x000011e7,0x00050082,0x0000005a,0x000011ea,0x000000e0,0x000011e9,0x0004007c,
	0x00000006,0x000011eb,0x000011ea,0x000500c4,0x00000006,0x000011ee,0x000011db,0x000011e7,
	0x000500c7,0x00000006,0x000011ef,0x000011ee,0x000000cc,0x000200f9,0x000011f0,0x000200f8,
	0x000011f0,0x000700f5,0x00000006,0x00001391,0x000011db,0x0000118d,0x000011ef,0x000011e3,
	0x000700f5,0x00000006,0x00001390,0x000011dd,0x0000118d,0x000011eb,0x000011e3,0x000500ab,
	0x000000d3,0x000011f2,0x000011d9,0x00000090,0x00050080,0x00000006,0x000011f4,0x00001390,
	0x000000ec,0x000500c4,0x00000006,0x000011f5,0x000011f4,0x000000bb,0x000500c4,0x00000006,
	0x000011f7,0x00001391,0x000000aa,0x000500c5,0x00000006,0x000011f8,0x000011f5,0x000011f7,
	0x0004007c,0x00000025,0x000011f9,0x000011f8,0x000600a9,0x00000025,0x000011fa,0x000011f2,
	0x000011f9,0x000000f3,0x0004007c,0x00000006,0x00001191,0x000011fa,0x000200f9,0x00001192,
	0x000200f8,0x00001192,0x000700f5,0x00000006,0x00001393,0x0000138d,0x0000118a,0x00001191,
	0x000011f0,0x000200f9,0x00001193,0x000200f8,0x00001180,0x000500c2,0x00000006,0x00001182,
	0x0000138d,0x00000172,0x000500c2,0x00000006,0x00001185,0x00001182,0x000000bb,0x00050080,
	0x00000006,0x00001186,0x00001182,0x00001185,0x00040070,0x00000025,0x00001187,0x00001186,
	0x00050085,0x00000025,0x00001188,0x00001187,0x00000446,0x0004007c,0x00000006,0x00001189,
	0x00001188,0x000200f9,0x00001193,0x000200f8,0x00001193,0x000700f5,0x00000006,0x00001392,
	0x00001189,0x00001180,0x00001393,0x00001192,0x0004003d,0x00000454,0x00001194,0x00000456,
	0x00040068,0x00000007,0x00001195,0x00001194,0x0003003e,0x0000116c,0x00001195,0x00050041,
	0x00000009,0x00001196,0x0000116c,0x00000090,0x0004003d,0x00000006,0x00001197,0x00001196,
	0x00050041,0x00000009,0x00001198,0x0000116d,0x00000090,0x0003003e,0x00001198,0x00001197,
	0x00050041,0x00000009,0x00001199,0x0000116c,0x0000008d,0x0004003d,0x00000006,0x0000119a,
	0x00001199,0x00050041,0x00000009,0x0000119b,0x0000116d,0x0000008d,0x0003003e,0x0000119b,
	0x0000119a,0x00050041,0x0000042d,0x0000119d,0x0000042b,0x000003aa,0x0004003d,0x00000006,
	0x0000119e,0x0000119d,0x00050050,0x00000007,0x0000119f,0x00000090,0x0000119e,0x00050080,
	0x00000007,0x000011a0,0x00000678,0x0000119f,0x0004003d,0x00000007,0x000011a2,0x0000116d,
	0x000500b0,0x00000361,0x000011a3,0x000011a0,0x000011a2,0x0004009b,0x000000d3,0x000011a4,
	0x000011a3,0x000300f7,0x000011a9,0x00000000,0x000400fa,0x000011a4,0x000011a5,0x000011a9,
	0x000200f8,0x000011a5,0x0004003d,0x00000454,0x000011a6,0x00000456,0x00040063,0x000011a6,
	0x000011a0,0x00001392,0x000200f9,0x000011a9,0x000200f8,0x000011a9,0x000200f9,0x00000759,
	0x000200f8,0x00000759,0x000200f9,0x0000075a,0x000200f8,0x00000708,0x0004003d,0x0000003a,
	0x00000709,0x0000063a,0x0003003e,0x00000642,0x00000709,0x000200f9,0x00000ea2,0x000200f8,
	0x00000ea2,0x000200f9,0x00000ea5,0x000200f8,0x00000ea5,0x00050041,0x0000002a,0x00000ea6,
	0x00000642,0x00000090,0x0004003d,0x00000025,0x00000ea7,0x00000ea6,0x0008000c,0x00000025,
	0x00000eea,0x00000001,0x0000002b,0x00000ea7,0x000000f3,0x00000157,0x00050085,0x00000025,
	0x00000eec,0x00000eea,0x00000167,0x00050081,0x00000025,0x00000eed,0x00000eec,0x0000015b,
	0x0004006d,0x00000006,0x00000eee,0x00000eed,0x00050041,0x0000002a,0x00000ea9,0x00000642,
	0x0000008d,0x0004003d,0x00000025,0x00000eaa,0x00000ea9,0x0008000c,0x00000025,0x00000ef2,
	0x00000001,0x0000002b,0x00000eaa,0x000000f3,0x00000157,0x00050085,0x00000025,0x00000ef4,
	0x00000ef2,0x00000167,0x00050081,0x00000025,0x00000ef5,0x00000ef4,0x0000015b,0x0004006d,
	0x00000006,0x00000ef6,0x00000ef5,0x000500c4,0x00000006,0x00000eac,0x00000ef6,0x00000172,
	0x000500c5,0x00000006,0x00000ead,0x00000eee,0x00000eac,0x00050041,0x0000002a,0x00000eae,
	0x00000642,0x00000176,0x0004003d,0x00000025,0x00000eaf,0x00000eae,0x0008000c,0x00000025,
	0x00000efa,0x00000001,0x0000002b,0x00000eaf,0x000000f3,0x00000157,0x00050085,0x00000025,
	0x00000efc,0x00000efa,0x00000167,0x00050081,0x00000025,0x00000efd,0x00000efc,0x0000015b,
	0x0004006d,0x00000006,0x00000efe,0x00000efd,0x000500c4,0x00000006,0x00000eb1,0x00000efe,
	0x00000114,0x000500c5,0x00000006,0x00000eb2,0x00000ead,0x00000eb1,0x00050041,0x0000002a,
	0x00000eb3,0x00000642,0x000000aa,0x0004003d,0x00000025,0x00000eb4,0x00000eb3,0x0008000c,
	0x00000025,0x00000f02,0x00000001,0x0000002b,0x00000eb4,0x000000f3,0x00000157,0x00050085,
	0x00000025,0x00000f04,0x00000f02,0x00000167,0x00050081,0x00000025,0x00000f05,0x00000f04,
	0x0000015b,0x0004006d,0x00000006,0x00000f06,0x00000f05,0x000500c4,0x00000006,0x00000eb6,
	0x00000f06,0x00000109,0x000500c5,0x00000006,0x00000eb7,0x00000eb2,0x00000eb6,0x000200f9,
	0x00000ee2,0x000200f8,0x00000ee2,0x000200f9,0x00000ee5,0x000200f8,0x00000ee5,0x000500aa,
	0x000000d3,0x00000f86,0x00000699,0x0000008d,0x000300f7,0x00000faa,0x00000000,0x000400fa,
	0x00000f86,0x00000f87,0x00000f8f,0x000200f8,0x00000f8f,0x000500aa,0x000000d3,0x00000f91,
	0x00000699,0x00000176,0x000300f7,0x00000fa9,0x00000000,0x000400fa,0x00000f91,0x00000f92,
	0x00000f9f,0x000200f8,0x00000f9f,0x000500aa,0x000000d3,0x00000fa1,0x00000699,0x000000aa,
	0x000300f7,0x00000fa8,0x00000000,0x000400fa,0x00000fa1,0x00000fa2,0x00000fa8,0x000200f8,
	0x00000fa2,0x000500c4,0x00000006,0x00000fa4,0x00000eb7,0x00000114,0x000500c2,0x00000006,
	0x00000fa6,0x00000eb7,0x00000114,0x000500c5,0x00000006,0x00000fa7,0x00000fa4,0x00000fa6,
	0x000200f9,0x00000fa8,0x000200f8,0x00000fa8,0x000700f5,0x00000006,0x00001399,0x00000eb7,
	0x00000f9f,0x00000fa7,0x00000fa2,0x000200f9,0x00000fa9,0x000200f8,0x00000f92,0x000500c7,
	0x00000006,0x00000f94,0x00000eb7,0x000003f6,0x000500c4,0x00000006,0x00000f95,0x00000f94,
	0x00000172,0x000500c7,0x00000006,0x00000f97,0x00000eb7,0x000003fa,0x000500c2,0x00000006,
	0x00000f98,0x00000f97,0x00000172,0x000500c5,0x00000006,0x00000f99,0x00000f95,0x00000f98,
	0x000500c4,0x00000006,0x00000f9b,0x00000f99,0x00000114,0x000500c2,0x00000006,0x00000f9d,
	0x00000f99,0x00000114,0x000500c5,0x00000006,0x00000f9e,0x00000f9b,0x00000f9d,0x000200f9,
	0x00000fa9,0x000200f8,0x00000fa9,0x000700f5,0x00000006,0x00001398,0x00000f9e,0x00000f92,
	0x00001399,0x00000fa8,0x000200f9,0x00000faa,0x000200f8,0x00000f87,0x000500c7,0x00000006,
	0x00000f89,0x00000eb7,0x000003f6,0x000500c4,0x00000006,0x00000f8a,0x00000f89,0x00000172,
	0x000500c7,0x00000006,0x00000f8c,0x00000eb7,0x000003fa,0x000500c2,0x00000006,0x00000f8d,
	0x00000f8c,0x00000172,0x000500c5,0x00000006,0x00000f8e,0x00000f8a,0x00000f8d,0x000200f9,
	0x00000faa,0x000200f8,0x00000faa,0x000700f5,0x00000006,0x00001397,0x00000f8e,0x00000f87,
	0x00001398,0x00000fa9,0x000500c2,0x0000005a,0x00000fb8,0x00001365,0x00000386,0x00060041,
	0x00000426,0x00000fbb,0x00000422,0x00000423,0x00000fb8,0x0003003e,0x00000fbb,0x00001397,
	0x00050041,0x0000042d,0x00000fbc,0x0000042b,0x0000042c,0x0004003d,0x00000006,0x00000fbd,
	0x00000fbc,0x000500c7,0x00000006,0x00000fbe,0x00000fbd,0x00000125,0x000500aa,0x000000d3,
	0x00000ff4,0x00000fbe,0x0000008d,0x000300f7,0x00001018,0x00000000,0x000400fa,0x00000ff4,
	0x00000ff5,0x00000ffd,0x000200f8,0x00000ffd,0x000500aa,0x000000d3,0x00000fff,0x00000fbe,
	0x00000176,0x000300f7,0x00001017,0x00000000,0x000400fa,0x00000fff,0x00001000,0x0000100d,
	0x000200f8,0x0000100d,0x000500aa,0x000000d3,0x0000100f,0x00000fbe,0x000000aa,0x000300f7,
	0x00001016,0x00000000,0x000400fa,0x0000100f,0x00001010,0x00001016,0x000200f8,0x00001010,
	0x000500c4,0x00000006,0x00001012,0x00001397,0x00000114,0x000500c2,0x00000006,0x00001014,
	0x00001397,0x00000114,0x000500c5,0x00000006,0x00001015,0x00001012,0x00001014,0x000200f9,
	0x00001016,0x000200f8,0x00001016,0x000700f5,0x00000006,0x000013a4,0x00001397,0x0000100d,
	0x00001015,0x00001010,0x000200f9,0x00001017,0x000200f8,0x00001000,0x000500c7,0x00000006,
	0x00001002,0x00001397,0x000003f6,0x000500c4,0x00000006,0x00001003,0x00001002,0x00000172,
	0x000500c7,0x00000006,0x00001005,0x00001397,0x000003fa,0x000500c2,0x00000006,0x00001006,
	0x00001005,0x00000172,0x000500c5,0x00000006,0x00001007,0x00001003,0x00001006,0x000500c4,
	0x00000006,0x00001009,0x00001007,0x00000114,0x000500c2,0x00000006,0x0000100b,0x00001007,
	0x00000114,0x000500c5,0x00000006,0x0000100c,0x00001009,0x0000100b,0x000200f9,0x00001017,
	0x000200f8,0x00001017,0x000700f5,0x00000006,0x000013a3,0x0000100c,0x00001000,0x000013a4,
	0x00001016,0x000200f9,0x00001018,0x000200f8,0x00000ff5,0x000500c7,0x00000006,0x00000ff7,
	0x00001397,0x000003f6,0x000500c4,0x00000006,0x00000ff8,0x00000ff7,0x00000172,0x000500c7,
	0x00000006,0x00000ffa,0x00001397,0x000003fa,0x000500c2,0x00000006,0x00000ffb,0x00000ffa,
	0x00000172,0x000500c5,0x00000006,0x00000ffc,0x00000ff8,0x00000ffb,0x000200f9,0x00001018,
	0x000200f8,0x00001018,0x000700f5,0x00000006,0x000013a2,0x00000ffc,0x00000ff5,0x000013a3,
	0x00001017,0x00050041,0x0000042d,0x00000fc1,0x0000042b,0x0000042c,0x0004003d,0x00000006,
	0x00000fc2,0x00000fc1,0x000500c2,0x00000006,0x00000fc3,0x00000fc2,0x000000aa,0x000500c7,
	0x00000006,0x00000fc4,0x00000fc3,0x000000aa,0x000500aa,0x000000d3,0x00000fc6,0x00000fc4,
	0x0000008d,0x000300f7,0x00000fda,0x00000000,0x000400fa,0x00000fc6,0x00000fc7,0x00000fd1,
	0x000200f8,0x00000fd1,0x000500aa,0x000000d3,0x00000fd3,0x00000fc4,0x00000176,0x000300f7,
	0x00000fd9,0x00000000,0x000400fa,0x00000fd3,0x00000fd4,0x00000fd9,0x000200f8,0x00000fd4,
	0x000500c2,0x00000006,0x00000fd6,0x000013a2,0x00000172,0x000500c7,0x00000006,0x00001020,
	0x00000fd6,0x000000c7,0x000500c7,0x00000006,0x00001022,0x00000fd6,0x000000cc,0x000500c2,
	0x00000006,0x00001024,0x00001020,0x000000d0,0x000500aa,0x000000d3,0x00001026,0x00001024,
	0x00000090,0x000500ab,0x000000d3,0x00001028,0x00001022,0x00000090,0x000500a7,0x000000d3,
	0x00001029,0x00001026,0x00001028,0x000300f7,0x00001037,0x00000000,0x000400fa,0x00001029,
	0x0000102a,0x00001037,0x000200f8,0x0000102a,0x0006000c,0x00000006,0x0000102c,0x00000001,
	0x0000004b,0x00001022,0x00050082,0x00000006,0x0000102e,0x000000d0,0x0000102c,0x0004007c,
	0x0000005a,0x00001030,0x0000102e,0x00050082,0x0000005a,0x00001031,0x000000e0,0x00001030,
	0x0004007c,0x00000006,0x00001032,0x00001031,0x000500c4,0x00000006,0x00001035,0x00001022,
	0x0000102e,0x000500c7,0x00000006,0x00001036,0x00001035,0x000000cc,0x000200f9,0x00001037,
	0x000200f8,0x00001037,0x000700f5,0x00000006,0x000013a6,0x00001022,0x00000fd4,0x00001036,
	0x0000102a,0x000700f5,0x00000006,0x000013a5,0x00001024,0x00000fd4,0x00001032,0x0000102a,
	0x000500ab,0x000000d3,0x00001039,0x00001020,0x00000090,0x00050080,0x00000006,0x0000103b,
	0x000013a5,0x000000ec,0x000500c4,0x00000006,0x0000103c,0x0000103b,0x000000bb,0x000500c4,
	0x00000006,0x0000103e,0x000013a6,0x000000aa,0x000500c5,0x00000006,0x0000103f,0x0000103c,
	0x0000103e,0x0004007c,0x00000025,0x00001040,0x0000103f,0x000600a9,0x00000025,0x00001041,
	0x00001039,0x00001040,0x000000f3,0x0004007c,0x00000006,0x00000fd8,0x00001041,0x000200f9,
	0x00000fd9,0x000200f8,0x00000fd9,0x000700f5,0x00000006,0x000013a8,0x000013a2,0x00000fd1,
	0x00000fd8,0x00001037,0x000200f9,0x00000fda,0x000200f8,0x00000fc7,0x000500c2,0x00000006,
	0x00000fc9,0x000013a2,0x00000172,0x000500c2,0x00000006,0x00000fcc,0x00000fc9,0x000000bb,
	0x00050080,0x00000006,0x00000fcd,0x00000fc9,0x00000fcc,0x00040070,0x00000025,0x00000fce,
	0x00000fcd,0x00050085,0x00000025,0x00000fcf,0x00000fce,0x00000446,0x0004007c,0x00000006,
	0x00000fd0,0x00000fcf,0x000200f9,0x00000fda,0x000200f8,0x00000fda,0x000700f5,0x00000006,
	0x000013a7,0x00000fd0,0x00000fc7,0x000013a8,0x00000fd9,0x0004003d,0x00000454,0x00000fdb,
	0x00000456,0x00040068,0x00000007,0x00000fdc,0x00000fdb,0x0003003e,0x00000fb3,0x00000fdc,
	0x00050041,0x00000009,0x00000fdd,0x00000fb3,0x00000090,0x0004003d,0x00000006,0x00000fde,
	0x00000fdd,0x00050041,0x00000009,0x00000fdf,0x00000fb4,0x00000090,0x0003003e,0x00000fdf,
	0x00000fde,0x00050041,0x00000009,0x00000fe0,0x00000fb3,0x0000008d,0x0004003d,0x00000006,
	0x00000fe1,0x00000fe0,0x00050041,0x00000009,0x00000fe2,0x00000fb4,0x0000008d,0x0003003e,
	0x00000fe2,0x00000fe1,0x00050041,0x0000042d,0x00000fe4,0x0000042b,0x000003aa,0x0004003d,
	0x00000006,0x00000fe5,0x00000fe4,0x00050050,0x00000007,0x00000fe6,0x00000090,0x00000fe5,
	0x00050080,0x00000007,0x00000fe7,0x00000678,0x00000fe6,0x0004003d,0x00000007,0x00000fe9,
	0x00000fb4,0x000500b0,0x00000361,0x00000fea,0x00000fe7,0x00000fe9,0x0004009b,0x000000d3,
	0x00000feb,0x00000fea,0x000300f7,0x00000ff0,0x00000000,0x000400fa,0x00000feb,0x00000fec,
	0x00000ff0,0x000200f8,0x00000fec,0x0004003d,0x00000454,0x00000fed,0x00000456,0x00040063,
	0x00000fed,0x00000fe7,0x000013a7,0x000200f9,0x00000ff0,0x000200f8,0x00000ff0,0x000200f9,
	0x0000075a,0x000200f8,0x0000075a,0x000200f9,0x0000075b,0x000200f8,0x0000075b,0x000100fd,
	0x00010038
};
